event_id,session_id,event_type,product_id,event_time,item_price
1,sess_000001,PRODUCT_VIEW,15,2026-08-07 17:06:04,6095.52
2,sess_000001,ADD_TO_CART,15,2026-08-07 17:06:24,6095.52
3,sess_000001,PRODUCT_VIEW,35,2026-08-07 17:07:42,33955.92
4,sess_000001,ADD_TO_CART,35,2026-08-07 17:08:28,33955.92
5,sess_000001,PRODUCT_VIEW,19,2026-08-07 17:09:51,20611.38
6,sess_000001,ADD_TO_CART,19,2026-08-07 17:10:36,20611.38
7,sess_000002,PRODUCT_VIEW,7,2026-07-12 23:12:04,23088.42
8,sess_000002,ADD_TO_CART,7,2026-07-12 23:12:29,23088.42
9,sess_000002,PRODUCT_VIEW,48,2026-07-12 23:13:27,34207.92
10,sess_000002,ADD_TO_CART,48,2026-07-12 23:13:39,34207.92
11,sess_000002,PRODUCT_VIEW,42,2026-07-12 23:14:56,1353.46
12,sess_000002,ADD_TO_CART,42,2026-07-12 23:15:22,1353.46
13,sess_000002,PRODUCT_VIEW,49,2026-07-12 23:16:26,30515.02
14,sess_000002,ADD_TO_CART,49,2026-07-12 23:16:41,30515.02
15,sess_000002,CHECKOUT_START,7,2026-07-12 23:17:57,89164.81999999999
16,sess_000002,PAYMENT_FAILURE,7,2026-07-12 23:19:22,89164.81999999999
17,sess_000002,PAYMENT_FAILURE,7,2026-07-12 23:19:59,89164.81999999999
18,sess_000003,PRODUCT_VIEW,14,2026-07-16 03:48:04,21714.55
19,sess_000003,ADD_TO_CART,14,2026-07-16 03:48:50,21714.55
20,sess_000003,PRODUCT_VIEW,4,2026-07-16 03:49:54,12764.76
21,sess_000003,ADD_TO_CART,4,2026-07-16 03:50:38,12764.76
22,sess_000003,CHECKOUT_START,14,2026-07-16 03:51:33,34479.31
23,sess_000004,PRODUCT_VIEW,49,2026-07-20 15:30:04,30515.02
24,sess_000004,ADD_TO_CART,49,2026-07-20 15:30:17,30515.02
25,sess_000004,PRODUCT_VIEW,27,2026-07-20 15:31:12,34536.05
26,sess_000004,ADD_TO_CART,27,2026-07-20 15:32:03,34536.05
27,sess_000004,CHECKOUT_START,49,2026-07-20 15:32:39,65051.07000000001
28,sess_000005,PRODUCT_VIEW,37,2026-07-31 01:33:04,30424.4
29,sess_000005,ADD_TO_CART,37,2026-07-31 01:33:31,30424.4
30,sess_000005,PRODUCT_VIEW,41,2026-07-31 01:35:11,30450.87
31,sess_000005,ADD_TO_CART,41,2026-07-31 01:35:47,30450.87
32,sess_000006,PRODUCT_VIEW,38,2026-07-09 12:02:04,24333.81
33,sess_000006,ADD_TO_CART,38,2026-07-09 12:03:00,24333.81
34,sess_000006,PRODUCT_VIEW,1,2026-07-09 12:03:31,29947.02
35,sess_000006,ADD_TO_CART,1,2026-07-09 12:04:27,29947.02
36,sess_000006,PRODUCT_VIEW,50,2026-07-09 12:05:45,19975.03
37,sess_000006,ADD_TO_CART,50,2026-07-09 12:06:35,19975.03
38,sess_000007,PRODUCT_VIEW,22,2026-08-01 07:44:04,18731.11
39,sess_000007,ADD_TO_CART,22,2026-08-01 07:44:22,18731.11
40,sess_000007,PRODUCT_VIEW,36,2026-08-01 07:45:54,23638.97
41,sess_000007,ADD_TO_CART,36,2026-08-01 07:46:35,23638.97
42,sess_000007,PRODUCT_VIEW,37,2026-08-01 07:47:38,30424.4
43,sess_000007,ADD_TO_CART,37,2026-08-01 07:48:31,30424.4
44,sess_000008,PRODUCT_VIEW,45,2026-07-11 19:14:04,13966.49
45,sess_000008,ADD_TO_CART,45,2026-07-11 19:14:55,13966.49
46,sess_000008,PRODUCT_VIEW,9,2026-07-11 19:15:53,33952.76
47,sess_000008,ADD_TO_CART,9,2026-07-11 19:16:13,33952.76
48,sess_000008,CHECKOUT_START,45,2026-07-11 19:17:08,47919.25
49,sess_000008,PAYMENT_FAILURE,45,2026-07-11 19:17:43,47919.25
50,sess_000008,PAYMENT_FAILURE,45,2026-07-11 19:18:54,47919.25
51,sess_000009,PRODUCT_VIEW,28,2026-07-26 03:16:04,470.42
52,sess_000009,ADD_TO_CART,28,2026-07-26 03:16:19,470.42
53,sess_000009,PRODUCT_VIEW,42,2026-07-26 03:16:51,1353.46
54,sess_000009,ADD_TO_CART,42,2026-07-26 03:17:01,1353.46
55,sess_000010,PRODUCT_VIEW,28,2026-07-17 09:26:04,470.42
56,sess_000010,ADD_TO_CART,28,2026-07-17 09:26:58,470.42
57,sess_000010,CHECKOUT_START,28,2026-07-17 09:27:34,470.42
58,sess_000011,PRODUCT_VIEW,20,2026-07-13 21:08:04,7441.9
59,sess_000011,ADD_TO_CART,20,2026-07-13 21:09:03,7441.9
60,sess_000011,PRODUCT_VIEW,9,2026-07-13 21:09:40,33952.76
61,sess_000011,ADD_TO_CART,9,2026-07-13 21:10:31,33952.76
62,sess_000011,PRODUCT_VIEW,25,2026-07-13 21:11:09,11269.93
63,sess_000011,ADD_TO_CART,25,2026-07-13 21:11:23,11269.93
64,sess_000011,CHECKOUT_START,20,2026-07-13 21:12:50,52664.590000000004
65,sess_000012,PRODUCT_VIEW,6,2026-08-01 03:11:04,33938.58
66,sess_000012,ADD_TO_CART,6,2026-08-01 03:11:22,33938.58
67,sess_000012,PRODUCT_VIEW,7,2026-08-01 03:11:57,23088.42
68,sess_000012,ADD_TO_CART,7,2026-08-01 03:12:44,23088.42
69,sess_000012,CHECKOUT_START,6,2026-08-01 03:13:53,57027.0
70,sess_000013,PRODUCT_VIEW,43,2026-07-30 02:37:04,24226.27
71,sess_000013,ADD_TO_CART,43,2026-07-30 02:37:33,24226.27
72,sess_000013,CHECKOUT_START,43,2026-07-30 02:38:19,24226.27
73,sess_000014,PRODUCT_VIEW,32,2026-07-18 22:46:04,5145.04
74,sess_000014,ADD_TO_CART,32,2026-07-18 22:46:52,5145.04
75,sess_000014,PRODUCT_VIEW,41,2026-07-18 22:47:21,30450.87
76,sess_000014,ADD_TO_CART,41,2026-07-18 22:48:04,30450.87
77,sess_000014,CHECKOUT_START,32,2026-07-18 22:48:25,35595.909999999996
78,sess_000014,PAYMENT_FAILURE,32,2026-07-18 22:49:18,35595.909999999996
79,sess_000014,PAYMENT_FAILURE,32,2026-07-18 22:50:47,35595.909999999996
80,sess_000015,PRODUCT_VIEW,1,2026-07-21 01:19:04,29947.02
81,sess_000015,ADD_TO_CART,1,2026-07-21 01:19:30,29947.02
82,sess_000015,CHECKOUT_START,1,2026-07-21 01:20:17,29947.02
83,sess_000015,PAYMENT_FAILURE,1,2026-07-21 01:20:49,29947.02
84,sess_000015,PAYMENT_FAILURE,1,2026-07-21 01:22:18,29947.02
85,sess_000016,PRODUCT_VIEW,6,2026-07-16 10:54:04,33938.58
86,sess_000016,ADD_TO_CART,6,2026-07-16 10:54:27,33938.58
87,sess_000016,PRODUCT_VIEW,20,2026-07-16 10:55:06,7441.9
88,sess_000016,ADD_TO_CART,20,2026-07-16 10:55:50,7441.9
89,sess_000016,PRODUCT_VIEW,33,2026-07-16 10:56:51,10984.48
90,sess_000016,ADD_TO_CART,33,2026-07-16 10:57:26,10984.48
91,sess_000016,CHECKOUT_START,6,2026-07-16 10:59:01,52364.96000000001
92,sess_000017,PRODUCT_VIEW,30,2026-07-08 16:29:04,16078.93
93,sess_000017,ADD_TO_CART,30,2026-07-08 16:29:53,16078.93
94,sess_000017,CHECKOUT_START,30,2026-07-08 16:31:30,16078.93
95,sess_000017,PAYMENT_FAILURE,30,2026-07-08 16:32:03,16078.93
96,sess_000018,PRODUCT_VIEW,11,2026-08-03 00:41:04,6189.77
97,sess_000018,ADD_TO_CART,11,2026-08-03 00:42:01,6189.77
98,sess_000018,PRODUCT_VIEW,24,2026-08-03 00:42:55,15990.76
99,sess_000018,ADD_TO_CART,24,2026-08-03 00:43:51,15990.76
100,sess_000018,PRODUCT_VIEW,9,2026-08-03 00:44:26,33952.76
101,sess_000018,ADD_TO_CART,9,2026-08-03 00:45:25,33952.76
102,sess_000018,CHECKOUT_START,11,2026-08-03 00:45:48,56133.29
103,sess_000018,PAYMENT_FAILURE,11,2026-08-03 00:46:39,56133.29
104,sess_000019,PRODUCT_VIEW,4,2026-07-16 04:57:04,12764.76
105,sess_000019,ADD_TO_CART,4,2026-07-16 04:57:24,12764.76
106,sess_000019,PRODUCT_VIEW,32,2026-07-16 04:58:31,5145.04
107,sess_000019,ADD_TO_CART,32,2026-07-16 04:58:51,5145.04
108,sess_000019,PRODUCT_VIEW,37,2026-07-16 04:59:43,30424.4
109,sess_000019,ADD_TO_CART,37,2026-07-16 05:00:42,30424.4
110,sess_000019,CHECKOUT_START,4,2026-07-16 05:01:15,48334.2
111,sess_000020,PRODUCT_VIEW,10,2026-07-12 00:12:04,8490.19
112,sess_000020,ADD_TO_CART,10,2026-07-12 00:12:59,8490.19
113,sess_000020,PRODUCT_VIEW,12,2026-07-12 00:14:12,11993.35
114,sess_000020,ADD_TO_CART,12,2026-07-12 00:14:36,11993.35
115,sess_000020,PRODUCT_VIEW,3,2026-07-12 00:15:37,15751.54
116,sess_000020,ADD_TO_CART,3,2026-07-12 00:16:02,15751.54
117,sess_000020,PRODUCT_VIEW,36,2026-07-12 00:17:15,23638.97
118,sess_000020,ADD_TO_CART,36,2026-07-12 00:18:11,23638.97
119,sess_000020,CHECKOUT_START,10,2026-07-12 00:19:11,59874.05
120,sess_000020,PAYMENT_FAILURE,10,2026-07-12 00:19:58,59874.05
121,sess_000021,PRODUCT_VIEW,19,2026-07-31 07:01:04,20611.38
122,sess_000021,ADD_TO_CART,19,2026-07-31 07:01:19,20611.38
123,sess_000021,PRODUCT_VIEW,50,2026-07-31 07:02:49,19975.03
124,sess_000021,ADD_TO_CART,50,2026-07-31 07:03:28,19975.03
125,sess_000021,PRODUCT_VIEW,20,2026-07-31 07:03:49,7441.9
126,sess_000021,ADD_TO_CART,20,2026-07-31 07:04:22,7441.9
127,sess_000021,PRODUCT_VIEW,21,2026-07-31 07:05:07,9659.58
128,sess_000021,ADD_TO_CART,21,2026-07-31 07:05:35,9659.58
129,sess_000021,CHECKOUT_START,19,2026-07-31 07:07:07,57687.89000000001
130,sess_000022,PRODUCT_VIEW,2,2026-07-23 17:57:04,8878.17
131,sess_000022,ADD_TO_CART,2,2026-07-23 17:57:54,8878.17
132,sess_000022,PRODUCT_VIEW,15,2026-07-23 17:58:15,6095.52
133,sess_000022,ADD_TO_CART,15,2026-07-23 17:58:46,6095.52
134,sess_000022,PRODUCT_VIEW,35,2026-07-23 17:59:06,33955.92
135,sess_000022,ADD_TO_CART,35,2026-07-23 18:00:04,33955.92
136,sess_000022,PRODUCT_VIEW,23,2026-07-23 18:01:12,1664.26
137,sess_000022,ADD_TO_CART,23,2026-07-23 18:02:09,1664.26
138,sess_000022,CHECKOUT_START,2,2026-07-23 18:03:08,50593.87
139,sess_000023,PRODUCT_VIEW,3,2026-08-06 19:46:04,15751.54
140,sess_000023,ADD_TO_CART,3,2026-08-06 19:46:28,15751.54
141,sess_000023,CHECKOUT_START,3,2026-08-06 19:47:54,15751.54
142,sess_000024,PRODUCT_VIEW,38,2026-08-04 07:22:04,24333.81
143,sess_000024,ADD_TO_CART,38,2026-08-04 07:22:50,24333.81
144,sess_000024,CHECKOUT_START,38,2026-08-04 07:23:17,24333.81
145,sess_000025,PRODUCT_VIEW,29,2026-07-11 13:52:04,22477.1
146,sess_000025,ADD_TO_CART,29,2026-07-11 13:52:18,22477.1
147,sess_000025,PRODUCT_VIEW,18,2026-07-11 13:53:03,29592.56
148,sess_000025,ADD_TO_CART,18,2026-07-11 13:53:21,29592.56
149,sess_000025,PRODUCT_VIEW,15,2026-07-11 13:54:55,6095.52
150,sess_000025,ADD_TO_CART,15,2026-07-11 13:55:11,6095.52
151,sess_000025,CHECKOUT_START,29,2026-07-11 13:55:50,58165.18000000001
152,sess_000026,PRODUCT_VIEW,17,2026-08-04 06:20:04,23333.68
153,sess_000026,ADD_TO_CART,17,2026-08-04 06:20:57,23333.68
154,sess_000026,PRODUCT_VIEW,8,2026-08-04 06:21:55,27139.29
155,sess_000026,ADD_TO_CART,8,2026-08-04 06:22:50,27139.29
156,sess_000026,PRODUCT_VIEW,6,2026-08-04 06:24:27,33938.58
157,sess_000026,ADD_TO_CART,6,2026-08-04 06:24:39,33938.58
158,sess_000026,PRODUCT_VIEW,11,2026-08-04 06:25:26,6189.77
159,sess_000026,ADD_TO_CART,11,2026-08-04 06:25:56,6189.77
160,sess_000026,CHECKOUT_START,17,2026-08-04 06:26:34,90601.32
161,sess_000026,PAYMENT_FAILURE,17,2026-08-04 06:27:09,90601.32
162,sess_000027,PRODUCT_VIEW,7,2026-07-29 15:45:04,23088.42
163,sess_000027,ADD_TO_CART,7,2026-07-29 15:45:20,23088.42
164,sess_000027,PRODUCT_VIEW,30,2026-07-29 15:45:57,16078.93
165,sess_000027,ADD_TO_CART,30,2026-07-29 15:46:14,16078.93
166,sess_000027,CHECKOUT_START,7,2026-07-29 15:46:35,39167.35
167,sess_000027,PAYMENT_FAILURE,7,2026-07-29 15:47:08,39167.35
168,sess_000028,PRODUCT_VIEW,38,2026-07-17 03:07:04,24333.81
169,sess_000028,ADD_TO_CART,38,2026-07-17 03:07:51,24333.81
170,sess_000029,PRODUCT_VIEW,8,2026-07-18 09:29:04,27139.29
171,sess_000029,ADD_TO_CART,8,2026-07-18 09:29:17,27139.29
172,sess_000029,PRODUCT_VIEW,3,2026-07-18 09:29:58,15751.54
173,sess_000029,ADD_TO_CART,3,2026-07-18 09:30:44,15751.54
174,sess_000029,PRODUCT_VIEW,30,2026-07-18 09:31:59,16078.93
175,sess_000029,ADD_TO_CART,30,2026-07-18 09:32:55,16078.93
176,sess_000029,CHECKOUT_START,8,2026-07-18 09:34:05,58969.76
177,sess_000030,PRODUCT_VIEW,3,2026-07-27 17:18:04,15751.54
178,sess_000030,ADD_TO_CART,3,2026-07-27 17:18:53,15751.54
179,sess_000030,PRODUCT_VIEW,40,2026-07-27 17:20:31,17551.46
180,sess_000030,ADD_TO_CART,40,2026-07-27 17:20:56,17551.46
181,sess_000030,CHECKOUT_START,3,2026-07-27 17:21:53,33303.0
182,sess_000030,PAYMENT_FAILURE,3,2026-07-27 17:22:54,33303.0
183,sess_000030,PAYMENT_FAILURE,3,2026-07-27 17:23:50,33303.0
184,sess_000031,PRODUCT_VIEW,25,2026-07-26 19:56:04,11269.93
185,sess_000031,ADD_TO_CART,25,2026-07-26 19:57:04,11269.93
186,sess_000031,CHECKOUT_START,25,2026-07-26 19:58:09,11269.93
187,sess_000032,PRODUCT_VIEW,50,2026-07-30 18:29:04,19975.03
188,sess_000032,ADD_TO_CART,50,2026-07-30 18:29:31,19975.03
189,sess_000032,CHECKOUT_START,50,2026-07-30 18:29:58,19975.03
190,sess_000033,PRODUCT_VIEW,49,2026-08-02 21:12:04,30515.02
191,sess_000033,ADD_TO_CART,49,2026-08-02 21:12:28,30515.02
192,sess_000033,CHECKOUT_START,49,2026-08-02 21:14:01,30515.02
193,sess_000033,PAYMENT_FAILURE,49,2026-08-02 21:15:25,30515.02
194,sess_000033,PAYMENT_FAILURE,49,2026-08-02 21:16:46,30515.02
195,sess_000033,PAYMENT_FAILURE,49,2026-08-02 21:17:40,30515.02
196,sess_000034,PRODUCT_VIEW,37,2026-07-15 00:49:04,30424.4
197,sess_000034,ADD_TO_CART,37,2026-07-15 00:49:45,30424.4
198,sess_000034,PRODUCT_VIEW,13,2026-07-15 00:51:14,15251.23
199,sess_000034,ADD_TO_CART,13,2026-07-15 00:51:43,15251.23
200,sess_000034,CHECKOUT_START,37,2026-07-15 00:52:25,45675.630000000005
201,sess_000034,PAYMENT_FAILURE,37,2026-07-15 00:53:26,45675.630000000005
202,sess_000034,PAYMENT_FAILURE,37,2026-07-15 00:53:58,45675.630000000005
203,sess_000034,PAYMENT_FAILURE,37,2026-07-15 00:54:33,45675.630000000005
204,sess_000035,PRODUCT_VIEW,46,2026-07-28 03:40:04,3997.88
205,sess_000035,ADD_TO_CART,46,2026-07-28 03:40:17,3997.88
206,sess_000035,PRODUCT_VIEW,12,2026-07-28 03:40:39,11993.35
207,sess_000035,ADD_TO_CART,12,2026-07-28 03:40:58,11993.35
208,sess_000035,PRODUCT_VIEW,21,2026-07-28 03:42:33,9659.58
209,sess_000035,ADD_TO_CART,21,2026-07-28 03:43:28,9659.58
210,sess_000035,CHECKOUT_START,46,2026-07-28 03:44:06,25650.809999999998
211,sess_000036,PRODUCT_VIEW,20,2026-07-16 02:01:04,7441.9
212,sess_000036,ADD_TO_CART,20,2026-07-16 02:01:24,7441.9
213,sess_000036,PRODUCT_VIEW,21,2026-07-16 02:02:39,9659.58
214,sess_000036,ADD_TO_CART,21,2026-07-16 02:03:39,9659.58
215,sess_000036,PRODUCT_VIEW,9,2026-07-16 02:05:01,33952.76
216,sess_000036,ADD_TO_CART,9,2026-07-16 02:05:52,33952.76
217,sess_000036,CHECKOUT_START,20,2026-07-16 02:06:52,51054.240000000005
218,sess_000037,PRODUCT_VIEW,47,2026-07-29 01:07:04,34979.66
219,sess_000037,ADD_TO_CART,47,2026-07-29 01:07:58,34979.66
220,sess_000037,PRODUCT_VIEW,1,2026-07-29 01:09:31,29947.02
221,sess_000037,ADD_TO_CART,1,2026-07-29 01:10:06,29947.02
222,sess_000037,CHECKOUT_START,47,2026-07-29 01:11:38,64926.68000000001
223,sess_000038,PRODUCT_VIEW,22,2026-07-20 21:04:04,18731.11
224,sess_000038,ADD_TO_CART,22,2026-07-20 21:04:18,18731.11
225,sess_000038,PRODUCT_VIEW,48,2026-07-20 21:05:08,34207.92
226,sess_000038,ADD_TO_CART,48,2026-07-20 21:05:40,34207.92
227,sess_000039,PRODUCT_VIEW,23,2026-08-07 15:34:04,1664.26
228,sess_000039,ADD_TO_CART,23,2026-08-07 15:34:30,1664.26
229,sess_000040,PRODUCT_VIEW,25,2026-07-25 18:57:04,11269.93
230,sess_000040,ADD_TO_CART,25,2026-07-25 18:57:44,11269.93
231,sess_000040,PRODUCT_VIEW,23,2026-07-25 18:59:17,1664.26
232,sess_000040,ADD_TO_CART,23,2026-07-25 19:00:08,1664.26
233,sess_000040,PRODUCT_VIEW,35,2026-07-25 19:00:56,33955.92
234,sess_000040,ADD_TO_CART,35,2026-07-25 19:01:16,33955.92
235,sess_000040,PRODUCT_VIEW,7,2026-07-25 19:02:33,23088.42
236,sess_000040,ADD_TO_CART,7,2026-07-25 19:02:47,23088.42
237,sess_000041,PRODUCT_VIEW,47,2026-07-28 18:49:04,34979.66
238,sess_000041,ADD_TO_CART,47,2026-07-28 18:49:49,34979.66
239,sess_000041,PRODUCT_VIEW,5,2026-07-28 18:50:20,5973.44
240,sess_000041,ADD_TO_CART,5,2026-07-28 18:50:51,5973.44
241,sess_000042,PRODUCT_VIEW,14,2026-07-10 09:48:04,21714.55
242,sess_000042,ADD_TO_CART,14,2026-07-10 09:48:58,21714.55
243,sess_000042,PRODUCT_VIEW,13,2026-07-10 09:50:28,15251.23
244,sess_000042,ADD_TO_CART,13,2026-07-10 09:51:24,15251.23
245,sess_000042,PRODUCT_VIEW,27,2026-07-10 09:52:53,34536.05
246,sess_000042,ADD_TO_CART,27,2026-07-10 09:53:19,34536.05
247,sess_000042,CHECKOUT_START,14,2026-07-10 09:54:15,71501.83
248,sess_000043,PRODUCT_VIEW,28,2026-07-21 07:52:04,470.42
249,sess_000043,ADD_TO_CART,28,2026-07-21 07:52:19,470.42
250,sess_000043,CHECKOUT_START,28,2026-07-21 07:53:16,470.42
251,sess_000044,PRODUCT_VIEW,20,2026-08-01 18:48:04,7441.9
252,sess_000044,ADD_TO_CART,20,2026-08-01 18:49:04,7441.9
253,sess_000044,CHECKOUT_START,20,2026-08-01 18:50:14,7441.9
254,sess_000045,PRODUCT_VIEW,3,2026-07-27 11:36:04,15751.54
255,sess_000045,ADD_TO_CART,3,2026-07-27 11:36:30,15751.54
256,sess_000045,PRODUCT_VIEW,17,2026-07-27 11:37:18,23333.68
257,sess_000045,ADD_TO_CART,17,2026-07-27 11:37:45,23333.68
258,sess_000045,PRODUCT_VIEW,29,2026-07-27 11:39:17,22477.1
259,sess_000045,ADD_TO_CART,29,2026-07-27 11:39:30,22477.1
260,sess_000045,PRODUCT_VIEW,30,2026-07-27 11:40:09,16078.93
261,sess_000045,ADD_TO_CART,30,2026-07-27 11:41:07,16078.93
262,sess_000045,CHECKOUT_START,3,2026-07-27 11:41:39,77641.25
263,sess_000046,PRODUCT_VIEW,25,2026-07-14 04:30:04,11269.93
264,sess_000046,ADD_TO_CART,25,2026-07-14 04:30:47,11269.93
265,sess_000047,PRODUCT_VIEW,49,2026-07-29 21:56:04,30515.02
266,sess_000047,ADD_TO_CART,49,2026-07-29 21:56:42,30515.02
267,sess_000047,CHECKOUT_START,49,2026-07-29 21:57:24,30515.02
268,sess_000048,PRODUCT_VIEW,13,2026-08-06 10:10:04,15251.23
269,sess_000048,ADD_TO_CART,13,2026-08-06 10:10:30,15251.23
270,sess_000048,PRODUCT_VIEW,41,2026-08-06 10:11:30,30450.87
271,sess_000048,ADD_TO_CART,41,2026-08-06 10:12:26,30450.87
272,sess_000048,PRODUCT_VIEW,10,2026-08-06 10:12:54,8490.19
273,sess_000048,ADD_TO_CART,10,2026-08-06 10:13:09,8490.19
274,sess_000048,PRODUCT_VIEW,39,2026-08-06 10:14:18,33078.06
275,sess_000048,ADD_TO_CART,39,2026-08-06 10:15:03,33078.06
276,sess_000049,PRODUCT_VIEW,10,2026-07-12 00:12:04,8490.19
277,sess_000049,ADD_TO_CART,10,2026-07-12 00:12:51,8490.19
278,sess_000049,PRODUCT_VIEW,37,2026-07-12 00:14:25,30424.4
279,sess_000049,ADD_TO_CART,37,2026-07-12 00:15:23,30424.4
280,sess_000049,CHECKOUT_START,10,2026-07-12 00:15:55,38914.590000000004
281,sess_000050,PRODUCT_VIEW,25,2026-07-21 12:53:04,11269.93
282,sess_000050,ADD_TO_CART,25,2026-07-21 12:53:50,11269.93
283,sess_000050,PRODUCT_VIEW,42,2026-07-21 12:55:27,1353.46
284,sess_000050,ADD_TO_CART,42,2026-07-21 12:56:07,1353.46
285,sess_000050,PRODUCT_VIEW,32,2026-07-21 12:56:31,5145.04
286,sess_000050,ADD_TO_CART,32,2026-07-21 12:56:52,5145.04
287,sess_000051,PRODUCT_VIEW,24,2026-07-10 13:19:04,15990.76
288,sess_000051,ADD_TO_CART,24,2026-07-10 13:20:04,15990.76
289,sess_000051,PRODUCT_VIEW,2,2026-07-10 13:21:02,8878.17
290,sess_000051,ADD_TO_CART,2,2026-07-10 13:21:31,8878.17
291,sess_000051,PRODUCT_VIEW,22,2026-07-10 13:22:26,18731.11
292,sess_000051,ADD_TO_CART,22,2026-07-10 13:23:07,18731.11
293,sess_000051,CHECKOUT_START,24,2026-07-10 13:23:39,43600.04
294,sess_000051,PAYMENT_FAILURE,24,2026-07-10 13:25:04,43600.04
295,sess_000052,PRODUCT_VIEW,29,2026-07-12 13:40:04,22477.1
296,sess_000052,ADD_TO_CART,29,2026-07-12 13:40:40,22477.1
297,sess_000052,PRODUCT_VIEW,14,2026-07-12 13:42:02,21714.55
298,sess_000052,ADD_TO_CART,14,2026-07-12 13:43:00,21714.55
299,sess_000052,CHECKOUT_START,29,2026-07-12 13:44:26,44191.649999999994
300,sess_000053,PRODUCT_VIEW,13,2026-07-29 07:20:04,15251.23
301,sess_000053,ADD_TO_CART,13,2026-07-29 07:20:29,15251.23
302,sess_000053,PRODUCT_VIEW,4,2026-07-29 07:20:53,12764.76
303,sess_000053,ADD_TO_CART,4,2026-07-29 07:21:32,12764.76
304,sess_000053,CHECKOUT_START,13,2026-07-29 07:21:58,28015.989999999998
305,sess_000053,PAYMENT_FAILURE,13,2026-07-29 07:23:26,28015.989999999998
306,sess_000054,PRODUCT_VIEW,24,2026-07-24 07:23:04,15990.76
307,sess_000054,ADD_TO_CART,24,2026-07-24 07:23:52,15990.76
308,sess_000054,PRODUCT_VIEW,32,2026-07-24 07:25:09,5145.04
309,sess_000054,ADD_TO_CART,32,2026-07-24 07:25:30,5145.04
310,sess_000054,CHECKOUT_START,24,2026-07-24 07:26:50,21135.8
311,sess_000055,PRODUCT_VIEW,4,2026-07-10 15:48:04,12764.76
312,sess_000055,ADD_TO_CART,4,2026-07-10 15:48:27,12764.76
313,sess_000055,PRODUCT_VIEW,11,2026-07-10 15:49:15,6189.77
314,sess_000055,ADD_TO_CART,11,2026-07-10 15:50:06,6189.77
315,sess_000055,PRODUCT_VIEW,37,2026-07-10 15:50:54,30424.4
316,sess_000055,ADD_TO_CART,37,2026-07-10 15:51:47,30424.4
317,sess_000055,PRODUCT_VIEW,50,2026-07-10 15:52:33,19975.03
318,sess_000055,ADD_TO_CART,50,2026-07-10 15:53:00,19975.03
319,sess_000055,CHECKOUT_START,4,2026-07-10 15:54:12,69353.95999999999
320,sess_000056,PRODUCT_VIEW,46,2026-08-02 04:06:04,3997.88
321,sess_000056,ADD_TO_CART,46,2026-08-02 04:06:41,3997.88
322,sess_000056,PRODUCT_VIEW,42,2026-08-02 04:07:49,1353.46
323,sess_000056,ADD_TO_CART,42,2026-08-02 04:08:21,1353.46
324,sess_000056,PRODUCT_VIEW,18,2026-08-02 04:09:39,29592.56
325,sess_000056,ADD_TO_CART,18,2026-08-02 04:10:05,29592.56
326,sess_000056,CHECKOUT_START,46,2026-08-02 04:10:52,34943.9
327,sess_000057,PRODUCT_VIEW,20,2026-07-22 02:01:04,7441.9
328,sess_000057,ADD_TO_CART,20,2026-07-22 02:01:44,7441.9
329,sess_000057,PRODUCT_VIEW,44,2026-07-22 02:02:12,7783.14
330,sess_000057,ADD_TO_CART,44,2026-07-22 02:02:43,7783.14
331,sess_000057,PRODUCT_VIEW,7,2026-07-22 02:03:38,23088.42
332,sess_000057,ADD_TO_CART,7,2026-07-22 02:04:28,23088.42
333,sess_000058,PRODUCT_VIEW,39,2026-08-03 06:58:04,33078.06
334,sess_000058,ADD_TO_CART,39,2026-08-03 06:58:39,33078.06
335,sess_000058,CHECKOUT_START,39,2026-08-03 06:59:39,33078.06
336,sess_000059,PRODUCT_VIEW,22,2026-07-30 10:20:04,18731.11
337,sess_000059,ADD_TO_CART,22,2026-07-30 10:20:59,18731.11
338,sess_000059,PRODUCT_VIEW,47,2026-07-30 10:21:47,34979.66
339,sess_000059,ADD_TO_CART,47,2026-07-30 10:22:40,34979.66
340,sess_000059,CHECKOUT_START,22,2026-07-30 10:24:08,53710.770000000004
341,sess_000060,PRODUCT_VIEW,7,2026-08-02 02:11:04,23088.42
342,sess_000060,ADD_TO_CART,7,2026-08-02 02:12:01,23088.42
343,sess_000060,PRODUCT_VIEW,31,2026-08-02 02:12:54,17262.47
344,sess_000060,ADD_TO_CART,31,2026-08-02 02:13:50,17262.47
345,sess_000060,PRODUCT_VIEW,9,2026-08-02 02:15:21,33952.76
346,sess_000060,ADD_TO_CART,9,2026-08-02 02:16:19,33952.76
347,sess_000060,CHECKOUT_START,7,2026-08-02 02:17:02,74303.65
348,sess_000061,PRODUCT_VIEW,22,2026-07-27 17:00:04,18731.11
349,sess_000061,ADD_TO_CART,22,2026-07-27 17:00:32,18731.11
350,sess_000061,PRODUCT_VIEW,24,2026-07-27 17:01:51,15990.76
351,sess_000061,ADD_TO_CART,24,2026-07-27 17:02:08,15990.76
352,sess_000061,PRODUCT_VIEW,17,2026-07-27 17:03:28,23333.68
353,sess_000061,ADD_TO_CART,17,2026-07-27 17:03:41,23333.68
354,sess_000061,PRODUCT_VIEW,38,2026-07-27 17:05:15,24333.81
355,sess_000061,ADD_TO_CART,38,2026-07-27 17:06:02,24333.81
356,sess_000062,PRODUCT_VIEW,9,2026-07-17 11:36:04,33952.76
357,sess_000062,ADD_TO_CART,9,2026-07-17 11:36:35,33952.76
358,sess_000062,PRODUCT_VIEW,13,2026-07-17 11:37:47,15251.23
359,sess_000062,ADD_TO_CART,13,2026-07-17 11:38:33,15251.23
360,sess_000062,CHECKOUT_START,9,2026-07-17 11:39:51,49203.990000000005
361,sess_000063,PRODUCT_VIEW,18,2026-07-28 03:05:04,29592.56
362,sess_000063,ADD_TO_CART,18,2026-07-28 03:05:24,29592.56
363,sess_000063,PRODUCT_VIEW,14,2026-07-28 03:06:57,21714.55
364,sess_000063,ADD_TO_CART,14,2026-07-28 03:07:55,21714.55
365,sess_000063,PRODUCT_VIEW,49,2026-07-28 03:08:35,30515.02
366,sess_000063,ADD_TO_CART,49,2026-07-28 03:09:16,30515.02
367,sess_000063,PRODUCT_VIEW,50,2026-07-28 03:09:47,19975.03
368,sess_000063,ADD_TO_CART,50,2026-07-28 03:10:05,19975.03
369,sess_000063,CHECKOUT_START,18,2026-07-28 03:11:43,101797.16
370,sess_000063,PAYMENT_FAILURE,18,2026-07-28 03:12:40,101797.16
371,sess_000063,PAYMENT_FAILURE,18,2026-07-28 03:13:50,101797.16
372,sess_000064,PRODUCT_VIEW,49,2026-08-06 06:24:04,30515.02
373,sess_000064,ADD_TO_CART,49,2026-08-06 06:24:15,30515.02
374,sess_000064,PRODUCT_VIEW,34,2026-08-06 06:24:35,7303.52
375,sess_000064,ADD_TO_CART,34,2026-08-06 06:25:25,7303.52
376,sess_000064,PRODUCT_VIEW,13,2026-08-06 06:26:16,15251.23
377,sess_000064,ADD_TO_CART,13,2026-08-06 06:26:40,15251.23
378,sess_000064,CHECKOUT_START,49,2026-08-06 06:27:44,53069.770000000004
379,sess_000065,PRODUCT_VIEW,28,2026-08-05 23:04:04,470.42
380,sess_000065,ADD_TO_CART,28,2026-08-05 23:04:35,470.42
381,sess_000065,PRODUCT_VIEW,44,2026-08-05 23:05:57,7783.14
382,sess_000065,ADD_TO_CART,44,2026-08-05 23:06:29,7783.14
383,sess_000065,PRODUCT_VIEW,9,2026-08-05 23:07:13,33952.76
384,sess_000065,ADD_TO_CART,9,2026-08-05 23:07:33,33952.76
385,sess_000065,CHECKOUT_START,28,2026-08-05 23:08:44,42206.32
386,sess_000066,PRODUCT_VIEW,24,2026-07-15 23:53:04,15990.76
387,sess_000066,ADD_TO_CART,24,2026-07-15 23:53:59,15990.76
388,sess_000066,CHECKOUT_START,24,2026-07-15 23:54:23,15990.76
389,sess_000067,PRODUCT_VIEW,27,2026-08-06 02:02:04,34536.05
390,sess_000067,ADD_TO_CART,27,2026-08-06 02:02:42,34536.05
391,sess_000067,CHECKOUT_START,27,2026-08-06 02:03:50,34536.05
392,sess_000068,PRODUCT_VIEW,27,2026-07-16 01:13:04,34536.05
393,sess_000068,ADD_TO_CART,27,2026-07-16 01:13:56,34536.05
394,sess_000068,PRODUCT_VIEW,43,2026-07-16 01:15:22,24226.27
395,sess_000068,ADD_TO_CART,43,2026-07-16 01:15:49,24226.27
396,sess_000068,PRODUCT_VIEW,7,2026-07-16 01:17:28,23088.42
397,sess_000068,ADD_TO_CART,7,2026-07-16 01:18:16,23088.42
398,sess_000068,CHECKOUT_START,27,2026-07-16 01:18:53,81850.74
399,sess_000069,PRODUCT_VIEW,50,2026-08-04 07:38:04,19975.03
400,sess_000069,ADD_TO_CART,50,2026-08-04 07:38:47,19975.03
401,sess_000069,PRODUCT_VIEW,17,2026-08-04 07:39:32,23333.68
402,sess_000069,ADD_TO_CART,17,2026-08-04 07:40:04,23333.68
403,sess_000070,PRODUCT_VIEW,1,2026-08-01 01:08:04,29947.02
404,sess_000070,ADD_TO_CART,1,2026-08-01 01:08:56,29947.02
405,sess_000070,CHECKOUT_START,1,2026-08-01 01:09:27,29947.02
406,sess_000071,PRODUCT_VIEW,42,2026-07-22 22:04:04,1353.46
407,sess_000071,ADD_TO_CART,42,2026-07-22 22:04:32,1353.46
408,sess_000071,PRODUCT_VIEW,15,2026-07-22 22:05:25,6095.52
409,sess_000071,ADD_TO_CART,15,2026-07-22 22:06:04,6095.52
410,sess_000071,PRODUCT_VIEW,30,2026-07-22 22:06:30,16078.93
411,sess_000071,ADD_TO_CART,30,2026-07-22 22:06:46,16078.93
412,sess_000071,CHECKOUT_START,42,2026-07-22 22:07:28,23527.91
413,sess_000072,PRODUCT_VIEW,43,2026-07-15 20:40:04,24226.27
414,sess_000072,ADD_TO_CART,43,2026-07-15 20:40:24,24226.27
415,sess_000072,PRODUCT_VIEW,42,2026-07-15 20:41:26,1353.46
416,sess_000072,ADD_TO_CART,42,2026-07-15 20:41:58,1353.46
417,sess_000072,CHECKOUT_START,43,2026-07-15 20:43:14,25579.73
418,sess_000073,PRODUCT_VIEW,26,2026-07-12 12:56:04,1741.62
419,sess_000073,ADD_TO_CART,26,2026-07-12 12:56:58,1741.62
420,sess_000073,PRODUCT_VIEW,30,2026-07-12 12:58:19,16078.93
421,sess_000073,ADD_TO_CART,30,2026-07-12 12:58:55,16078.93
422,sess_000073,PRODUCT_VIEW,18,2026-07-12 12:59:36,29592.56
423,sess_000073,ADD_TO_CART,18,2026-07-12 12:59:53,29592.56
424,sess_000073,PRODUCT_VIEW,25,2026-07-12 13:00:29,11269.93
425,sess_000073,ADD_TO_CART,25,2026-07-12 13:01:23,11269.93
426,sess_000074,PRODUCT_VIEW,44,2026-07-20 01:28:04,7783.14
427,sess_000074,ADD_TO_CART,44,2026-07-20 01:29:00,7783.14
428,sess_000074,CHECKOUT_START,44,2026-07-20 01:29:36,7783.14
429,sess_000074,PAYMENT_FAILURE,44,2026-07-20 01:30:36,7783.14
430,sess_000075,PRODUCT_VIEW,1,2026-08-06 22:28:04,29947.02
431,sess_000075,ADD_TO_CART,1,2026-08-06 22:28:47,29947.02
432,sess_000075,PRODUCT_VIEW,46,2026-08-06 22:30:20,3997.88
433,sess_000075,ADD_TO_CART,46,2026-08-06 22:31:16,3997.88
434,sess_000075,PRODUCT_VIEW,44,2026-08-06 22:32:48,7783.14
435,sess_000075,ADD_TO_CART,44,2026-08-06 22:33:12,7783.14
436,sess_000076,PRODUCT_VIEW,36,2026-07-27 01:58:04,23638.97
437,sess_000076,ADD_TO_CART,36,2026-07-27 01:58:17,23638.97
438,sess_000076,PRODUCT_VIEW,40,2026-07-27 01:58:38,17551.46
439,sess_000076,ADD_TO_CART,40,2026-07-27 01:59:29,17551.46
440,sess_000076,CHECKOUT_START,36,2026-07-27 02:00:09,41190.43
441,sess_000077,PRODUCT_VIEW,4,2026-07-14 07:51:04,12764.76
442,sess_000077,ADD_TO_CART,4,2026-07-14 07:51:49,12764.76
443,sess_000077,PRODUCT_VIEW,33,2026-07-14 07:52:57,10984.48
444,sess_000077,ADD_TO_CART,33,2026-07-14 07:53:32,10984.48
445,sess_000077,PRODUCT_VIEW,15,2026-07-14 07:54:22,6095.52
446,sess_000077,ADD_TO_CART,15,2026-07-14 07:54:37,6095.52
447,sess_000077,CHECKOUT_START,4,2026-07-14 07:55:55,29844.76
448,sess_000078,PRODUCT_VIEW,26,2026-07-28 20:34:04,1741.62
449,sess_000078,ADD_TO_CART,26,2026-07-28 20:34:40,1741.62
450,sess_000078,CHECKOUT_START,26,2026-07-28 20:35:04,1741.62
451,sess_000079,PRODUCT_VIEW,42,2026-07-19 03:30:04,1353.46
452,sess_000079,ADD_TO_CART,42,2026-07-19 03:30:43,1353.46
453,sess_000079,PRODUCT_VIEW,43,2026-07-19 03:31:46,24226.27
454,sess_000079,ADD_TO_CART,43,2026-07-19 03:32:19,24226.27
455,sess_000080,PRODUCT_VIEW,7,2026-07-17 12:13:04,23088.42
456,sess_000080,ADD_TO_CART,7,2026-07-17 12:14:02,23088.42
457,sess_000080,CHECKOUT_START,7,2026-07-17 12:14:50,23088.42
458,sess_000081,PRODUCT_VIEW,11,2026-07-22 11:52:04,6189.77
459,sess_000081,ADD_TO_CART,11,2026-07-22 11:52:45,6189.77
460,sess_000082,PRODUCT_VIEW,30,2026-08-01 18:13:04,16078.93
461,sess_000082,ADD_TO_CART,30,2026-08-01 18:13:59,16078.93
462,sess_000082,PRODUCT_VIEW,13,2026-08-01 18:15:02,15251.23
463,sess_000082,ADD_TO_CART,13,2026-08-01 18:15:18,15251.23
464,sess_000083,PRODUCT_VIEW,36,2026-07-17 04:31:04,23638.97
465,sess_000083,ADD_TO_CART,36,2026-07-17 04:31:41,23638.97
466,sess_000083,CHECKOUT_START,36,2026-07-17 04:33:15,23638.97
467,sess_000084,PRODUCT_VIEW,27,2026-07-12 20:15:04,34536.05
468,sess_000084,ADD_TO_CART,27,2026-07-12 20:15:29,34536.05
469,sess_000084,PRODUCT_VIEW,39,2026-07-12 20:16:24,33078.06
470,sess_000084,ADD_TO_CART,39,2026-07-12 20:16:59,33078.06
471,sess_000084,PRODUCT_VIEW,45,2026-07-12 20:18:02,13966.49
472,sess_000084,ADD_TO_CART,45,2026-07-12 20:18:30,13966.49
473,sess_000084,PRODUCT_VIEW,49,2026-07-12 20:19:47,30515.02
474,sess_000084,ADD_TO_CART,49,2026-07-12 20:20:05,30515.02
475,sess_000084,CHECKOUT_START,27,2026-07-12 20:20:42,112095.62000000001
476,sess_000085,PRODUCT_VIEW,14,2026-07-15 05:44:04,21714.55
477,sess_000085,ADD_TO_CART,14,2026-07-15 05:44:59,21714.55
478,sess_000085,PRODUCT_VIEW,40,2026-07-15 05:45:56,17551.46
479,sess_000085,ADD_TO_CART,40,2026-07-15 05:46:49,17551.46
480,sess_000085,CHECKOUT_START,14,2026-07-15 05:47:53,39266.009999999995
481,sess_000086,PRODUCT_VIEW,38,2026-07-21 00:56:04,24333.81
482,sess_000086,ADD_TO_CART,38,2026-07-21 00:56:40,24333.81
483,sess_000086,PRODUCT_VIEW,37,2026-07-21 00:58:08,30424.4
484,sess_000086,ADD_TO_CART,37,2026-07-21 00:58:36,30424.4
485,sess_000086,PRODUCT_VIEW,43,2026-07-21 00:59:50,24226.27
486,sess_000086,ADD_TO_CART,43,2026-07-21 01:00:00,24226.27
487,sess_000086,PRODUCT_VIEW,46,2026-07-21 01:01:26,3997.88
488,sess_000086,ADD_TO_CART,46,2026-07-21 01:01:42,3997.88
489,sess_000086,CHECKOUT_START,38,2026-07-21 01:02:05,82982.36000000002
490,sess_000086,PAYMENT_FAILURE,38,2026-07-21 01:02:59,82982.36000000002
491,sess_000086,PAYMENT_FAILURE,38,2026-07-21 01:03:38,82982.36000000002
492,sess_000087,PRODUCT_VIEW,10,2026-07-13 19:08:04,8490.19
493,sess_000087,ADD_TO_CART,10,2026-07-13 19:09:04,8490.19
494,sess_000087,PRODUCT_VIEW,4,2026-07-13 19:10:01,12764.76
495,sess_000087,ADD_TO_CART,4,2026-07-13 19:10:24,12764.76
496,sess_000087,PRODUCT_VIEW,45,2026-07-13 19:11:53,13966.49
497,sess_000087,ADD_TO_CART,45,2026-07-13 19:12:05,13966.49
498,sess_000088,PRODUCT_VIEW,45,2026-07-18 05:28:04,13966.49
499,sess_000088,ADD_TO_CART,45,2026-07-18 05:28:38,13966.49
500,sess_000088,PRODUCT_VIEW,43,2026-07-18 05:29:47,24226.27
501,sess_000088,ADD_TO_CART,43,2026-07-18 05:30:23,24226.27
502,sess_000088,PRODUCT_VIEW,4,2026-07-18 05:31:23,12764.76
503,sess_000088,ADD_TO_CART,4,2026-07-18 05:32:08,12764.76
504,sess_000089,PRODUCT_VIEW,19,2026-07-31 03:00:04,20611.38
505,sess_000089,ADD_TO_CART,19,2026-07-31 03:00:25,20611.38
506,sess_000089,PRODUCT_VIEW,29,2026-07-31 03:00:54,22477.1
507,sess_000089,ADD_TO_CART,29,2026-07-31 03:01:15,22477.1
508,sess_000089,CHECKOUT_START,19,2026-07-31 03:01:57,43088.479999999996
509,sess_000089,PAYMENT_FAILURE,19,2026-07-31 03:03:14,43088.479999999996
510,sess_000089,PAYMENT_FAILURE,19,2026-07-31 03:04:16,43088.479999999996
511,sess_000089,PAYMENT_FAILURE,19,2026-07-31 03:04:53,43088.479999999996
512,sess_000090,PRODUCT_VIEW,46,2026-08-02 04:41:04,3997.88
513,sess_000090,ADD_TO_CART,46,2026-08-02 04:41:52,3997.88
514,sess_000090,PRODUCT_VIEW,10,2026-08-02 04:42:18,8490.19
515,sess_000090,ADD_TO_CART,10,2026-08-02 04:43:17,8490.19
516,sess_000090,PRODUCT_VIEW,3,2026-08-02 04:44:57,15751.54
517,sess_000090,ADD_TO_CART,3,2026-08-02 04:45:46,15751.54
518,sess_000090,PRODUCT_VIEW,21,2026-08-02 04:46:44,9659.58
519,sess_000090,ADD_TO_CART,21,2026-08-02 04:47:25,9659.58
520,sess_000090,CHECKOUT_START,46,2026-08-02 04:48:58,37899.19
521,sess_000091,PRODUCT_VIEW,27,2026-07-31 18:21:04,34536.05
522,sess_000091,ADD_TO_CART,27,2026-07-31 18:21:48,34536.05
523,sess_000091,PRODUCT_VIEW,35,2026-07-31 18:22:59,33955.92
524,sess_000091,ADD_TO_CART,35,2026-07-31 18:23:14,33955.92
525,sess_000092,PRODUCT_VIEW,43,2026-08-01 03:31:04,24226.27
526,sess_000092,ADD_TO_CART,43,2026-08-01 03:31:36,24226.27
527,sess_000092,CHECKOUT_START,43,2026-08-01 03:32:53,24226.27
528,sess_000093,PRODUCT_VIEW,17,2026-07-10 13:40:04,23333.68
529,sess_000093,ADD_TO_CART,17,2026-07-10 13:40:15,23333.68
530,sess_000093,PRODUCT_VIEW,35,2026-07-10 13:41:41,33955.92
531,sess_000093,ADD_TO_CART,35,2026-07-10 13:42:40,33955.92
532,sess_000093,PRODUCT_VIEW,47,2026-07-10 13:43:47,34979.66
533,sess_000093,ADD_TO_CART,47,2026-07-10 13:44:29,34979.66
534,sess_000093,PRODUCT_VIEW,19,2026-07-10 13:45:54,20611.38
535,sess_000093,ADD_TO_CART,19,2026-07-10 13:46:32,20611.38
536,sess_000094,PRODUCT_VIEW,43,2026-08-04 18:55:04,24226.27
537,sess_000094,ADD_TO_CART,43,2026-08-04 18:56:03,24226.27
538,sess_000094,PRODUCT_VIEW,41,2026-08-04 18:56:50,30450.87
539,sess_000094,ADD_TO_CART,41,2026-08-04 18:57:43,30450.87
540,sess_000094,CHECKOUT_START,43,2026-08-04 18:58:57,54677.14
541,sess_000094,PAYMENT_FAILURE,43,2026-08-04 19:00:20,54677.14
542,sess_000094,PAYMENT_FAILURE,43,2026-08-04 19:00:56,54677.14
543,sess_000094,PAYMENT_FAILURE,43,2026-08-04 19:01:39,54677.14
544,sess_000095,PRODUCT_VIEW,3,2026-07-17 19:23:04,15751.54
545,sess_000095,ADD_TO_CART,3,2026-07-17 19:23:17,15751.54
546,sess_000095,PRODUCT_VIEW,6,2026-07-17 19:23:59,33938.58
547,sess_000095,ADD_TO_CART,6,2026-07-17 19:24:59,33938.58
548,sess_000095,PRODUCT_VIEW,5,2026-07-17 19:25:51,5973.44
549,sess_000095,ADD_TO_CART,5,2026-07-17 19:26:36,5973.44
550,sess_000095,CHECKOUT_START,3,2026-07-17 19:27:05,55663.560000000005
551,sess_000096,PRODUCT_VIEW,44,2026-07-18 10:49:04,7783.14
552,sess_000096,ADD_TO_CART,44,2026-07-18 10:49:55,7783.14
553,sess_000096,PRODUCT_VIEW,8,2026-07-18 10:51:34,27139.29
554,sess_000096,ADD_TO_CART,8,2026-07-18 10:51:48,27139.29
555,sess_000096,PRODUCT_VIEW,35,2026-07-18 10:53:22,33955.92
556,sess_000096,ADD_TO_CART,35,2026-07-18 10:53:34,33955.92
557,sess_000096,PRODUCT_VIEW,1,2026-07-18 10:54:03,29947.02
558,sess_000096,ADD_TO_CART,1,2026-07-18 10:54:35,29947.02
559,sess_000096,CHECKOUT_START,44,2026-07-18 10:55:59,98825.37000000001
560,sess_000097,PRODUCT_VIEW,31,2026-07-14 09:41:04,17262.47
561,sess_000097,ADD_TO_CART,31,2026-07-14 09:41:24,17262.47
562,sess_000097,CHECKOUT_START,31,2026-07-14 09:42:52,17262.47
563,sess_000098,PRODUCT_VIEW,8,2026-07-18 19:42:04,27139.29
564,sess_000098,ADD_TO_CART,8,2026-07-18 19:42:14,27139.29
565,sess_000098,PRODUCT_VIEW,3,2026-07-18 19:43:47,15751.54
566,sess_000098,ADD_TO_CART,3,2026-07-18 19:44:35,15751.54
567,sess_000098,CHECKOUT_START,8,2026-07-18 19:45:45,42890.83
568,sess_000098,PAYMENT_FAILURE,8,2026-07-18 19:46:49,42890.83
569,sess_000098,PAYMENT_FAILURE,8,2026-07-18 19:47:54,42890.83
570,sess_000098,PAYMENT_FAILURE,8,2026-07-18 19:49:24,42890.83
571,sess_000099,PRODUCT_VIEW,12,2026-07-25 02:35:04,11993.35
572,sess_000099,ADD_TO_CART,12,2026-07-25 02:35:53,11993.35
573,sess_000099,PRODUCT_VIEW,15,2026-07-25 02:36:45,6095.52
574,sess_000099,ADD_TO_CART,15,2026-07-25 02:37:07,6095.52
575,sess_000099,CHECKOUT_START,12,2026-07-25 02:37:41,18088.870000000003
576,sess_000100,PRODUCT_VIEW,13,2026-07-21 22:08:04,15251.23
577,sess_000100,ADD_TO_CART,13,2026-07-21 22:09:00,15251.23
578,sess_000100,CHECKOUT_START,13,2026-07-21 22:10:34,15251.23
579,sess_000101,PRODUCT_VIEW,32,2026-07-29 03:29:04,5145.04
580,sess_000101,ADD_TO_CART,32,2026-07-29 03:29:53,5145.04
581,sess_000101,PRODUCT_VIEW,29,2026-07-29 03:30:52,22477.1
582,sess_000101,ADD_TO_CART,29,2026-07-29 03:31:46,22477.1
583,sess_000101,PRODUCT_VIEW,22,2026-07-29 03:33:20,18731.11
584,sess_000101,ADD_TO_CART,22,2026-07-29 03:33:39,18731.11
585,sess_000102,PRODUCT_VIEW,18,2026-08-07 13:56:04,29592.56
586,sess_000102,ADD_TO_CART,18,2026-08-07 13:57:00,29592.56
587,sess_000102,PRODUCT_VIEW,24,2026-08-07 13:58:02,15990.76
588,sess_000102,ADD_TO_CART,24,2026-08-07 13:58:42,15990.76
589,sess_000102,PRODUCT_VIEW,9,2026-08-07 14:00:01,33952.76
590,sess_000102,ADD_TO_CART,9,2026-08-07 14:00:39,33952.76
591,sess_000102,PRODUCT_VIEW,44,2026-08-07 14:01:44,7783.14
592,sess_000102,ADD_TO_CART,44,2026-08-07 14:02:43,7783.14
593,sess_000103,PRODUCT_VIEW,2,2026-07-30 19:51:04,8878.17
594,sess_000103,ADD_TO_CART,2,2026-07-30 19:51:46,8878.17
595,sess_000103,CHECKOUT_START,2,2026-07-30 19:53:26,8878.17
596,sess_000104,PRODUCT_VIEW,24,2026-08-06 05:48:04,15990.76
597,sess_000104,ADD_TO_CART,24,2026-08-06 05:48:28,15990.76
598,sess_000104,PRODUCT_VIEW,26,2026-08-06 05:50:03,1741.62
599,sess_000104,ADD_TO_CART,26,2026-08-06 05:50:59,1741.62
600,sess_000104,CHECKOUT_START,24,2026-08-06 05:51:56,17732.38
601,sess_000105,PRODUCT_VIEW,11,2026-08-07 02:00:04,6189.77
602,sess_000105,ADD_TO_CART,11,2026-08-07 02:00:23,6189.77
603,sess_000105,PRODUCT_VIEW,12,2026-08-07 02:01:44,11993.35
604,sess_000105,ADD_TO_CART,12,2026-08-07 02:02:16,11993.35
605,sess_000105,PRODUCT_VIEW,37,2026-08-07 02:02:41,30424.4
606,sess_000105,ADD_TO_CART,37,2026-08-07 02:03:05,30424.4
607,sess_000105,PRODUCT_VIEW,43,2026-08-07 02:04:27,24226.27
608,sess_000105,ADD_TO_CART,43,2026-08-07 02:04:51,24226.27
609,sess_000105,CHECKOUT_START,11,2026-08-07 02:05:19,72833.79000000001
610,sess_000106,PRODUCT_VIEW,3,2026-07-09 12:18:04,15751.54
611,sess_000106,ADD_TO_CART,3,2026-07-09 12:18:59,15751.54
612,sess_000106,PRODUCT_VIEW,42,2026-07-09 12:20:25,1353.46
613,sess_000106,ADD_TO_CART,42,2026-07-09 12:21:15,1353.46
614,sess_000106,PRODUCT_VIEW,21,2026-07-09 12:22:10,9659.58
615,sess_000106,ADD_TO_CART,21,2026-07-09 12:23:07,9659.58
616,sess_000106,PRODUCT_VIEW,7,2026-07-09 12:24:00,23088.42
617,sess_000106,ADD_TO_CART,7,2026-07-09 12:24:47,23088.42
618,sess_000106,CHECKOUT_START,3,2026-07-09 12:26:16,49853.0
619,sess_000107,PRODUCT_VIEW,15,2026-07-20 02:19:04,6095.52
620,sess_000107,ADD_TO_CART,15,2026-07-20 02:19:36,6095.52
621,sess_000107,PRODUCT_VIEW,34,2026-07-20 02:20:58,7303.52
622,sess_000107,ADD_TO_CART,34,2026-07-20 02:21:58,7303.52
623,sess_000107,PRODUCT_VIEW,26,2026-07-20 02:23:19,1741.62
624,sess_000107,ADD_TO_CART,26,2026-07-20 02:24:07,1741.62
625,sess_000107,PRODUCT_VIEW,23,2026-07-20 02:24:27,1664.26
626,sess_000107,ADD_TO_CART,23,2026-07-20 02:25:09,1664.26
627,sess_000107,CHECKOUT_START,15,2026-07-20 02:25:46,16804.92
628,sess_000108,PRODUCT_VIEW,43,2026-08-03 18:15:04,24226.27
629,sess_000108,ADD_TO_CART,43,2026-08-03 18:15:28,24226.27
630,sess_000108,CHECKOUT_START,43,2026-08-03 18:16:41,24226.27
631,sess_000109,PRODUCT_VIEW,3,2026-08-01 04:28:04,15751.54
632,sess_000109,ADD_TO_CART,3,2026-08-01 04:28:50,15751.54
633,sess_000109,PRODUCT_VIEW,9,2026-08-01 04:30:25,33952.76
634,sess_000109,ADD_TO_CART,9,2026-08-01 04:30:45,33952.76
635,sess_000109,CHECKOUT_START,3,2026-08-01 04:31:22,49704.3
636,sess_000110,PRODUCT_VIEW,6,2026-08-02 15:49:04,33938.58
637,sess_000110,ADD_TO_CART,6,2026-08-02 15:49:52,33938.58
638,sess_000110,PRODUCT_VIEW,14,2026-08-02 15:51:12,21714.55
639,sess_000110,ADD_TO_CART,14,2026-08-02 15:51:52,21714.55
640,sess_000110,PRODUCT_VIEW,29,2026-08-02 15:52:33,22477.1
641,sess_000110,ADD_TO_CART,29,2026-08-02 15:52:57,22477.1
642,sess_000110,CHECKOUT_START,6,2026-08-02 15:54:09,78130.23000000001
643,sess_000110,PAYMENT_FAILURE,6,2026-08-02 15:55:17,78130.23000000001
644,sess_000110,PAYMENT_FAILURE,6,2026-08-02 15:55:56,78130.23000000001
645,sess_000110,PAYMENT_FAILURE,6,2026-08-02 15:57:16,78130.23000000001
646,sess_000111,PRODUCT_VIEW,25,2026-07-24 04:16:04,11269.93
647,sess_000111,ADD_TO_CART,25,2026-07-24 04:16:20,11269.93
648,sess_000111,PRODUCT_VIEW,9,2026-07-24 04:16:42,33952.76
649,sess_000111,ADD_TO_CART,9,2026-07-24 04:17:04,33952.76
650,sess_000111,CHECKOUT_START,25,2026-07-24 04:18:30,45222.69
651,sess_000112,PRODUCT_VIEW,31,2026-08-04 18:34:04,17262.47
652,sess_000112,ADD_TO_CART,31,2026-08-04 18:34:56,17262.47
653,sess_000112,CHECKOUT_START,31,2026-08-04 18:35:32,17262.47
654,sess_000112,PAYMENT_FAILURE,31,2026-08-04 18:36:59,17262.47
655,sess_000112,PAYMENT_FAILURE,31,2026-08-04 18:38:07,17262.47
656,sess_000112,PAYMENT_FAILURE,31,2026-08-04 18:39:11,17262.47
657,sess_000113,PRODUCT_VIEW,15,2026-07-11 23:09:04,6095.52
658,sess_000113,ADD_TO_CART,15,2026-07-11 23:09:36,6095.52
659,sess_000113,PRODUCT_VIEW,31,2026-07-11 23:11:11,17262.47
660,sess_000113,ADD_TO_CART,31,2026-07-11 23:12:08,17262.47
661,sess_000113,PRODUCT_VIEW,50,2026-07-11 23:13:41,19975.03
662,sess_000113,ADD_TO_CART,50,2026-07-11 23:13:57,19975.03
663,sess_000113,PRODUCT_VIEW,25,2026-07-11 23:15:11,11269.93
664,sess_000113,ADD_TO_CART,25,2026-07-11 23:15:29,11269.93
665,sess_000114,PRODUCT_VIEW,25,2026-08-02 00:26:04,11269.93
666,sess_000114,ADD_TO_CART,25,2026-08-02 00:26:55,11269.93
667,sess_000114,CHECKOUT_START,25,2026-08-02 00:27:41,11269.93
668,sess_000115,PRODUCT_VIEW,35,2026-07-25 02:23:04,33955.92
669,sess_000115,ADD_TO_CART,35,2026-07-25 02:23:37,33955.92
670,sess_000115,PRODUCT_VIEW,28,2026-07-25 02:25:15,470.42
671,sess_000115,ADD_TO_CART,28,2026-07-25 02:25:42,470.42
672,sess_000115,PRODUCT_VIEW,37,2026-07-25 02:26:52,30424.4
673,sess_000115,ADD_TO_CART,37,2026-07-25 02:27:50,30424.4
674,sess_000115,CHECKOUT_START,35,2026-07-25 02:28:36,64850.74
675,sess_000116,PRODUCT_VIEW,48,2026-07-21 08:07:04,34207.92
676,sess_000116,ADD_TO_CART,48,2026-07-21 08:08:01,34207.92
677,sess_000116,PRODUCT_VIEW,9,2026-07-21 08:08:50,33952.76
678,sess_000116,ADD_TO_CART,9,2026-07-21 08:09:28,33952.76
679,sess_000116,PRODUCT_VIEW,43,2026-07-21 08:10:08,24226.27
680,sess_000116,ADD_TO_CART,43,2026-07-21 08:10:24,24226.27
681,sess_000116,PRODUCT_VIEW,8,2026-07-21 08:11:11,27139.29
682,sess_000116,ADD_TO_CART,8,2026-07-21 08:11:53,27139.29
683,sess_000116,CHECKOUT_START,48,2026-07-21 08:13:04,119526.23999999999
684,sess_000116,PAYMENT_FAILURE,48,2026-07-21 08:14:24,119526.23999999999
685,sess_000116,PAYMENT_FAILURE,48,2026-07-21 08:15:15,119526.23999999999
686,sess_000117,PRODUCT_VIEW,5,2026-07-19 00:27:04,5973.44
687,sess_000117,ADD_TO_CART,5,2026-07-19 00:27:30,5973.44
688,sess_000117,CHECKOUT_START,5,2026-07-19 00:28:18,5973.44
689,sess_000117,PAYMENT_FAILURE,5,2026-07-19 00:29:11,5973.44
690,sess_000118,PRODUCT_VIEW,46,2026-07-26 03:40:04,3997.88
691,sess_000118,ADD_TO_CART,46,2026-07-26 03:41:03,3997.88
692,sess_000118,PRODUCT_VIEW,39,2026-07-26 03:41:45,33078.06
693,sess_000118,ADD_TO_CART,39,2026-07-26 03:42:35,33078.06
694,sess_000118,PRODUCT_VIEW,4,2026-07-26 03:43:58,12764.76
695,sess_000118,ADD_TO_CART,4,2026-07-26 03:44:36,12764.76
696,sess_000119,PRODUCT_VIEW,44,2026-07-19 07:12:04,7783.14
697,sess_000119,ADD_TO_CART,44,2026-07-19 07:12:37,7783.14
698,sess_000119,PRODUCT_VIEW,3,2026-07-19 07:13:27,15751.54
699,sess_000119,ADD_TO_CART,3,2026-07-19 07:14:18,15751.54
700,sess_000119,CHECKOUT_START,44,2026-07-19 07:14:38,23534.68
701,sess_000120,PRODUCT_VIEW,34,2026-07-17 11:08:04,7303.52
702,sess_000120,ADD_TO_CART,34,2026-07-17 11:09:01,7303.52
703,sess_000120,PRODUCT_VIEW,1,2026-07-17 11:09:29,29947.02
704,sess_000120,ADD_TO_CART,1,2026-07-17 11:09:44,29947.02
705,sess_000121,PRODUCT_VIEW,12,2026-07-19 17:59:04,11993.35
706,sess_000121,ADD_TO_CART,12,2026-07-19 17:59:20,11993.35
707,sess_000121,PRODUCT_VIEW,27,2026-07-19 18:00:51,34536.05
708,sess_000121,ADD_TO_CART,27,2026-07-19 18:01:05,34536.05
709,sess_000121,PRODUCT_VIEW,33,2026-07-19 18:02:29,10984.48
710,sess_000121,ADD_TO_CART,33,2026-07-19 18:02:57,10984.48
711,sess_000121,CHECKOUT_START,12,2026-07-19 18:04:00,57513.880000000005
712,sess_000122,PRODUCT_VIEW,44,2026-07-24 11:45:04,7783.14
713,sess_000122,ADD_TO_CART,44,2026-07-24 11:45:44,7783.14
714,sess_000122,PRODUCT_VIEW,30,2026-07-24 11:46:18,16078.93
715,sess_000122,ADD_TO_CART,30,2026-07-24 11:46:44,16078.93
716,sess_000122,PRODUCT_VIEW,38,2026-07-24 11:47:12,24333.81
717,sess_000122,ADD_TO_CART,38,2026-07-24 11:47:46,24333.81
718,sess_000122,PRODUCT_VIEW,2,2026-07-24 11:48:34,8878.17
719,sess_000122,ADD_TO_CART,2,2026-07-24 11:49:27,8878.17
720,sess_000122,CHECKOUT_START,44,2026-07-24 11:50:16,57074.05
721,sess_000123,PRODUCT_VIEW,19,2026-07-22 00:18:04,20611.38
722,sess_000123,ADD_TO_CART,19,2026-07-22 00:18:39,20611.38
723,sess_000123,PRODUCT_VIEW,6,2026-07-22 00:19:42,33938.58
724,sess_000123,ADD_TO_CART,6,2026-07-22 00:19:56,33938.58
725,sess_000124,PRODUCT_VIEW,32,2026-07-10 05:03:04,5145.04
726,sess_000124,ADD_TO_CART,32,2026-07-10 05:03:26,5145.04
727,sess_000124,PRODUCT_VIEW,48,2026-07-10 05:04:16,34207.92
728,sess_000124,ADD_TO_CART,48,2026-07-10 05:05:13,34207.92
729,sess_000124,CHECKOUT_START,32,2026-07-10 05:06:03,39352.96
730,sess_000125,PRODUCT_VIEW,6,2026-07-31 03:31:04,33938.58
731,sess_000125,ADD_TO_CART,6,2026-07-31 03:31:57,33938.58
732,sess_000125,CHECKOUT_START,6,2026-07-31 03:33:20,33938.58
733,sess_000126,PRODUCT_VIEW,12,2026-07-19 13:52:04,11993.35
734,sess_000126,ADD_TO_CART,12,2026-07-19 13:52:39,11993.35
735,sess_000126,PRODUCT_VIEW,49,2026-07-19 13:53:27,30515.02
736,sess_000126,ADD_TO_CART,49,2026-07-19 13:54:25,30515.02
737,sess_000126,PRODUCT_VIEW,33,2026-07-19 13:55:58,10984.48
738,sess_000126,ADD_TO_CART,33,2026-07-19 13:56:16,10984.48
739,sess_000126,PRODUCT_VIEW,18,2026-07-19 13:56:42,29592.56
740,sess_000126,ADD_TO_CART,18,2026-07-19 13:57:25,29592.56
741,sess_000126,CHECKOUT_START,12,2026-07-19 13:58:39,83085.41
742,sess_000127,PRODUCT_VIEW,21,2026-07-11 01:12:04,9659.58
743,sess_000127,ADD_TO_CART,21,2026-07-11 01:12:27,9659.58
744,sess_000127,PRODUCT_VIEW,45,2026-07-11 01:13:35,13966.49
745,sess_000127,ADD_TO_CART,45,2026-07-11 01:14:22,13966.49
746,sess_000127,PRODUCT_VIEW,1,2026-07-11 01:14:54,29947.02
747,sess_000127,ADD_TO_CART,1,2026-07-11 01:15:24,29947.02
748,sess_000127,PRODUCT_VIEW,44,2026-07-11 01:16:30,7783.14
749,sess_000127,ADD_TO_CART,44,2026-07-11 01:17:19,7783.14
750,sess_000127,CHECKOUT_START,21,2026-07-11 01:18:12,61356.229999999996
751,sess_000128,PRODUCT_VIEW,32,2026-07-08 03:42:04,5145.04
752,sess_000128,ADD_TO_CART,32,2026-07-08 03:42:27,5145.04
753,sess_000128,PRODUCT_VIEW,28,2026-07-08 03:43:40,470.42
754,sess_000128,ADD_TO_CART,28,2026-07-08 03:44:34,470.42
755,sess_000129,PRODUCT_VIEW,36,2026-08-03 04:58:04,23638.97
756,sess_000129,ADD_TO_CART,36,2026-08-03 04:58:38,23638.97
757,sess_000129,PRODUCT_VIEW,28,2026-08-03 04:59:23,470.42
758,sess_000129,ADD_TO_CART,28,2026-08-03 04:59:42,470.42
759,sess_000129,CHECKOUT_START,36,2026-08-03 05:00:21,24109.39
760,sess_000130,PRODUCT_VIEW,36,2026-07-10 03:06:04,23638.97
761,sess_000130,ADD_TO_CART,36,2026-07-10 03:06:39,23638.97
762,sess_000130,PRODUCT_VIEW,37,2026-07-10 03:07:11,30424.4
763,sess_000130,ADD_TO_CART,37,2026-07-10 03:08:05,30424.4
764,sess_000130,PRODUCT_VIEW,4,2026-07-10 03:08:45,12764.76
765,sess_000130,ADD_TO_CART,4,2026-07-10 03:08:58,12764.76
766,sess_000130,CHECKOUT_START,36,2026-07-10 03:09:45,66828.13
767,sess_000131,PRODUCT_VIEW,23,2026-07-15 13:12:04,1664.26
768,sess_000131,ADD_TO_CART,23,2026-07-15 13:12:21,1664.26
769,sess_000131,PRODUCT_VIEW,2,2026-07-15 13:13:25,8878.17
770,sess_000131,ADD_TO_CART,2,2026-07-15 13:14:18,8878.17
771,sess_000131,PRODUCT_VIEW,27,2026-07-15 13:15:55,34536.05
772,sess_000131,ADD_TO_CART,27,2026-07-15 13:16:17,34536.05
773,sess_000131,CHECKOUT_START,23,2026-07-15 13:17:50,45078.48
774,sess_000132,PRODUCT_VIEW,40,2026-07-28 01:39:04,17551.46
775,sess_000132,ADD_TO_CART,40,2026-07-28 01:39:23,17551.46
776,sess_000132,PRODUCT_VIEW,19,2026-07-28 01:40:04,20611.38
777,sess_000132,ADD_TO_CART,19,2026-07-28 01:40:54,20611.38
778,sess_000132,PRODUCT_VIEW,30,2026-07-28 01:41:57,16078.93
779,sess_000132,ADD_TO_CART,30,2026-07-28 01:42:33,16078.93
780,sess_000132,PRODUCT_VIEW,41,2026-07-28 01:44:13,30450.87
781,sess_000132,ADD_TO_CART,41,2026-07-28 01:45:02,30450.87
782,sess_000132,CHECKOUT_START,40,2026-07-28 01:46:35,84692.64
783,sess_000132,PAYMENT_FAILURE,40,2026-07-28 01:47:30,84692.64
784,sess_000132,PAYMENT_FAILURE,40,2026-07-28 01:48:54,84692.64
785,sess_000133,PRODUCT_VIEW,29,2026-07-28 13:49:04,22477.1
786,sess_000133,ADD_TO_CART,29,2026-07-28 13:50:01,22477.1
787,sess_000133,PRODUCT_VIEW,50,2026-07-28 13:51:36,19975.03
788,sess_000133,ADD_TO_CART,50,2026-07-28 13:52:19,19975.03
789,sess_000133,PRODUCT_VIEW,24,2026-07-28 13:53:36,15990.76
790,sess_000133,ADD_TO_CART,24,2026-07-28 13:54:12,15990.76
791,sess_000133,CHECKOUT_START,29,2026-07-28 13:54:53,58442.89
792,sess_000134,PRODUCT_VIEW,11,2026-07-30 00:42:04,6189.77
793,sess_000134,ADD_TO_CART,11,2026-07-30 00:42:20,6189.77
794,sess_000134,PRODUCT_VIEW,26,2026-07-30 00:42:52,1741.62
795,sess_000134,ADD_TO_CART,26,2026-07-30 00:43:06,1741.62
796,sess_000134,CHECKOUT_START,11,2026-07-30 00:44:26,7931.39
797,sess_000135,PRODUCT_VIEW,42,2026-07-14 21:47:04,1353.46
798,sess_000135,ADD_TO_CART,42,2026-07-14 21:47:38,1353.46
799,sess_000135,CHECKOUT_START,42,2026-07-14 21:48:37,1353.46
800,sess_000136,PRODUCT_VIEW,21,2026-07-22 18:48:04,9659.58
801,sess_000136,ADD_TO_CART,21,2026-07-22 18:48:48,9659.58
802,sess_000136,PRODUCT_VIEW,31,2026-07-22 18:49:42,17262.47
803,sess_000136,ADD_TO_CART,31,2026-07-22 18:50:27,17262.47
804,sess_000136,PRODUCT_VIEW,30,2026-07-22 18:51:43,16078.93
805,sess_000136,ADD_TO_CART,30,2026-07-22 18:52:01,16078.93
806,sess_000137,PRODUCT_VIEW,6,2026-07-18 02:48:04,33938.58
807,sess_000137,ADD_TO_CART,6,2026-07-18 02:48:33,33938.58
808,sess_000137,PRODUCT_VIEW,29,2026-07-18 02:49:39,22477.1
809,sess_000137,ADD_TO_CART,29,2026-07-18 02:50:15,22477.1
810,sess_000137,CHECKOUT_START,6,2026-07-18 02:51:08,56415.68
811,sess_000138,PRODUCT_VIEW,49,2026-07-29 08:37:04,30515.02
812,sess_000138,ADD_TO_CART,49,2026-07-29 08:38:03,30515.02
813,sess_000138,PRODUCT_VIEW,31,2026-07-29 08:39:18,17262.47
814,sess_000138,ADD_TO_CART,31,2026-07-29 08:39:46,17262.47
815,sess_000138,PRODUCT_VIEW,20,2026-07-29 08:41:22,7441.9
816,sess_000138,ADD_TO_CART,20,2026-07-29 08:41:46,7441.9
817,sess_000138,PRODUCT_VIEW,1,2026-07-29 08:42:06,29947.02
818,sess_000138,ADD_TO_CART,1,2026-07-29 08:42:51,29947.02
819,sess_000138,CHECKOUT_START,49,2026-07-29 08:43:58,85166.41
820,sess_000139,PRODUCT_VIEW,17,2026-07-16 02:35:04,23333.68
821,sess_000139,ADD_TO_CART,17,2026-07-16 02:35:41,23333.68
822,sess_000139,PRODUCT_VIEW,6,2026-07-16 02:37:21,33938.58
823,sess_000139,ADD_TO_CART,6,2026-07-16 02:37:46,33938.58
824,sess_000140,PRODUCT_VIEW,8,2026-08-01 22:17:04,27139.29
825,sess_000140,ADD_TO_CART,8,2026-08-01 22:17:53,27139.29
826,sess_000140,PRODUCT_VIEW,41,2026-08-01 22:19:10,30450.87
827,sess_000140,ADD_TO_CART,41,2026-08-01 22:19:37,30450.87
828,sess_000140,PRODUCT_VIEW,30,2026-08-01 22:21:16,16078.93
829,sess_000140,ADD_TO_CART,30,2026-08-01 22:21:57,16078.93
830,sess_000140,CHECKOUT_START,8,2026-08-01 22:22:41,73669.09
831,sess_000141,PRODUCT_VIEW,47,2026-08-04 15:00:04,34979.66
832,sess_000141,ADD_TO_CART,47,2026-08-04 15:00:23,34979.66
833,sess_000141,PRODUCT_VIEW,1,2026-08-04 15:00:44,29947.02
834,sess_000141,ADD_TO_CART,1,2026-08-04 15:01:25,29947.02
835,sess_000141,PRODUCT_VIEW,15,2026-08-04 15:02:12,6095.52
836,sess_000141,ADD_TO_CART,15,2026-08-04 15:02:43,6095.52
837,sess_000141,PRODUCT_VIEW,6,2026-08-04 15:03:56,33938.58
838,sess_000141,ADD_TO_CART,6,2026-08-04 15:04:25,33938.58
839,sess_000141,CHECKOUT_START,47,2026-08-04 15:05:48,104960.78000000001
840,sess_000142,PRODUCT_VIEW,35,2026-07-14 19:38:04,33955.92
841,sess_000142,ADD_TO_CART,35,2026-07-14 19:38:44,33955.92
842,sess_000142,CHECKOUT_START,35,2026-07-14 19:39:27,33955.92
843,sess_000143,PRODUCT_VIEW,13,2026-07-14 16:08:04,15251.23
844,sess_000143,ADD_TO_CART,13,2026-07-14 16:08:43,15251.23
845,sess_000143,CHECKOUT_START,13,2026-07-14 16:09:15,15251.23
846,sess_000144,PRODUCT_VIEW,48,2026-07-08 13:58:04,34207.92
847,sess_000144,ADD_TO_CART,48,2026-07-08 13:58:49,34207.92
848,sess_000144,CHECKOUT_START,48,2026-07-08 14:00:15,34207.92
849,sess_000145,PRODUCT_VIEW,8,2026-07-27 22:51:04,27139.29
850,sess_000145,ADD_TO_CART,8,2026-07-27 22:51:54,27139.29
851,sess_000145,PRODUCT_VIEW,16,2026-07-27 22:53:09,1571.54
852,sess_000145,ADD_TO_CART,16,2026-07-27 22:53:39,1571.54
853,sess_000146,PRODUCT_VIEW,24,2026-08-06 04:47:04,15990.76
854,sess_000146,ADD_TO_CART,24,2026-08-06 04:47:19,15990.76
855,sess_000146,PRODUCT_VIEW,50,2026-08-06 04:48:10,19975.03
856,sess_000146,ADD_TO_CART,50,2026-08-06 04:48:30,19975.03
857,sess_000146,CHECKOUT_START,24,2026-08-06 04:49:53,35965.79
858,sess_000147,PRODUCT_VIEW,32,2026-07-27 02:37:04,5145.04
859,sess_000147,ADD_TO_CART,32,2026-07-27 02:37:34,5145.04
860,sess_000147,PRODUCT_VIEW,15,2026-07-27 02:39:05,6095.52
861,sess_000147,ADD_TO_CART,15,2026-07-27 02:40:05,6095.52
862,sess_000147,CHECKOUT_START,32,2026-07-27 02:41:09,11240.560000000001
863,sess_000148,PRODUCT_VIEW,46,2026-07-15 20:02:04,3997.88
864,sess_000148,ADD_TO_CART,46,2026-07-15 20:02:48,3997.88
865,sess_000148,PRODUCT_VIEW,29,2026-07-15 20:04:10,22477.1
866,sess_000148,ADD_TO_CART,29,2026-07-15 20:04:32,22477.1
867,sess_000148,PRODUCT_VIEW,36,2026-07-15 20:06:04,23638.97
868,sess_000148,ADD_TO_CART,36,2026-07-15 20:06:25,23638.97
869,sess_000148,PRODUCT_VIEW,19,2026-07-15 20:07:54,20611.38
870,sess_000148,ADD_TO_CART,19,2026-07-15 20:08:26,20611.38
871,sess_000149,PRODUCT_VIEW,1,2026-07-22 19:20:04,29947.02
872,sess_000149,ADD_TO_CART,1,2026-07-22 19:20:38,29947.02
873,sess_000149,PRODUCT_VIEW,50,2026-07-22 19:21:21,19975.03
874,sess_000149,ADD_TO_CART,50,2026-07-22 19:21:32,19975.03
875,sess_000149,PRODUCT_VIEW,41,2026-07-22 19:23:11,30450.87
876,sess_000149,ADD_TO_CART,41,2026-07-22 19:23:44,30450.87
877,sess_000149,PRODUCT_VIEW,33,2026-07-22 19:25:23,10984.48
878,sess_000149,ADD_TO_CART,33,2026-07-22 19:25:48,10984.48
879,sess_000149,CHECKOUT_START,1,2026-07-22 19:26:49,91357.4
880,sess_000149,PAYMENT_FAILURE,1,2026-07-22 19:28:05,91357.4
881,sess_000149,PAYMENT_FAILURE,1,2026-07-22 19:28:39,91357.4
882,sess_000150,PRODUCT_VIEW,8,2026-07-21 19:22:04,27139.29
883,sess_000150,ADD_TO_CART,8,2026-07-21 19:22:56,27139.29
884,sess_000150,PRODUCT_VIEW,7,2026-07-21 19:23:24,23088.42
885,sess_000150,ADD_TO_CART,7,2026-07-21 19:23:36,23088.42
886,sess_000150,PRODUCT_VIEW,34,2026-07-21 19:24:12,7303.52
887,sess_000150,ADD_TO_CART,34,2026-07-21 19:24:33,7303.52
888,sess_000150,CHECKOUT_START,8,2026-07-21 19:24:57,57531.229999999996
889,sess_000151,PRODUCT_VIEW,4,2026-07-20 02:43:04,12764.76
890,sess_000151,ADD_TO_CART,4,2026-07-20 02:43:52,12764.76
891,sess_000151,PRODUCT_VIEW,24,2026-07-20 02:44:21,15990.76
892,sess_000151,ADD_TO_CART,24,2026-07-20 02:44:31,15990.76
893,sess_000151,PRODUCT_VIEW,15,2026-07-20 02:45:17,6095.52
894,sess_000151,ADD_TO_CART,15,2026-07-20 02:46:08,6095.52
895,sess_000151,CHECKOUT_START,4,2026-07-20 02:47:30,34851.04
896,sess_000152,PRODUCT_VIEW,40,2026-07-21 10:26:04,17551.46
897,sess_000152,ADD_TO_CART,40,2026-07-21 10:26:31,17551.46
898,sess_000153,PRODUCT_VIEW,13,2026-07-08 17:15:04,15251.23
899,sess_000153,ADD_TO_CART,13,2026-07-08 17:15:50,15251.23
900,sess_000153,PRODUCT_VIEW,34,2026-07-08 17:17:30,7303.52
901,sess_000153,ADD_TO_CART,34,2026-07-08 17:17:51,7303.52
902,sess_000153,PRODUCT_VIEW,43,2026-07-08 17:19:22,24226.27
903,sess_000153,ADD_TO_CART,43,2026-07-08 17:20:19,24226.27
904,sess_000153,PRODUCT_VIEW,16,2026-07-08 17:21:50,1571.54
905,sess_000153,ADD_TO_CART,16,2026-07-08 17:22:26,1571.54
906,sess_000153,CHECKOUT_START,13,2026-07-08 17:22:59,48352.560000000005
907,sess_000154,PRODUCT_VIEW,36,2026-07-17 10:03:04,23638.97
908,sess_000154,ADD_TO_CART,36,2026-07-17 10:03:46,23638.97
909,sess_000154,PRODUCT_VIEW,26,2026-07-17 10:04:49,1741.62
910,sess_000154,ADD_TO_CART,26,2026-07-17 10:05:41,1741.62
911,sess_000154,CHECKOUT_START,36,2026-07-17 10:06:21,25380.59
912,sess_000155,PRODUCT_VIEW,47,2026-07-28 05:51:04,34979.66
913,sess_000155,ADD_TO_CART,47,2026-07-28 05:51:50,34979.66
914,sess_000155,PRODUCT_VIEW,21,2026-07-28 05:53:19,9659.58
915,sess_000155,ADD_TO_CART,21,2026-07-28 05:53:42,9659.58
916,sess_000155,PRODUCT_VIEW,39,2026-07-28 05:54:50,33078.06
917,sess_000155,ADD_TO_CART,39,2026-07-28 05:55:49,33078.06
918,sess_000155,PRODUCT_VIEW,16,2026-07-28 05:57:19,1571.54
919,sess_000155,ADD_TO_CART,16,2026-07-28 05:58:16,1571.54
920,sess_000155,CHECKOUT_START,47,2026-07-28 05:59:08,79288.84
921,sess_000156,PRODUCT_VIEW,20,2026-07-15 23:27:04,7441.9
922,sess_000156,ADD_TO_CART,20,2026-07-15 23:27:33,7441.9
923,sess_000156,PRODUCT_VIEW,1,2026-07-15 23:28:21,29947.02
924,sess_000156,ADD_TO_CART,1,2026-07-15 23:28:44,29947.02
925,sess_000156,CHECKOUT_START,20,2026-07-15 23:29:44,37388.92
926,sess_000157,PRODUCT_VIEW,24,2026-08-06 08:55:04,15990.76
927,sess_000157,ADD_TO_CART,24,2026-08-06 08:55:28,15990.76
928,sess_000157,PRODUCT_VIEW,38,2026-08-06 08:56:20,24333.81
929,sess_000157,ADD_TO_CART,38,2026-08-06 08:56:49,24333.81
930,sess_000157,PRODUCT_VIEW,16,2026-08-06 08:57:20,1571.54
931,sess_000157,ADD_TO_CART,16,2026-08-06 08:58:06,1571.54
932,sess_000157,CHECKOUT_START,24,2026-08-06 08:59:17,41896.11
933,sess_000158,PRODUCT_VIEW,3,2026-07-23 18:43:04,15751.54
934,sess_000158,ADD_TO_CART,3,2026-07-23 18:43:38,15751.54
935,sess_000158,PRODUCT_VIEW,47,2026-07-23 18:44:08,34979.66
936,sess_000158,ADD_TO_CART,47,2026-07-23 18:45:07,34979.66
937,sess_000158,PRODUCT_VIEW,37,2026-07-23 18:45:34,30424.4
938,sess_000158,ADD_TO_CART,37,2026-07-23 18:46:33,30424.4
939,sess_000158,CHECKOUT_START,3,2026-07-23 18:47:35,81155.6
940,sess_000158,PAYMENT_FAILURE,3,2026-07-23 18:48:27,81155.6
941,sess_000158,PAYMENT_FAILURE,3,2026-07-23 18:49:53,81155.6
942,sess_000158,PAYMENT_FAILURE,3,2026-07-23 18:51:15,81155.6
943,sess_000159,PRODUCT_VIEW,4,2026-07-18 04:04:04,12764.76
944,sess_000159,ADD_TO_CART,4,2026-07-18 04:04:34,12764.76
945,sess_000159,PRODUCT_VIEW,20,2026-07-18 04:06:03,7441.9
946,sess_000159,ADD_TO_CART,20,2026-07-18 04:06:49,7441.9
947,sess_000159,PRODUCT_VIEW,34,2026-07-18 04:07:28,7303.52
948,sess_000159,ADD_TO_CART,34,2026-07-18 04:07:58,7303.52
949,sess_000159,PRODUCT_VIEW,3,2026-07-18 04:09:22,15751.54
950,sess_000159,ADD_TO_CART,3,2026-07-18 04:10:16,15751.54
951,sess_000160,PRODUCT_VIEW,6,2026-07-25 14:44:04,33938.58
952,sess_000160,ADD_TO_CART,6,2026-07-25 14:45:01,33938.58
953,sess_000160,PRODUCT_VIEW,31,2026-07-25 14:45:27,17262.47
954,sess_000160,ADD_TO_CART,31,2026-07-25 14:46:12,17262.47
955,sess_000160,PRODUCT_VIEW,37,2026-07-25 14:47:23,30424.4
956,sess_000160,ADD_TO_CART,37,2026-07-25 14:47:49,30424.4
957,sess_000160,CHECKOUT_START,6,2026-07-25 14:48:19,81625.45000000001
958,sess_000161,PRODUCT_VIEW,26,2026-08-03 08:13:04,1741.62
959,sess_000161,ADD_TO_CART,26,2026-08-03 08:13:49,1741.62
960,sess_000161,PRODUCT_VIEW,42,2026-08-03 08:15:27,1353.46
961,sess_000161,ADD_TO_CART,42,2026-08-03 08:16:24,1353.46
962,sess_000161,PRODUCT_VIEW,37,2026-08-03 08:17:51,30424.4
963,sess_000161,ADD_TO_CART,37,2026-08-03 08:18:16,30424.4
964,sess_000161,PRODUCT_VIEW,13,2026-08-03 08:19:07,15251.23
965,sess_000161,ADD_TO_CART,13,2026-08-03 08:19:21,15251.23
966,sess_000161,CHECKOUT_START,26,2026-08-03 08:20:15,48770.71000000001
967,sess_000162,PRODUCT_VIEW,13,2026-07-17 10:30:04,15251.23
968,sess_000162,ADD_TO_CART,13,2026-07-17 10:30:52,15251.23
969,sess_000162,PRODUCT_VIEW,21,2026-07-17 10:31:15,9659.58
970,sess_000162,ADD_TO_CART,21,2026-07-17 10:32:14,9659.58
971,sess_000162,PRODUCT_VIEW,23,2026-07-17 10:33:13,1664.26
972,sess_000162,ADD_TO_CART,23,2026-07-17 10:33:33,1664.26
973,sess_000163,PRODUCT_VIEW,10,2026-07-12 16:39:04,8490.19
974,sess_000163,ADD_TO_CART,10,2026-07-12 16:39:19,8490.19
975,sess_000163,PRODUCT_VIEW,49,2026-07-12 16:39:53,30515.02
976,sess_000163,ADD_TO_CART,49,2026-07-12 16:40:50,30515.02
977,sess_000163,PRODUCT_VIEW,47,2026-07-12 16:41:16,34979.66
978,sess_000163,ADD_TO_CART,47,2026-07-12 16:41:41,34979.66
979,sess_000164,PRODUCT_VIEW,22,2026-07-13 20:50:04,18731.11
980,sess_000164,ADD_TO_CART,22,2026-07-13 20:50:27,18731.11
981,sess_000164,CHECKOUT_START,22,2026-07-13 20:51:55,18731.11
982,sess_000165,PRODUCT_VIEW,17,2026-07-15 19:48:04,23333.68
983,sess_000165,ADD_TO_CART,17,2026-07-15 19:48:24,23333.68
984,sess_000165,CHECKOUT_START,17,2026-07-15 19:48:51,23333.68
985,sess_000165,PAYMENT_FAILURE,17,2026-07-15 19:49:39,23333.68
986,sess_000165,PAYMENT_FAILURE,17,2026-07-15 19:50:21,23333.68
987,sess_000165,PAYMENT_FAILURE,17,2026-07-15 19:51:41,23333.68
988,sess_000166,PRODUCT_VIEW,7,2026-07-09 00:20:04,23088.42
989,sess_000166,ADD_TO_CART,7,2026-07-09 00:20:55,23088.42
990,sess_000166,PRODUCT_VIEW,2,2026-07-09 00:22:04,8878.17
991,sess_000166,ADD_TO_CART,2,2026-07-09 00:22:28,8878.17
992,sess_000166,PRODUCT_VIEW,19,2026-07-09 00:23:36,20611.38
993,sess_000166,ADD_TO_CART,19,2026-07-09 00:24:18,20611.38
994,sess_000166,CHECKOUT_START,7,2026-07-09 00:24:50,52577.97
995,sess_000167,PRODUCT_VIEW,3,2026-08-01 07:32:04,15751.54
996,sess_000167,ADD_TO_CART,3,2026-08-01 07:32:29,15751.54
997,sess_000168,PRODUCT_VIEW,16,2026-07-27 01:16:04,1571.54
998,sess_000168,ADD_TO_CART,16,2026-07-27 01:16:17,1571.54
999,sess_000168,PRODUCT_VIEW,33,2026-07-27 01:17:57,10984.48
1000,sess_000168,ADD_TO_CART,33,2026-07-27 01:18:23,10984.48
1001,sess_000168,PRODUCT_VIEW,18,2026-07-27 01:19:32,29592.56
1002,sess_000168,ADD_TO_CART,18,2026-07-27 01:19:43,29592.56
1003,sess_000169,PRODUCT_VIEW,34,2026-07-26 02:12:04,7303.52
1004,sess_000169,ADD_TO_CART,34,2026-07-26 02:12:57,7303.52
1005,sess_000169,PRODUCT_VIEW,44,2026-07-26 02:13:46,7783.14
1006,sess_000169,ADD_TO_CART,44,2026-07-26 02:14:22,7783.14
1007,sess_000169,PRODUCT_VIEW,40,2026-07-26 02:15:12,17551.46
1008,sess_000169,ADD_TO_CART,40,2026-07-26 02:15:58,17551.46
1009,sess_000169,PRODUCT_VIEW,41,2026-07-26 02:16:37,30450.87
1010,sess_000169,ADD_TO_CART,41,2026-07-26 02:17:14,30450.87
1011,sess_000169,CHECKOUT_START,34,2026-07-26 02:18:13,63088.99
1012,sess_000170,PRODUCT_VIEW,9,2026-07-18 19:54:04,33952.76
1013,sess_000170,ADD_TO_CART,9,2026-07-18 19:54:58,33952.76
1014,sess_000170,PRODUCT_VIEW,20,2026-07-18 19:56:25,7441.9
1015,sess_000170,ADD_TO_CART,20,2026-07-18 19:56:43,7441.9
1016,sess_000171,PRODUCT_VIEW,47,2026-07-21 20:35:04,34979.66
1017,sess_000171,ADD_TO_CART,47,2026-07-21 20:36:02,34979.66
1018,sess_000171,PRODUCT_VIEW,2,2026-07-21 20:37:02,8878.17
1019,sess_000171,ADD_TO_CART,2,2026-07-21 20:37:38,8878.17
1020,sess_000171,CHECKOUT_START,47,2026-07-21 20:38:50,43857.83
1021,sess_000172,PRODUCT_VIEW,39,2026-08-03 18:19:04,33078.06
1022,sess_000172,ADD_TO_CART,39,2026-08-03 18:19:28,33078.06
1023,sess_000172,PRODUCT_VIEW,15,2026-08-03 18:19:51,6095.52
1024,sess_000172,ADD_TO_CART,15,2026-08-03 18:20:23,6095.52
1025,sess_000172,CHECKOUT_START,39,2026-08-03 18:20:53,39173.58
1026,sess_000173,PRODUCT_VIEW,9,2026-07-18 11:52:04,33952.76
1027,sess_000173,ADD_TO_CART,9,2026-07-18 11:52:16,33952.76
1028,sess_000173,PRODUCT_VIEW,11,2026-07-18 11:53:28,6189.77
1029,sess_000173,ADD_TO_CART,11,2026-07-18 11:54:26,6189.77
1030,sess_000173,PRODUCT_VIEW,13,2026-07-18 11:54:47,15251.23
1031,sess_000173,ADD_TO_CART,13,2026-07-18 11:55:14,15251.23
1032,sess_000173,PRODUCT_VIEW,15,2026-07-18 11:56:26,6095.52
1033,sess_000173,ADD_TO_CART,15,2026-07-18 11:56:50,6095.52
1034,sess_000173,CHECKOUT_START,9,2026-07-18 11:57:35,61489.28
1035,sess_000174,PRODUCT_VIEW,16,2026-07-19 07:54:04,1571.54
1036,sess_000174,ADD_TO_CART,16,2026-07-19 07:54:16,1571.54
1037,sess_000174,PRODUCT_VIEW,28,2026-07-19 07:55:53,470.42
1038,sess_000174,ADD_TO_CART,28,2026-07-19 07:56:50,470.42
1039,sess_000174,PRODUCT_VIEW,26,2026-07-19 07:57:58,1741.62
1040,sess_000174,ADD_TO_CART,26,2026-07-19 07:58:54,1741.62
1041,sess_000174,PRODUCT_VIEW,50,2026-07-19 07:59:54,19975.03
1042,sess_000174,ADD_TO_CART,50,2026-07-19 08:00:29,19975.03
1043,sess_000175,PRODUCT_VIEW,36,2026-07-24 23:11:04,23638.97
1044,sess_000175,ADD_TO_CART,36,2026-07-24 23:11:38,23638.97
1045,sess_000175,CHECKOUT_START,36,2026-07-24 23:13:04,23638.97
1046,sess_000176,PRODUCT_VIEW,11,2026-07-26 14:14:04,6189.77
1047,sess_000176,ADD_TO_CART,11,2026-07-26 14:14:17,6189.77
1048,sess_000176,PRODUCT_VIEW,28,2026-07-26 14:15:43,470.42
1049,sess_000176,ADD_TO_CART,28,2026-07-26 14:16:02,470.42
1050,sess_000176,PRODUCT_VIEW,19,2026-07-26 14:17:21,20611.38
1051,sess_000176,ADD_TO_CART,19,2026-07-26 14:18:12,20611.38
1052,sess_000176,PRODUCT_VIEW,40,2026-07-26 14:19:29,17551.46
1053,sess_000176,ADD_TO_CART,40,2026-07-26 14:19:44,17551.46
1054,sess_000177,PRODUCT_VIEW,30,2026-07-24 23:46:04,16078.93
1055,sess_000177,ADD_TO_CART,30,2026-07-24 23:46:30,16078.93
1056,sess_000177,PRODUCT_VIEW,6,2026-07-24 23:47:31,33938.58
1057,sess_000177,ADD_TO_CART,6,2026-07-24 23:48:25,33938.58
1058,sess_000178,PRODUCT_VIEW,47,2026-07-24 02:59:04,34979.66
1059,sess_000178,ADD_TO_CART,47,2026-07-24 02:59:38,34979.66
1060,sess_000178,PRODUCT_VIEW,33,2026-07-24 03:01:08,10984.48
1061,sess_000178,ADD_TO_CART,33,2026-07-24 03:01:42,10984.48
1062,sess_000178,PRODUCT_VIEW,40,2026-07-24 03:02:07,17551.46
1063,sess_000178,ADD_TO_CART,40,2026-07-24 03:03:06,17551.46
1064,sess_000178,PRODUCT_VIEW,11,2026-07-24 03:03:47,6189.77
1065,sess_000178,ADD_TO_CART,11,2026-07-24 03:04:18,6189.77
1066,sess_000179,PRODUCT_VIEW,19,2026-07-14 22:52:04,20611.38
1067,sess_000179,ADD_TO_CART,19,2026-07-14 22:52:22,20611.38
1068,sess_000179,PRODUCT_VIEW,41,2026-07-14 22:53:07,30450.87
1069,sess_000179,ADD_TO_CART,41,2026-07-14 22:53:17,30450.87
1070,sess_000179,PRODUCT_VIEW,12,2026-07-14 22:54:56,11993.35
1071,sess_000179,ADD_TO_CART,12,2026-07-14 22:55:54,11993.35
1072,sess_000179,PRODUCT_VIEW,8,2026-07-14 22:56:46,27139.29
1073,sess_000179,ADD_TO_CART,8,2026-07-14 22:56:56,27139.29
1074,sess_000179,CHECKOUT_START,19,2026-07-14 22:58:14,90194.89
1075,sess_000180,PRODUCT_VIEW,6,2026-08-01 04:32:04,33938.58
1076,sess_000180,ADD_TO_CART,6,2026-08-01 04:32:49,33938.58
1077,sess_000180,PRODUCT_VIEW,39,2026-08-01 04:33:44,33078.06
1078,sess_000180,ADD_TO_CART,39,2026-08-01 04:34:33,33078.06
1079,sess_000180,PRODUCT_VIEW,1,2026-08-01 04:36:13,29947.02
1080,sess_000180,ADD_TO_CART,1,2026-08-01 04:36:58,29947.02
1081,sess_000180,PRODUCT_VIEW,16,2026-08-01 04:37:44,1571.54
1082,sess_000180,ADD_TO_CART,16,2026-08-01 04:37:57,1571.54
1083,sess_000180,CHECKOUT_START,6,2026-08-01 04:38:40,98535.2
1084,sess_000181,PRODUCT_VIEW,7,2026-08-06 01:51:04,23088.42
1085,sess_000181,ADD_TO_CART,7,2026-08-06 01:51:40,23088.42
1086,sess_000181,CHECKOUT_START,7,2026-08-06 01:52:22,23088.42
1087,sess_000182,PRODUCT_VIEW,24,2026-07-24 04:52:04,15990.76
1088,sess_000182,ADD_TO_CART,24,2026-07-24 04:53:02,15990.76
1089,sess_000182,PRODUCT_VIEW,25,2026-07-24 04:54:16,11269.93
1090,sess_000182,ADD_TO_CART,25,2026-07-24 04:55:01,11269.93
1091,sess_000182,PRODUCT_VIEW,5,2026-07-24 04:55:29,5973.44
1092,sess_000182,ADD_TO_CART,5,2026-07-24 04:55:57,5973.44
1093,sess_000182,CHECKOUT_START,24,2026-07-24 04:57:17,33234.130000000005
1094,sess_000182,PAYMENT_FAILURE,24,2026-07-24 04:57:55,33234.130000000005
1095,sess_000183,PRODUCT_VIEW,31,2026-08-01 00:52:04,17262.47
1096,sess_000183,ADD_TO_CART,31,2026-08-01 00:53:00,17262.47
1097,sess_000183,CHECKOUT_START,31,2026-08-01 00:54:37,17262.47
1098,sess_000184,PRODUCT_VIEW,40,2026-07-22 05:00:04,17551.46
1099,sess_000184,ADD_TO_CART,40,2026-07-22 05:00:45,17551.46
1100,sess_000184,PRODUCT_VIEW,37,2026-07-22 05:02:11,30424.4
1101,sess_000184,ADD_TO_CART,37,2026-07-22 05:03:07,30424.4
1102,sess_000185,PRODUCT_VIEW,30,2026-07-29 18:01:04,16078.93
1103,sess_000185,ADD_TO_CART,30,2026-07-29 18:01:54,16078.93
1104,sess_000185,CHECKOUT_START,30,2026-07-29 18:02:29,16078.93
1105,sess_000186,PRODUCT_VIEW,17,2026-07-27 05:30:04,23333.68
1106,sess_000186,ADD_TO_CART,17,2026-07-27 05:30:33,23333.68
1107,sess_000186,PRODUCT_VIEW,5,2026-07-27 05:31:57,5973.44
1108,sess_000186,ADD_TO_CART,5,2026-07-27 05:32:42,5973.44
1109,sess_000186,PRODUCT_VIEW,20,2026-07-27 05:33:43,7441.9
1110,sess_000186,ADD_TO_CART,20,2026-07-27 05:34:42,7441.9
1111,sess_000186,CHECKOUT_START,17,2026-07-27 05:35:02,36749.02
1112,sess_000187,PRODUCT_VIEW,44,2026-07-20 03:36:04,7783.14
1113,sess_000187,ADD_TO_CART,44,2026-07-20 03:36:55,7783.14
1114,sess_000187,PRODUCT_VIEW,31,2026-07-20 03:37:32,17262.47
1115,sess_000187,ADD_TO_CART,31,2026-07-20 03:38:12,17262.47
1116,sess_000187,PRODUCT_VIEW,3,2026-07-20 03:38:51,15751.54
1117,sess_000187,ADD_TO_CART,3,2026-07-20 03:39:41,15751.54
1118,sess_000187,CHECKOUT_START,44,2026-07-20 03:40:59,40797.15
1119,sess_000187,PAYMENT_FAILURE,44,2026-07-20 03:42:26,40797.15
1120,sess_000188,PRODUCT_VIEW,14,2026-07-15 22:43:04,21714.55
1121,sess_000188,ADD_TO_CART,14,2026-07-15 22:43:50,21714.55
1122,sess_000188,CHECKOUT_START,14,2026-07-15 22:44:52,21714.55
1123,sess_000188,PAYMENT_FAILURE,14,2026-07-15 22:46:13,21714.55
1124,sess_000188,PAYMENT_FAILURE,14,2026-07-15 22:47:41,21714.55
1125,sess_000189,PRODUCT_VIEW,12,2026-08-07 13:03:04,11993.35
1126,sess_000189,ADD_TO_CART,12,2026-08-07 13:03:33,11993.35
1127,sess_000189,PRODUCT_VIEW,39,2026-08-07 13:04:33,33078.06
1128,sess_000189,ADD_TO_CART,39,2026-08-07 13:05:28,33078.06
1129,sess_000189,PRODUCT_VIEW,8,2026-08-07 13:05:52,27139.29
1130,sess_000189,ADD_TO_CART,8,2026-08-07 13:06:19,27139.29
1131,sess_000189,PRODUCT_VIEW,49,2026-08-07 13:07:31,30515.02
1132,sess_000189,ADD_TO_CART,49,2026-08-07 13:07:46,30515.02
1133,sess_000189,CHECKOUT_START,12,2026-08-07 13:09:09,102725.72
1134,sess_000190,PRODUCT_VIEW,3,2026-07-22 14:18:04,15751.54
1135,sess_000190,ADD_TO_CART,3,2026-07-22 14:18:19,15751.54
1136,sess_000190,PRODUCT_VIEW,50,2026-07-22 14:19:35,19975.03
1137,sess_000190,ADD_TO_CART,50,2026-07-22 14:20:17,19975.03
1138,sess_000190,PRODUCT_VIEW,13,2026-07-22 14:20:40,15251.23
1139,sess_000190,ADD_TO_CART,13,2026-07-22 14:21:20,15251.23
1140,sess_000190,CHECKOUT_START,3,2026-07-22 14:22:44,50977.8
1141,sess_000191,PRODUCT_VIEW,50,2026-07-11 06:45:04,19975.03
1142,sess_000191,ADD_TO_CART,50,2026-07-11 06:45:47,19975.03
1143,sess_000191,PRODUCT_VIEW,7,2026-07-11 06:46:23,23088.42
1144,sess_000191,ADD_TO_CART,7,2026-07-11 06:46:46,23088.42
1145,sess_000192,PRODUCT_VIEW,7,2026-08-06 01:10:04,23088.42
1146,sess_000192,ADD_TO_CART,7,2026-08-06 01:10:47,23088.42
1147,sess_000192,CHECKOUT_START,7,2026-08-06 01:11:46,23088.42
1148,sess_000192,PAYMENT_FAILURE,7,2026-08-06 01:12:17,23088.42
1149,sess_000193,PRODUCT_VIEW,43,2026-07-29 15:11:04,24226.27
1150,sess_000193,ADD_TO_CART,43,2026-07-29 15:11:24,24226.27
1151,sess_000193,PRODUCT_VIEW,8,2026-07-29 15:12:19,27139.29
1152,sess_000193,ADD_TO_CART,8,2026-07-29 15:12:36,27139.29
1153,sess_000193,PRODUCT_VIEW,18,2026-07-29 15:12:57,29592.56
1154,sess_000193,ADD_TO_CART,18,2026-07-29 15:13:46,29592.56
1155,sess_000193,PRODUCT_VIEW,10,2026-07-29 15:15:17,8490.19
1156,sess_000193,ADD_TO_CART,10,2026-07-29 15:15:59,8490.19
1157,sess_000194,PRODUCT_VIEW,5,2026-08-03 14:57:04,5973.44
1158,sess_000194,ADD_TO_CART,5,2026-08-03 14:57:53,5973.44
1159,sess_000194,PRODUCT_VIEW,20,2026-08-03 14:58:56,7441.9
1160,sess_000194,ADD_TO_CART,20,2026-08-03 14:59:40,7441.9
1161,sess_000195,PRODUCT_VIEW,46,2026-07-26 22:47:04,3997.88
1162,sess_000195,ADD_TO_CART,46,2026-07-26 22:47:51,3997.88
1163,sess_000195,PRODUCT_VIEW,39,2026-07-26 22:49:31,33078.06
1164,sess_000195,ADD_TO_CART,39,2026-07-26 22:50:25,33078.06
1165,sess_000195,CHECKOUT_START,46,2026-07-26 22:51:42,37075.939999999995
1166,sess_000196,PRODUCT_VIEW,49,2026-07-14 01:44:04,30515.02
1167,sess_000196,ADD_TO_CART,49,2026-07-14 01:45:02,30515.02
1168,sess_000197,PRODUCT_VIEW,10,2026-07-24 14:02:04,8490.19
1169,sess_000197,ADD_TO_CART,10,2026-07-24 14:02:30,8490.19
1170,sess_000197,PRODUCT_VIEW,40,2026-07-24 14:03:36,17551.46
1171,sess_000197,ADD_TO_CART,40,2026-07-24 14:04:11,17551.46
1172,sess_000197,CHECKOUT_START,10,2026-07-24 14:04:54,26041.65
1173,sess_000198,PRODUCT_VIEW,23,2026-07-23 23:36:04,1664.26
1174,sess_000198,ADD_TO_CART,23,2026-07-23 23:36:44,1664.26
1175,sess_000199,PRODUCT_VIEW,36,2026-07-20 20:17:04,23638.97
1176,sess_000199,ADD_TO_CART,36,2026-07-20 20:18:04,23638.97
1177,sess_000199,PRODUCT_VIEW,42,2026-07-20 20:19:02,1353.46
1178,sess_000199,ADD_TO_CART,42,2026-07-20 20:19:46,1353.46
1179,sess_000199,PRODUCT_VIEW,5,2026-07-20 20:21:05,5973.44
1180,sess_000199,ADD_TO_CART,5,2026-07-20 20:21:40,5973.44
1181,sess_000199,CHECKOUT_START,36,2026-07-20 20:23:15,30965.87
1182,sess_000199,PAYMENT_FAILURE,36,2026-07-20 20:24:11,30965.87
1183,sess_000200,PRODUCT_VIEW,45,2026-07-23 11:31:04,13966.49
1184,sess_000200,ADD_TO_CART,45,2026-07-23 11:31:41,13966.49
1185,sess_000200,PRODUCT_VIEW,38,2026-07-23 11:32:56,24333.81
1186,sess_000200,ADD_TO_CART,38,2026-07-23 11:33:42,24333.81
1187,sess_000201,PRODUCT_VIEW,38,2026-07-09 05:02:04,24333.81
1188,sess_000201,ADD_TO_CART,38,2026-07-09 05:02:52,24333.81
1189,sess_000202,PRODUCT_VIEW,44,2026-07-29 10:46:04,7783.14
1190,sess_000202,ADD_TO_CART,44,2026-07-29 10:46:52,7783.14
1191,sess_000203,PRODUCT_VIEW,49,2026-08-03 04:48:04,30515.02
1192,sess_000203,ADD_TO_CART,49,2026-08-03 04:48:23,30515.02
1193,sess_000204,PRODUCT_VIEW,46,2026-08-01 01:22:04,3997.88
1194,sess_000204,ADD_TO_CART,46,2026-08-01 01:22:14,3997.88
1195,sess_000204,PRODUCT_VIEW,23,2026-08-01 01:23:52,1664.26
1196,sess_000204,ADD_TO_CART,23,2026-08-01 01:24:34,1664.26
1197,sess_000204,PRODUCT_VIEW,6,2026-08-01 01:25:45,33938.58
1198,sess_000204,ADD_TO_CART,6,2026-08-01 01:26:03,33938.58
1199,sess_000204,PRODUCT_VIEW,38,2026-08-01 01:27:00,24333.81
1200,sess_000204,ADD_TO_CART,38,2026-08-01 01:27:13,24333.81
1201,sess_000204,CHECKOUT_START,46,2026-08-01 01:28:20,63934.53
1202,sess_000205,PRODUCT_VIEW,41,2026-07-11 15:00:04,30450.87
1203,sess_000205,ADD_TO_CART,41,2026-07-11 15:00:39,30450.87
1204,sess_000205,PRODUCT_VIEW,21,2026-07-11 15:01:47,9659.58
1205,sess_000205,ADD_TO_CART,21,2026-07-11 15:02:24,9659.58
1206,sess_000205,PRODUCT_VIEW,46,2026-07-11 15:03:53,3997.88
1207,sess_000205,ADD_TO_CART,46,2026-07-11 15:04:16,3997.88
1208,sess_000205,PRODUCT_VIEW,25,2026-07-11 15:04:58,11269.93
1209,sess_000205,ADD_TO_CART,25,2026-07-11 15:05:38,11269.93
1210,sess_000205,CHECKOUT_START,41,2026-07-11 15:06:15,55378.259999999995
1211,sess_000206,PRODUCT_VIEW,5,2026-07-25 19:22:04,5973.44
1212,sess_000206,ADD_TO_CART,5,2026-07-25 19:22:55,5973.44
1213,sess_000206,CHECKOUT_START,5,2026-07-25 19:23:17,5973.44
1214,sess_000206,PAYMENT_FAILURE,5,2026-07-25 19:23:56,5973.44
1215,sess_000206,PAYMENT_FAILURE,5,2026-07-25 19:25:12,5973.44
1216,sess_000206,PAYMENT_FAILURE,5,2026-07-25 19:26:38,5973.44
1217,sess_000207,PRODUCT_VIEW,33,2026-07-18 10:26:04,10984.48
1218,sess_000207,ADD_TO_CART,33,2026-07-18 10:26:38,10984.48
1219,sess_000207,PRODUCT_VIEW,28,2026-07-18 10:27:43,470.42
1220,sess_000207,ADD_TO_CART,28,2026-07-18 10:28:07,470.42
1221,sess_000207,PRODUCT_VIEW,36,2026-07-18 10:28:50,23638.97
1222,sess_000207,ADD_TO_CART,36,2026-07-18 10:29:27,23638.97
1223,sess_000207,PRODUCT_VIEW,29,2026-07-18 10:31:04,22477.1
1224,sess_000207,ADD_TO_CART,29,2026-07-18 10:31:14,22477.1
1225,sess_000207,CHECKOUT_START,33,2026-07-18 10:32:47,57570.97
1226,sess_000208,PRODUCT_VIEW,3,2026-07-09 05:59:04,15751.54
1227,sess_000208,ADD_TO_CART,3,2026-07-09 05:59:50,15751.54
1228,sess_000208,CHECKOUT_START,3,2026-07-09 06:01:11,15751.54
1229,sess_000209,PRODUCT_VIEW,34,2026-07-16 21:54:04,7303.52
1230,sess_000209,ADD_TO_CART,34,2026-07-16 21:54:44,7303.52
1231,sess_000209,PRODUCT_VIEW,6,2026-07-16 21:56:24,33938.58
1232,sess_000209,ADD_TO_CART,6,2026-07-16 21:57:21,33938.58
1233,sess_000209,PRODUCT_VIEW,40,2026-07-16 21:57:50,17551.46
1234,sess_000209,ADD_TO_CART,40,2026-07-16 21:58:43,17551.46
1235,sess_000209,PRODUCT_VIEW,16,2026-07-16 22:00:12,1571.54
1236,sess_000209,ADD_TO_CART,16,2026-07-16 22:00:59,1571.54
1237,sess_000209,CHECKOUT_START,34,2026-07-16 22:01:58,60365.100000000006
1238,sess_000210,PRODUCT_VIEW,27,2026-07-24 07:08:04,34536.05
1239,sess_000210,ADD_TO_CART,27,2026-07-24 07:08:32,34536.05
1240,sess_000210,PRODUCT_VIEW,23,2026-07-24 07:09:13,1664.26
1241,sess_000210,ADD_TO_CART,23,2026-07-24 07:09:25,1664.26
1242,sess_000210,PRODUCT_VIEW,19,2026-07-24 07:11:01,20611.38
1243,sess_000210,ADD_TO_CART,19,2026-07-24 07:11:58,20611.38
1244,sess_000211,PRODUCT_VIEW,19,2026-08-02 05:04:04,20611.38
1245,sess_000211,ADD_TO_CART,19,2026-08-02 05:04:45,20611.38
1246,sess_000211,CHECKOUT_START,19,2026-08-02 05:05:15,20611.38
1247,sess_000212,PRODUCT_VIEW,1,2026-08-03 03:36:04,29947.02
1248,sess_000212,ADD_TO_CART,1,2026-08-03 03:36:52,29947.02
1249,sess_000212,PRODUCT_VIEW,48,2026-08-03 03:37:34,34207.92
1250,sess_000212,ADD_TO_CART,48,2026-08-03 03:38:21,34207.92
1251,sess_000212,PRODUCT_VIEW,8,2026-08-03 03:39:00,27139.29
1252,sess_000212,ADD_TO_CART,8,2026-08-03 03:39:52,27139.29
1253,sess_000213,PRODUCT_VIEW,39,2026-08-02 06:37:04,33078.06
1254,sess_000213,ADD_TO_CART,39,2026-08-02 06:37:45,33078.06
1255,sess_000213,PRODUCT_VIEW,10,2026-08-02 06:38:57,8490.19
1256,sess_000213,ADD_TO_CART,10,2026-08-02 06:39:56,8490.19
1257,sess_000213,CHECKOUT_START,39,2026-08-02 06:41:05,41568.25
1258,sess_000214,PRODUCT_VIEW,49,2026-07-20 12:51:04,30515.02
1259,sess_000214,ADD_TO_CART,49,2026-07-20 12:51:24,30515.02
1260,sess_000214,PRODUCT_VIEW,8,2026-07-20 12:52:43,27139.29
1261,sess_000214,ADD_TO_CART,8,2026-07-20 12:53:18,27139.29
1262,sess_000214,PRODUCT_VIEW,4,2026-07-20 12:54:38,12764.76
1263,sess_000214,ADD_TO_CART,4,2026-07-20 12:55:07,12764.76
1264,sess_000215,PRODUCT_VIEW,19,2026-07-30 19:40:04,20611.38
1265,sess_000215,ADD_TO_CART,19,2026-07-30 19:40:42,20611.38
1266,sess_000216,PRODUCT_VIEW,18,2026-07-11 09:53:04,29592.56
1267,sess_000216,ADD_TO_CART,18,2026-07-11 09:53:55,29592.56
1268,sess_000216,PRODUCT_VIEW,7,2026-07-11 09:55:29,23088.42
1269,sess_000216,ADD_TO_CART,7,2026-07-11 09:56:04,23088.42
1270,sess_000216,PRODUCT_VIEW,17,2026-07-11 09:57:23,23333.68
1271,sess_000216,ADD_TO_CART,17,2026-07-11 09:58:22,23333.68
1272,sess_000216,CHECKOUT_START,18,2026-07-11 09:59:12,76014.66
1273,sess_000216,PAYMENT_FAILURE,18,2026-07-11 10:00:28,76014.66
1274,sess_000216,PAYMENT_FAILURE,18,2026-07-11 10:01:41,76014.66
1275,sess_000216,PAYMENT_FAILURE,18,2026-07-11 10:02:48,76014.66
1276,sess_000217,PRODUCT_VIEW,1,2026-07-22 00:16:04,29947.02
1277,sess_000217,ADD_TO_CART,1,2026-07-22 00:16:40,29947.02
1278,sess_000217,CHECKOUT_START,1,2026-07-22 00:17:12,29947.02
1279,sess_000218,PRODUCT_VIEW,40,2026-07-29 16:02:04,17551.46
1280,sess_000218,ADD_TO_CART,40,2026-07-29 16:02:19,17551.46
1281,sess_000219,PRODUCT_VIEW,8,2026-07-08 20:32:04,27139.29
1282,sess_000219,ADD_TO_CART,8,2026-07-08 20:32:25,27139.29
1283,sess_000219,PRODUCT_VIEW,45,2026-07-08 20:33:17,13966.49
1284,sess_000219,ADD_TO_CART,45,2026-07-08 20:33:45,13966.49
1285,sess_000219,CHECKOUT_START,8,2026-07-08 20:35:04,41105.78
1286,sess_000220,PRODUCT_VIEW,11,2026-07-25 01:00:04,6189.77
1287,sess_000220,ADD_TO_CART,11,2026-07-25 01:00:31,6189.77
1288,sess_000220,PRODUCT_VIEW,50,2026-07-25 01:00:58,19975.03
1289,sess_000220,ADD_TO_CART,50,2026-07-25 01:01:32,19975.03
1290,sess_000220,PRODUCT_VIEW,5,2026-07-25 01:02:41,5973.44
1291,sess_000220,ADD_TO_CART,5,2026-07-25 01:03:12,5973.44
1292,sess_000220,CHECKOUT_START,11,2026-07-25 01:03:39,32138.239999999998
1293,sess_000221,PRODUCT_VIEW,10,2026-07-09 17:47:04,8490.19
1294,sess_000221,ADD_TO_CART,10,2026-07-09 17:47:48,8490.19
1295,sess_000221,CHECKOUT_START,10,2026-07-09 17:49:03,8490.19
1296,sess_000221,PAYMENT_FAILURE,10,2026-07-09 17:49:46,8490.19
1297,sess_000221,PAYMENT_FAILURE,10,2026-07-09 17:50:55,8490.19
1298,sess_000222,PRODUCT_VIEW,2,2026-08-06 22:08:04,8878.17
1299,sess_000222,ADD_TO_CART,2,2026-08-06 22:08:54,8878.17
1300,sess_000222,PRODUCT_VIEW,32,2026-08-06 22:09:14,5145.04
1301,sess_000222,ADD_TO_CART,32,2026-08-06 22:09:26,5145.04
1302,sess_000222,PRODUCT_VIEW,10,2026-08-06 22:10:35,8490.19
1303,sess_000222,ADD_TO_CART,10,2026-08-06 22:11:02,8490.19
1304,sess_000222,PRODUCT_VIEW,42,2026-08-06 22:11:41,1353.46
1305,sess_000222,ADD_TO_CART,42,2026-08-06 22:12:35,1353.46
1306,sess_000222,CHECKOUT_START,2,2026-08-06 22:13:37,23866.86
1307,sess_000223,PRODUCT_VIEW,25,2026-07-25 10:50:04,11269.93
1308,sess_000223,ADD_TO_CART,25,2026-07-25 10:50:58,11269.93
1309,sess_000223,CHECKOUT_START,25,2026-07-25 10:52:19,11269.93
1310,sess_000223,PAYMENT_FAILURE,25,2026-07-25 10:52:56,11269.93
1311,sess_000224,PRODUCT_VIEW,30,2026-08-06 03:03:04,16078.93
1312,sess_000224,ADD_TO_CART,30,2026-08-06 03:04:02,16078.93
1313,sess_000224,CHECKOUT_START,30,2026-08-06 03:04:59,16078.93
1314,sess_000225,PRODUCT_VIEW,41,2026-07-26 02:04:04,30450.87
1315,sess_000225,ADD_TO_CART,41,2026-07-26 02:04:58,30450.87
1316,sess_000225,CHECKOUT_START,41,2026-07-26 02:06:03,30450.87
1317,sess_000226,PRODUCT_VIEW,5,2026-08-06 18:02:04,5973.44
1318,sess_000226,ADD_TO_CART,5,2026-08-06 18:02:45,5973.44
1319,sess_000226,PRODUCT_VIEW,35,2026-08-06 18:04:13,33955.92
1320,sess_000226,ADD_TO_CART,35,2026-08-06 18:04:51,33955.92
1321,sess_000226,PRODUCT_VIEW,42,2026-08-06 18:05:13,1353.46
1322,sess_000226,ADD_TO_CART,42,2026-08-06 18:05:25,1353.46
1323,sess_000226,PRODUCT_VIEW,20,2026-08-06 18:06:28,7441.9
1324,sess_000226,ADD_TO_CART,20,2026-08-06 18:06:41,7441.9
1325,sess_000226,CHECKOUT_START,5,2026-08-06 18:07:44,48724.72
1326,sess_000227,PRODUCT_VIEW,44,2026-07-13 02:18:04,7783.14
1327,sess_000227,ADD_TO_CART,44,2026-07-13 02:18:51,7783.14
1328,sess_000227,PRODUCT_VIEW,35,2026-07-13 02:19:40,33955.92
1329,sess_000227,ADD_TO_CART,35,2026-07-13 02:19:54,33955.92
1330,sess_000227,PRODUCT_VIEW,10,2026-07-13 02:20:18,8490.19
1331,sess_000227,ADD_TO_CART,10,2026-07-13 02:21:15,8490.19
1332,sess_000227,PRODUCT_VIEW,48,2026-07-13 02:21:53,34207.92
1333,sess_000227,ADD_TO_CART,48,2026-07-13 02:22:34,34207.92
1334,sess_000228,PRODUCT_VIEW,30,2026-08-02 03:02:04,16078.93
1335,sess_000228,ADD_TO_CART,30,2026-08-02 03:02:53,16078.93
1336,sess_000228,CHECKOUT_START,30,2026-08-02 03:03:34,16078.93
1337,sess_000229,PRODUCT_VIEW,5,2026-07-23 04:19:04,5973.44
1338,sess_000229,ADD_TO_CART,5,2026-07-23 04:19:41,5973.44
1339,sess_000229,PRODUCT_VIEW,13,2026-07-23 04:20:44,15251.23
1340,sess_000229,ADD_TO_CART,13,2026-07-23 04:21:41,15251.23
1341,sess_000230,PRODUCT_VIEW,10,2026-08-06 04:23:04,8490.19
1342,sess_000230,ADD_TO_CART,10,2026-08-06 04:23:24,8490.19
1343,sess_000230,PRODUCT_VIEW,49,2026-08-06 04:24:31,30515.02
1344,sess_000230,ADD_TO_CART,49,2026-08-06 04:25:16,30515.02
1345,sess_000230,PRODUCT_VIEW,27,2026-08-06 04:25:57,34536.05
1346,sess_000230,ADD_TO_CART,27,2026-08-06 04:26:35,34536.05
1347,sess_000230,CHECKOUT_START,10,2026-08-06 04:27:26,73541.26000000001
1348,sess_000230,PAYMENT_FAILURE,10,2026-08-06 04:28:55,73541.26000000001
1349,sess_000230,PAYMENT_FAILURE,10,2026-08-06 04:30:02,73541.26000000001
1350,sess_000231,PRODUCT_VIEW,12,2026-08-03 00:05:04,11993.35
1351,sess_000231,ADD_TO_CART,12,2026-08-03 00:05:19,11993.35
1352,sess_000231,CHECKOUT_START,12,2026-08-03 00:06:54,11993.35
1353,sess_000232,PRODUCT_VIEW,27,2026-08-03 17:35:04,34536.05
1354,sess_000232,ADD_TO_CART,27,2026-08-03 17:35:58,34536.05
1355,sess_000232,PRODUCT_VIEW,16,2026-08-03 17:36:22,1571.54
1356,sess_000232,ADD_TO_CART,16,2026-08-03 17:37:10,1571.54
1357,sess_000232,PRODUCT_VIEW,12,2026-08-03 17:37:53,11993.35
1358,sess_000232,ADD_TO_CART,12,2026-08-03 17:38:48,11993.35
1359,sess_000232,PRODUCT_VIEW,40,2026-08-03 17:40:11,17551.46
1360,sess_000232,ADD_TO_CART,40,2026-08-03 17:41:00,17551.46
1361,sess_000232,CHECKOUT_START,27,2026-08-03 17:41:31,65652.4
1362,sess_000233,PRODUCT_VIEW,30,2026-07-31 18:04:04,16078.93
1363,sess_000233,ADD_TO_CART,30,2026-07-31 18:04:54,16078.93
1364,sess_000233,PRODUCT_VIEW,50,2026-07-31 18:05:40,19975.03
1365,sess_000233,ADD_TO_CART,50,2026-07-31 18:06:07,19975.03
1366,sess_000233,CHECKOUT_START,30,2026-07-31 18:06:33,36053.96
1367,sess_000233,PAYMENT_FAILURE,30,2026-07-31 18:07:15,36053.96
1368,sess_000233,PAYMENT_FAILURE,30,2026-07-31 18:07:52,36053.96
1369,sess_000233,PAYMENT_FAILURE,30,2026-07-31 18:09:12,36053.96
1370,sess_000234,PRODUCT_VIEW,28,2026-07-17 23:09:04,470.42
1371,sess_000234,ADD_TO_CART,28,2026-07-17 23:09:35,470.42
1372,sess_000234,PRODUCT_VIEW,17,2026-07-17 23:11:13,23333.68
1373,sess_000234,ADD_TO_CART,17,2026-07-17 23:12:11,23333.68
1374,sess_000234,CHECKOUT_START,28,2026-07-17 23:13:29,23804.1
1375,sess_000235,PRODUCT_VIEW,16,2026-07-13 23:38:04,1571.54
1376,sess_000235,ADD_TO_CART,16,2026-07-13 23:39:00,1571.54
1377,sess_000235,CHECKOUT_START,16,2026-07-13 23:40:16,1571.54
1378,sess_000236,PRODUCT_VIEW,7,2026-07-17 13:30:04,23088.42
1379,sess_000236,ADD_TO_CART,7,2026-07-17 13:31:01,23088.42
1380,sess_000236,PRODUCT_VIEW,16,2026-07-17 13:32:13,1571.54
1381,sess_000236,ADD_TO_CART,16,2026-07-17 13:32:35,1571.54
1382,sess_000236,CHECKOUT_START,7,2026-07-17 13:33:43,24659.96
1383,sess_000237,PRODUCT_VIEW,12,2026-07-10 09:45:04,11993.35
1384,sess_000237,ADD_TO_CART,12,2026-07-10 09:45:43,11993.35
1385,sess_000237,PRODUCT_VIEW,25,2026-07-10 09:46:27,11269.93
1386,sess_000237,ADD_TO_CART,25,2026-07-10 09:47:17,11269.93
1387,sess_000237,PRODUCT_VIEW,24,2026-07-10 09:48:22,15990.76
1388,sess_000237,ADD_TO_CART,24,2026-07-10 09:48:49,15990.76
1389,sess_000237,PRODUCT_VIEW,9,2026-07-10 09:49:34,33952.76
1390,sess_000237,ADD_TO_CART,9,2026-07-10 09:50:05,33952.76
1391,sess_000237,CHECKOUT_START,12,2026-07-10 09:50:41,73206.8
1392,sess_000238,PRODUCT_VIEW,49,2026-07-11 08:44:04,30515.02
1393,sess_000238,ADD_TO_CART,49,2026-07-11 08:44:28,30515.02
1394,sess_000238,PRODUCT_VIEW,22,2026-07-11 08:45:25,18731.11
1395,sess_000238,ADD_TO_CART,22,2026-07-11 08:46:13,18731.11
1396,sess_000238,CHECKOUT_START,49,2026-07-11 08:46:53,49246.130000000005
1397,sess_000239,PRODUCT_VIEW,18,2026-07-25 06:49:04,29592.56
1398,sess_000239,ADD_TO_CART,18,2026-07-25 06:50:01,29592.56
1399,sess_000239,PRODUCT_VIEW,1,2026-07-25 06:50:52,29947.02
1400,sess_000239,ADD_TO_CART,1,2026-07-25 06:51:17,29947.02
1401,sess_000239,PRODUCT_VIEW,47,2026-07-25 06:52:18,34979.66
1402,sess_000239,ADD_TO_CART,47,2026-07-25 06:52:55,34979.66
1403,sess_000239,PRODUCT_VIEW,28,2026-07-25 06:54:29,470.42
1404,sess_000239,ADD_TO_CART,28,2026-07-25 06:54:53,470.42
1405,sess_000239,CHECKOUT_START,18,2026-07-25 06:56:28,94989.66
1406,sess_000240,PRODUCT_VIEW,45,2026-07-23 07:25:04,13966.49
1407,sess_000240,ADD_TO_CART,45,2026-07-23 07:25:29,13966.49
1408,sess_000240,PRODUCT_VIEW,7,2026-07-23 07:25:59,23088.42
1409,sess_000240,ADD_TO_CART,7,2026-07-23 07:26:44,23088.42
1410,sess_000240,PRODUCT_VIEW,29,2026-07-23 07:27:05,22477.1
1411,sess_000240,ADD_TO_CART,29,2026-07-23 07:27:59,22477.1
1412,sess_000240,PRODUCT_VIEW,32,2026-07-23 07:29:11,5145.04
1413,sess_000240,ADD_TO_CART,32,2026-07-23 07:29:34,5145.04
1414,sess_000240,CHECKOUT_START,45,2026-07-23 07:30:10,64677.049999999996
1415,sess_000241,PRODUCT_VIEW,37,2026-07-23 01:47:04,30424.4
1416,sess_000241,ADD_TO_CART,37,2026-07-23 01:47:43,30424.4
1417,sess_000241,PRODUCT_VIEW,48,2026-07-23 01:49:02,34207.92
1418,sess_000241,ADD_TO_CART,48,2026-07-23 01:50:01,34207.92
1419,sess_000241,PRODUCT_VIEW,38,2026-07-23 01:50:38,24333.81
1420,sess_000241,ADD_TO_CART,38,2026-07-23 01:51:33,24333.81
1421,sess_000241,PRODUCT_VIEW,2,2026-07-23 01:52:44,8878.17
1422,sess_000241,ADD_TO_CART,2,2026-07-23 01:53:05,8878.17
1423,sess_000242,PRODUCT_VIEW,49,2026-07-10 01:03:04,30515.02
1424,sess_000242,ADD_TO_CART,49,2026-07-10 01:03:48,30515.02
1425,sess_000242,PRODUCT_VIEW,18,2026-07-10 01:05:21,29592.56
1426,sess_000242,ADD_TO_CART,18,2026-07-10 01:06:21,29592.56
1427,sess_000242,PRODUCT_VIEW,45,2026-07-10 01:07:07,13966.49
1428,sess_000242,ADD_TO_CART,45,2026-07-10 01:08:07,13966.49
1429,sess_000242,PRODUCT_VIEW,40,2026-07-10 01:08:37,17551.46
1430,sess_000242,ADD_TO_CART,40,2026-07-10 01:09:26,17551.46
1431,sess_000242,CHECKOUT_START,49,2026-07-10 01:10:28,91625.53
1432,sess_000242,PAYMENT_FAILURE,49,2026-07-10 01:11:45,91625.53
1433,sess_000242,PAYMENT_FAILURE,49,2026-07-10 01:13:14,91625.53
1434,sess_000242,PAYMENT_FAILURE,49,2026-07-10 01:13:47,91625.53
1435,sess_000243,PRODUCT_VIEW,12,2026-07-26 12:09:04,11993.35
1436,sess_000243,ADD_TO_CART,12,2026-07-26 12:09:59,11993.35
1437,sess_000243,PRODUCT_VIEW,42,2026-07-26 12:10:27,1353.46
1438,sess_000243,ADD_TO_CART,42,2026-07-26 12:11:12,1353.46
1439,sess_000243,PRODUCT_VIEW,36,2026-07-26 12:11:58,23638.97
1440,sess_000243,ADD_TO_CART,36,2026-07-26 12:12:16,23638.97
1441,sess_000243,CHECKOUT_START,12,2026-07-26 12:13:18,36985.78
1442,sess_000244,PRODUCT_VIEW,49,2026-07-08 04:49:04,30515.02
1443,sess_000244,ADD_TO_CART,49,2026-07-08 04:50:02,30515.02
1444,sess_000244,PRODUCT_VIEW,48,2026-07-08 04:50:50,34207.92
1445,sess_000244,ADD_TO_CART,48,2026-07-08 04:51:20,34207.92
1446,sess_000245,PRODUCT_VIEW,46,2026-07-27 12:50:04,3997.88
1447,sess_000245,ADD_TO_CART,46,2026-07-27 12:50:42,3997.88
1448,sess_000245,PRODUCT_VIEW,35,2026-07-27 12:52:21,33955.92
1449,sess_000245,ADD_TO_CART,35,2026-07-27 12:52:54,33955.92
1450,sess_000245,PRODUCT_VIEW,44,2026-07-27 12:53:22,7783.14
1451,sess_000245,ADD_TO_CART,44,2026-07-27 12:53:44,7783.14
1452,sess_000245,PRODUCT_VIEW,19,2026-07-27 12:55:02,20611.38
1453,sess_000245,ADD_TO_CART,19,2026-07-27 12:55:17,20611.38
1454,sess_000245,CHECKOUT_START,46,2026-07-27 12:55:47,66348.31999999999
1455,sess_000246,PRODUCT_VIEW,10,2026-08-02 15:12:04,8490.19
1456,sess_000246,ADD_TO_CART,10,2026-08-02 15:12:15,8490.19
1457,sess_000246,PRODUCT_VIEW,14,2026-08-02 15:13:12,21714.55
1458,sess_000246,ADD_TO_CART,14,2026-08-02 15:13:48,21714.55
1459,sess_000246,PRODUCT_VIEW,34,2026-08-02 15:15:17,7303.52
1460,sess_000246,ADD_TO_CART,34,2026-08-02 15:15:35,7303.52
1461,sess_000246,PRODUCT_VIEW,41,2026-08-02 15:16:55,30450.87
1462,sess_000246,ADD_TO_CART,41,2026-08-02 15:17:27,30450.87
1463,sess_000246,CHECKOUT_START,10,2026-08-02 15:18:40,67959.12999999999
1464,sess_000247,PRODUCT_VIEW,27,2026-08-07 16:42:04,34536.05
1465,sess_000247,ADD_TO_CART,27,2026-08-07 16:42:55,34536.05
1466,sess_000247,PRODUCT_VIEW,38,2026-08-07 16:43:56,24333.81
1467,sess_000247,ADD_TO_CART,38,2026-08-07 16:44:37,24333.81
1468,sess_000247,PRODUCT_VIEW,22,2026-08-07 16:46:12,18731.11
1469,sess_000247,ADD_TO_CART,22,2026-08-07 16:47:04,18731.11
1470,sess_000248,PRODUCT_VIEW,24,2026-08-03 14:10:04,15990.76
1471,sess_000248,ADD_TO_CART,24,2026-08-03 14:10:23,15990.76
1472,sess_000248,PRODUCT_VIEW,19,2026-08-03 14:11:28,20611.38
1473,sess_000248,ADD_TO_CART,19,2026-08-03 14:11:56,20611.38
1474,sess_000248,PRODUCT_VIEW,50,2026-08-03 14:13:14,19975.03
1475,sess_000248,ADD_TO_CART,50,2026-08-03 14:13:34,19975.03
1476,sess_000248,PRODUCT_VIEW,4,2026-08-03 14:15:13,12764.76
1477,sess_000248,ADD_TO_CART,4,2026-08-03 14:15:33,12764.76
1478,sess_000248,CHECKOUT_START,24,2026-08-03 14:17:01,69341.93
1479,sess_000249,PRODUCT_VIEW,17,2026-07-31 20:38:04,23333.68
1480,sess_000249,ADD_TO_CART,17,2026-07-31 20:38:49,23333.68
1481,sess_000249,PRODUCT_VIEW,24,2026-07-31 20:39:13,15990.76
1482,sess_000249,ADD_TO_CART,24,2026-07-31 20:40:05,15990.76
1483,sess_000249,PRODUCT_VIEW,12,2026-07-31 20:41:05,11993.35
1484,sess_000249,ADD_TO_CART,12,2026-07-31 20:41:37,11993.35
1485,sess_000249,PRODUCT_VIEW,14,2026-07-31 20:42:15,21714.55
1486,sess_000249,ADD_TO_CART,14,2026-07-31 20:42:48,21714.55
1487,sess_000249,CHECKOUT_START,17,2026-07-31 20:44:05,73032.34
1488,sess_000250,PRODUCT_VIEW,1,2026-07-09 07:35:04,29947.02
1489,sess_000250,ADD_TO_CART,1,2026-07-09 07:35:48,29947.02
1490,sess_000250,PRODUCT_VIEW,48,2026-07-09 07:37:12,34207.92
1491,sess_000250,ADD_TO_CART,48,2026-07-09 07:37:43,34207.92
1492,sess_000250,CHECKOUT_START,1,2026-07-09 07:38:40,64154.94
1493,sess_000251,PRODUCT_VIEW,20,2026-07-16 20:47:04,7441.9
1494,sess_000251,ADD_TO_CART,20,2026-07-16 20:47:15,7441.9
1495,sess_000251,CHECKOUT_START,20,2026-07-16 20:48:26,7441.9
1496,sess_000252,PRODUCT_VIEW,13,2026-08-06 03:52:04,15251.23
1497,sess_000252,ADD_TO_CART,13,2026-08-06 03:52:48,15251.23
1498,sess_000252,PRODUCT_VIEW,2,2026-08-06 03:54:05,8878.17
1499,sess_000252,ADD_TO_CART,2,2026-08-06 03:54:58,8878.17
1500,sess_000252,PRODUCT_VIEW,6,2026-08-06 03:55:29,33938.58
1501,sess_000252,ADD_TO_CART,6,2026-08-06 03:56:11,33938.58
1502,sess_000252,CHECKOUT_START,13,2026-08-06 03:57:21,58067.98
1503,sess_000253,PRODUCT_VIEW,24,2026-07-17 12:18:04,15990.76
1504,sess_000253,ADD_TO_CART,24,2026-07-17 12:18:36,15990.76
1505,sess_000253,PRODUCT_VIEW,25,2026-07-17 12:19:40,11269.93
1506,sess_000253,ADD_TO_CART,25,2026-07-17 12:20:09,11269.93
1507,sess_000253,PRODUCT_VIEW,1,2026-07-17 12:21:26,29947.02
1508,sess_000253,ADD_TO_CART,1,2026-07-17 12:22:11,29947.02
1509,sess_000253,PRODUCT_VIEW,19,2026-07-17 12:22:42,20611.38
1510,sess_000253,ADD_TO_CART,19,2026-07-17 12:23:05,20611.38
1511,sess_000253,CHECKOUT_START,24,2026-07-17 12:24:21,77819.09000000001
1512,sess_000254,PRODUCT_VIEW,14,2026-07-15 10:09:04,21714.55
1513,sess_000254,ADD_TO_CART,14,2026-07-15 10:09:44,21714.55
1514,sess_000254,PRODUCT_VIEW,20,2026-07-15 10:11:11,7441.9
1515,sess_000254,ADD_TO_CART,20,2026-07-15 10:11:42,7441.9
1516,sess_000254,CHECKOUT_START,14,2026-07-15 10:12:10,29156.449999999997
1517,sess_000255,PRODUCT_VIEW,46,2026-07-18 15:18:04,3997.88
1518,sess_000255,ADD_TO_CART,46,2026-07-18 15:18:26,3997.88
1519,sess_000255,PRODUCT_VIEW,37,2026-07-18 15:19:09,30424.4
1520,sess_000255,ADD_TO_CART,37,2026-07-18 15:19:43,30424.4
1521,sess_000255,PRODUCT_VIEW,49,2026-07-18 15:20:40,30515.02
1522,sess_000255,ADD_TO_CART,49,2026-07-18 15:21:25,30515.02
1523,sess_000255,PRODUCT_VIEW,9,2026-07-18 15:22:47,33952.76
1524,sess_000255,ADD_TO_CART,9,2026-07-18 15:22:59,33952.76
1525,sess_000255,CHECKOUT_START,46,2026-07-18 15:23:57,98890.06
1526,sess_000256,PRODUCT_VIEW,41,2026-08-08 00:32:04,30450.87
1527,sess_000256,ADD_TO_CART,41,2026-08-08 00:32:55,30450.87
1528,sess_000256,PRODUCT_VIEW,31,2026-08-08 00:33:51,17262.47
1529,sess_000256,ADD_TO_CART,31,2026-08-08 00:34:27,17262.47
1530,sess_000256,PRODUCT_VIEW,8,2026-08-08 00:35:09,27139.29
1531,sess_000256,ADD_TO_CART,8,2026-08-08 00:35:50,27139.29
1532,sess_000257,PRODUCT_VIEW,17,2026-07-15 12:17:04,23333.68
1533,sess_000257,ADD_TO_CART,17,2026-07-15 12:17:58,23333.68
1534,sess_000257,PRODUCT_VIEW,41,2026-07-15 12:18:33,30450.87
1535,sess_000257,ADD_TO_CART,41,2026-07-15 12:19:06,30450.87
1536,sess_000257,PRODUCT_VIEW,44,2026-07-15 12:20:31,7783.14
1537,sess_000257,ADD_TO_CART,44,2026-07-15 12:21:27,7783.14
1538,sess_000257,PRODUCT_VIEW,31,2026-07-15 12:23:00,17262.47
1539,sess_000257,ADD_TO_CART,31,2026-07-15 12:23:11,17262.47
1540,sess_000258,PRODUCT_VIEW,4,2026-07-10 00:58:04,12764.76
1541,sess_000258,ADD_TO_CART,4,2026-07-10 00:58:37,12764.76
1542,sess_000258,PRODUCT_VIEW,18,2026-07-10 00:59:50,29592.56
1543,sess_000258,ADD_TO_CART,18,2026-07-10 01:00:40,29592.56
1544,sess_000258,CHECKOUT_START,4,2026-07-10 01:01:45,42357.32
1545,sess_000259,PRODUCT_VIEW,21,2026-08-01 03:11:04,9659.58
1546,sess_000259,ADD_TO_CART,21,2026-08-01 03:11:31,9659.58
1547,sess_000259,PRODUCT_VIEW,44,2026-08-01 03:12:37,7783.14
1548,sess_000259,ADD_TO_CART,44,2026-08-01 03:12:53,7783.14
1549,sess_000259,PRODUCT_VIEW,20,2026-08-01 03:14:21,7441.9
1550,sess_000259,ADD_TO_CART,20,2026-08-01 03:15:08,7441.9
1551,sess_000259,CHECKOUT_START,21,2026-08-01 03:16:13,24884.620000000003
1552,sess_000260,PRODUCT_VIEW,7,2026-07-14 08:04:04,23088.42
1553,sess_000260,ADD_TO_CART,7,2026-07-14 08:04:23,23088.42
1554,sess_000260,PRODUCT_VIEW,14,2026-07-14 08:05:47,21714.55
1555,sess_000260,ADD_TO_CART,14,2026-07-14 08:06:11,21714.55
1556,sess_000260,CHECKOUT_START,7,2026-07-14 08:06:55,44802.97
1557,sess_000261,PRODUCT_VIEW,23,2026-08-05 20:39:04,1664.26
1558,sess_000261,ADD_TO_CART,23,2026-08-05 20:39:22,1664.26
1559,sess_000261,PRODUCT_VIEW,20,2026-08-05 20:40:38,7441.9
1560,sess_000261,ADD_TO_CART,20,2026-08-05 20:41:26,7441.9
1561,sess_000261,PRODUCT_VIEW,45,2026-08-05 20:42:52,13966.49
1562,sess_000261,ADD_TO_CART,45,2026-08-05 20:43:50,13966.49
1563,sess_000261,PRODUCT_VIEW,24,2026-08-05 20:44:53,15990.76
1564,sess_000261,ADD_TO_CART,24,2026-08-05 20:45:14,15990.76
1565,sess_000261,CHECKOUT_START,23,2026-08-05 20:46:12,39063.41
1566,sess_000262,PRODUCT_VIEW,9,2026-07-16 19:46:04,33952.76
1567,sess_000262,ADD_TO_CART,9,2026-07-16 19:46:41,33952.76
1568,sess_000262,PRODUCT_VIEW,6,2026-07-16 19:47:15,33938.58
1569,sess_000262,ADD_TO_CART,6,2026-07-16 19:47:29,33938.58
1570,sess_000262,CHECKOUT_START,9,2026-07-16 19:47:51,67891.34
1571,sess_000262,PAYMENT_FAILURE,9,2026-07-16 19:49:10,67891.34
1572,sess_000263,PRODUCT_VIEW,3,2026-07-13 02:06:04,15751.54
1573,sess_000263,ADD_TO_CART,3,2026-07-13 02:06:56,15751.54
1574,sess_000263,PRODUCT_VIEW,5,2026-07-13 02:07:17,5973.44
1575,sess_000263,ADD_TO_CART,5,2026-07-13 02:08:15,5973.44
1576,sess_000263,PRODUCT_VIEW,20,2026-07-13 02:08:47,7441.9
1577,sess_000263,ADD_TO_CART,20,2026-07-13 02:09:47,7441.9
1578,sess_000263,CHECKOUT_START,3,2026-07-13 02:10:22,29166.879999999997
1579,sess_000264,PRODUCT_VIEW,48,2026-07-17 12:38:04,34207.92
1580,sess_000264,ADD_TO_CART,48,2026-07-17 12:38:51,34207.92
1581,sess_000264,PRODUCT_VIEW,18,2026-07-17 12:39:55,29592.56
1582,sess_000264,ADD_TO_CART,18,2026-07-17 12:40:27,29592.56
1583,sess_000265,PRODUCT_VIEW,11,2026-07-12 04:53:04,6189.77
1584,sess_000265,ADD_TO_CART,11,2026-07-12 04:53:14,6189.77
1585,sess_000265,PRODUCT_VIEW,49,2026-07-12 04:53:46,30515.02
1586,sess_000265,ADD_TO_CART,49,2026-07-12 04:54:09,30515.02
1587,sess_000265,PRODUCT_VIEW,35,2026-07-12 04:55:33,33955.92
1588,sess_000265,ADD_TO_CART,35,2026-07-12 04:56:28,33955.92
1589,sess_000265,CHECKOUT_START,11,2026-07-12 04:57:48,70660.70999999999
1590,sess_000265,PAYMENT_FAILURE,11,2026-07-12 04:58:41,70660.70999999999
1591,sess_000265,PAYMENT_FAILURE,11,2026-07-12 04:59:55,70660.70999999999
1592,sess_000265,PAYMENT_FAILURE,11,2026-07-12 05:01:02,70660.70999999999
1593,sess_000266,PRODUCT_VIEW,8,2026-07-26 10:09:04,27139.29
1594,sess_000266,ADD_TO_CART,8,2026-07-26 10:09:21,27139.29
1595,sess_000266,PRODUCT_VIEW,49,2026-07-26 10:10:47,30515.02
1596,sess_000266,ADD_TO_CART,49,2026-07-26 10:11:05,30515.02
1597,sess_000266,PRODUCT_VIEW,21,2026-07-26 10:12:28,9659.58
1598,sess_000266,ADD_TO_CART,21,2026-07-26 10:13:26,9659.58
1599,sess_000266,PRODUCT_VIEW,30,2026-07-26 10:14:32,16078.93
1600,sess_000266,ADD_TO_CART,30,2026-07-26 10:15:27,16078.93
1601,sess_000266,CHECKOUT_START,8,2026-07-26 10:16:23,83392.82
1602,sess_000267,PRODUCT_VIEW,36,2026-08-04 11:29:04,23638.97
1603,sess_000267,ADD_TO_CART,36,2026-08-04 11:29:32,23638.97
1604,sess_000267,PRODUCT_VIEW,27,2026-08-04 11:30:46,34536.05
1605,sess_000267,ADD_TO_CART,27,2026-08-04 11:31:08,34536.05
1606,sess_000267,CHECKOUT_START,36,2026-08-04 11:31:36,58175.020000000004
1607,sess_000267,PAYMENT_FAILURE,36,2026-08-04 11:33:03,58175.020000000004
1608,sess_000267,PAYMENT_FAILURE,36,2026-08-04 11:34:26,58175.020000000004
1609,sess_000268,PRODUCT_VIEW,10,2026-07-23 01:41:04,8490.19
1610,sess_000268,ADD_TO_CART,10,2026-07-23 01:41:39,8490.19
1611,sess_000268,CHECKOUT_START,10,2026-07-23 01:42:50,8490.19
1612,sess_000268,PAYMENT_FAILURE,10,2026-07-23 01:44:04,8490.19
1613,sess_000268,PAYMENT_FAILURE,10,2026-07-23 01:45:11,8490.19
1614,sess_000269,PRODUCT_VIEW,8,2026-08-01 13:04:04,27139.29
1615,sess_000269,ADD_TO_CART,8,2026-08-01 13:04:45,27139.29
1616,sess_000269,PRODUCT_VIEW,15,2026-08-01 13:05:40,6095.52
1617,sess_000269,ADD_TO_CART,15,2026-08-01 13:06:38,6095.52
1618,sess_000269,PRODUCT_VIEW,28,2026-08-01 13:08:12,470.42
1619,sess_000269,ADD_TO_CART,28,2026-08-01 13:08:59,470.42
1620,sess_000269,PRODUCT_VIEW,47,2026-08-01 13:09:53,34979.66
1621,sess_000269,ADD_TO_CART,47,2026-08-01 13:10:51,34979.66
1622,sess_000270,PRODUCT_VIEW,32,2026-07-14 09:06:04,5145.04
1623,sess_000270,ADD_TO_CART,32,2026-07-14 09:06:22,5145.04
1624,sess_000270,PRODUCT_VIEW,15,2026-07-14 09:06:45,6095.52
1625,sess_000270,ADD_TO_CART,15,2026-07-14 09:07:01,6095.52
1626,sess_000270,PRODUCT_VIEW,41,2026-07-14 09:07:27,30450.87
1627,sess_000270,ADD_TO_CART,41,2026-07-14 09:07:41,30450.87
1628,sess_000271,PRODUCT_VIEW,43,2026-07-29 03:24:04,24226.27
1629,sess_000271,ADD_TO_CART,43,2026-07-29 03:25:02,24226.27
1630,sess_000272,PRODUCT_VIEW,49,2026-07-23 07:53:04,30515.02
1631,sess_000272,ADD_TO_CART,49,2026-07-23 07:53:16,30515.02
1632,sess_000272,CHECKOUT_START,49,2026-07-23 07:54:31,30515.02
1633,sess_000273,PRODUCT_VIEW,46,2026-07-26 09:31:04,3997.88
1634,sess_000273,ADD_TO_CART,46,2026-07-26 09:31:41,3997.88
1635,sess_000273,PRODUCT_VIEW,11,2026-07-26 09:32:18,6189.77
1636,sess_000273,ADD_TO_CART,11,2026-07-26 09:32:47,6189.77
1637,sess_000273,PRODUCT_VIEW,32,2026-07-26 09:33:56,5145.04
1638,sess_000273,ADD_TO_CART,32,2026-07-26 09:34:37,5145.04
1639,sess_000273,CHECKOUT_START,46,2026-07-26 09:35:11,15332.690000000002
1640,sess_000273,PAYMENT_FAILURE,46,2026-07-26 09:36:17,15332.690000000002
1641,sess_000274,PRODUCT_VIEW,21,2026-08-06 11:16:04,9659.58
1642,sess_000274,ADD_TO_CART,21,2026-08-06 11:16:51,9659.58
1643,sess_000274,PRODUCT_VIEW,4,2026-08-06 11:17:16,12764.76
1644,sess_000274,ADD_TO_CART,4,2026-08-06 11:17:34,12764.76
1645,sess_000274,PRODUCT_VIEW,2,2026-08-06 11:18:40,8878.17
1646,sess_000274,ADD_TO_CART,2,2026-08-06 11:19:12,8878.17
1647,sess_000274,CHECKOUT_START,21,2026-08-06 11:20:46,31302.510000000002
1648,sess_000274,PAYMENT_FAILURE,21,2026-08-06 11:21:17,31302.510000000002
1649,sess_000274,PAYMENT_FAILURE,21,2026-08-06 11:22:35,31302.510000000002
1650,sess_000275,PRODUCT_VIEW,16,2026-07-27 12:26:04,1571.54
1651,sess_000275,ADD_TO_CART,16,2026-07-27 12:26:33,1571.54
1652,sess_000275,PRODUCT_VIEW,42,2026-07-27 12:28:08,1353.46
1653,sess_000275,ADD_TO_CART,42,2026-07-27 12:28:23,1353.46
1654,sess_000275,CHECKOUT_START,16,2026-07-27 12:28:51,2925.0
1655,sess_000276,PRODUCT_VIEW,18,2026-07-21 13:30:04,29592.56
1656,sess_000276,ADD_TO_CART,18,2026-07-21 13:30:51,29592.56
1657,sess_000276,PRODUCT_VIEW,2,2026-07-21 13:31:13,8878.17
1658,sess_000276,ADD_TO_CART,2,2026-07-21 13:31:43,8878.17
1659,sess_000276,PRODUCT_VIEW,45,2026-07-21 13:32:51,13966.49
1660,sess_000276,ADD_TO_CART,45,2026-07-21 13:33:37,13966.49
1661,sess_000276,PRODUCT_VIEW,31,2026-07-21 13:34:46,17262.47
1662,sess_000276,ADD_TO_CART,31,2026-07-21 13:35:16,17262.47
1663,sess_000276,CHECKOUT_START,18,2026-07-21 13:36:49,69699.69
1664,sess_000277,PRODUCT_VIEW,11,2026-07-23 07:28:04,6189.77
1665,sess_000277,ADD_TO_CART,11,2026-07-23 07:28:37,6189.77
1666,sess_000277,PRODUCT_VIEW,40,2026-07-23 07:29:52,17551.46
1667,sess_000277,ADD_TO_CART,40,2026-07-23 07:30:14,17551.46
1668,sess_000277,PRODUCT_VIEW,20,2026-07-23 07:31:37,7441.9
1669,sess_000277,ADD_TO_CART,20,2026-07-23 07:32:27,7441.9
1670,sess_000278,PRODUCT_VIEW,38,2026-07-29 05:03:04,24333.81
1671,sess_000278,ADD_TO_CART,38,2026-07-29 05:03:35,24333.81
1672,sess_000278,CHECKOUT_START,38,2026-07-29 05:04:29,24333.81
1673,sess_000279,PRODUCT_VIEW,28,2026-07-13 22:00:04,470.42
1674,sess_000279,ADD_TO_CART,28,2026-07-13 22:00:34,470.42
1675,sess_000279,PRODUCT_VIEW,43,2026-07-13 22:01:19,24226.27
1676,sess_000279,ADD_TO_CART,43,2026-07-13 22:01:55,24226.27
1677,sess_000279,PRODUCT_VIEW,35,2026-07-13 22:03:06,33955.92
1678,sess_000279,ADD_TO_CART,35,2026-07-13 22:03:32,33955.92
1679,sess_000279,CHECKOUT_START,28,2026-07-13 22:05:11,58652.61
1680,sess_000280,PRODUCT_VIEW,43,2026-07-16 07:00:04,24226.27
1681,sess_000280,ADD_TO_CART,43,2026-07-16 07:00:43,24226.27
1682,sess_000280,PRODUCT_VIEW,48,2026-07-16 07:01:37,34207.92
1683,sess_000280,ADD_TO_CART,48,2026-07-16 07:02:27,34207.92
1684,sess_000280,CHECKOUT_START,43,2026-07-16 07:03:55,58434.19
1685,sess_000281,PRODUCT_VIEW,48,2026-08-01 12:11:04,34207.92
1686,sess_000281,ADD_TO_CART,48,2026-08-01 12:12:02,34207.92
1687,sess_000281,PRODUCT_VIEW,44,2026-08-01 12:13:00,7783.14
1688,sess_000281,ADD_TO_CART,44,2026-08-01 12:13:37,7783.14
1689,sess_000281,CHECKOUT_START,48,2026-08-01 12:14:49,41991.06
1690,sess_000282,PRODUCT_VIEW,16,2026-07-12 14:50:04,1571.54
1691,sess_000282,ADD_TO_CART,16,2026-07-12 14:50:15,1571.54
1692,sess_000282,PRODUCT_VIEW,8,2026-07-12 14:51:06,27139.29
1693,sess_000282,ADD_TO_CART,8,2026-07-12 14:51:35,27139.29
1694,sess_000282,PRODUCT_VIEW,10,2026-07-12 14:52:54,8490.19
1695,sess_000282,ADD_TO_CART,10,2026-07-12 14:53:35,8490.19
1696,sess_000282,PRODUCT_VIEW,13,2026-07-12 14:55:06,15251.23
1697,sess_000282,ADD_TO_CART,13,2026-07-12 14:55:43,15251.23
1698,sess_000282,CHECKOUT_START,16,2026-07-12 14:56:57,52452.25
1699,sess_000283,PRODUCT_VIEW,42,2026-08-07 15:48:04,1353.46
1700,sess_000283,ADD_TO_CART,42,2026-08-07 15:49:00,1353.46
1701,sess_000283,PRODUCT_VIEW,3,2026-08-07 15:50:22,15751.54
1702,sess_000283,ADD_TO_CART,3,2026-08-07 15:51:22,15751.54
1703,sess_000284,PRODUCT_VIEW,26,2026-08-05 10:44:04,1741.62
1704,sess_000284,ADD_TO_CART,26,2026-08-05 10:45:00,1741.62
1705,sess_000285,PRODUCT_VIEW,50,2026-07-10 21:33:04,19975.03
1706,sess_000285,ADD_TO_CART,50,2026-07-10 21:33:34,19975.03
1707,sess_000286,PRODUCT_VIEW,29,2026-07-25 17:11:04,22477.1
1708,sess_000286,ADD_TO_CART,29,2026-07-25 17:11:51,22477.1
1709,sess_000286,PRODUCT_VIEW,27,2026-07-25 17:12:18,34536.05
1710,sess_000286,ADD_TO_CART,27,2026-07-25 17:12:59,34536.05
1711,sess_000286,PRODUCT_VIEW,17,2026-07-25 17:14:27,23333.68
1712,sess_000286,ADD_TO_CART,17,2026-07-25 17:15:00,23333.68
1713,sess_000286,CHECKOUT_START,29,2026-07-25 17:15:34,80346.83
1714,sess_000286,PAYMENT_FAILURE,29,2026-07-25 17:16:24,80346.83
1715,sess_000287,PRODUCT_VIEW,2,2026-07-30 19:41:04,8878.17
1716,sess_000287,ADD_TO_CART,2,2026-07-30 19:41:16,8878.17
1717,sess_000287,PRODUCT_VIEW,42,2026-07-30 19:41:42,1353.46
1718,sess_000287,ADD_TO_CART,42,2026-07-30 19:42:36,1353.46
1719,sess_000287,PRODUCT_VIEW,39,2026-07-30 19:43:26,33078.06
1720,sess_000287,ADD_TO_CART,39,2026-07-30 19:43:52,33078.06
1721,sess_000287,CHECKOUT_START,2,2026-07-30 19:45:22,43309.69
1722,sess_000288,PRODUCT_VIEW,26,2026-07-11 16:33:04,1741.62
1723,sess_000288,ADD_TO_CART,26,2026-07-11 16:33:30,1741.62
1724,sess_000288,CHECKOUT_START,26,2026-07-11 16:34:28,1741.62
1725,sess_000289,PRODUCT_VIEW,6,2026-07-24 03:04:04,33938.58
1726,sess_000289,ADD_TO_CART,6,2026-07-24 03:04:44,33938.58
1727,sess_000289,PRODUCT_VIEW,50,2026-07-24 03:05:56,19975.03
1728,sess_000289,ADD_TO_CART,50,2026-07-24 03:06:27,19975.03
1729,sess_000289,PRODUCT_VIEW,32,2026-07-24 03:07:41,5145.04
1730,sess_000289,ADD_TO_CART,32,2026-07-24 03:07:57,5145.04
1731,sess_000289,CHECKOUT_START,6,2026-07-24 03:08:37,59058.65
1732,sess_000289,PAYMENT_FAILURE,6,2026-07-24 03:09:51,59058.65
1733,sess_000289,PAYMENT_FAILURE,6,2026-07-24 03:10:37,59058.65
1734,sess_000289,PAYMENT_FAILURE,6,2026-07-24 03:11:39,59058.65
1735,sess_000290,PRODUCT_VIEW,41,2026-07-16 23:41:04,30450.87
1736,sess_000290,ADD_TO_CART,41,2026-07-16 23:42:04,30450.87
1737,sess_000290,PRODUCT_VIEW,29,2026-07-16 23:42:41,22477.1
1738,sess_000290,ADD_TO_CART,29,2026-07-16 23:42:51,22477.1
1739,sess_000291,PRODUCT_VIEW,31,2026-08-02 16:06:04,17262.47
1740,sess_000291,ADD_TO_CART,31,2026-08-02 16:06:25,17262.47
1741,sess_000291,PRODUCT_VIEW,48,2026-08-02 16:08:00,34207.92
1742,sess_000291,ADD_TO_CART,48,2026-08-02 16:08:30,34207.92
1743,sess_000291,PRODUCT_VIEW,9,2026-08-02 16:09:26,33952.76
1744,sess_000291,ADD_TO_CART,9,2026-08-02 16:09:48,33952.76
1745,sess_000291,PRODUCT_VIEW,17,2026-08-02 16:10:18,23333.68
1746,sess_000291,ADD_TO_CART,17,2026-08-02 16:10:54,23333.68
1747,sess_000291,CHECKOUT_START,31,2026-08-02 16:12:01,108756.82999999999
1748,sess_000292,PRODUCT_VIEW,13,2026-07-08 23:50:04,15251.23
1749,sess_000292,ADD_TO_CART,13,2026-07-08 23:50:17,15251.23
1750,sess_000292,PRODUCT_VIEW,17,2026-07-08 23:51:28,23333.68
1751,sess_000292,ADD_TO_CART,17,2026-07-08 23:52:17,23333.68
1752,sess_000292,PRODUCT_VIEW,45,2026-07-08 23:53:31,13966.49
1753,sess_000292,ADD_TO_CART,45,2026-07-08 23:54:19,13966.49
1754,sess_000292,PRODUCT_VIEW,11,2026-07-08 23:55:12,6189.77
1755,sess_000292,ADD_TO_CART,11,2026-07-08 23:55:31,6189.77
1756,sess_000292,CHECKOUT_START,13,2026-07-08 23:56:02,58741.17
1757,sess_000292,PAYMENT_FAILURE,13,2026-07-08 23:56:55,58741.17
1758,sess_000292,PAYMENT_FAILURE,13,2026-07-08 23:57:35,58741.17
1759,sess_000292,PAYMENT_FAILURE,13,2026-07-08 23:59:05,58741.17
1760,sess_000293,PRODUCT_VIEW,13,2026-07-09 09:08:04,15251.23
1761,sess_000293,ADD_TO_CART,13,2026-07-09 09:08:32,15251.23
1762,sess_000293,PRODUCT_VIEW,18,2026-07-09 09:09:55,29592.56
1763,sess_000293,ADD_TO_CART,18,2026-07-09 09:10:29,29592.56
1764,sess_000293,CHECKOUT_START,13,2026-07-09 09:11:05,44843.79
1765,sess_000294,PRODUCT_VIEW,2,2026-07-17 18:10:04,8878.17
1766,sess_000294,ADD_TO_CART,2,2026-07-17 18:10:30,8878.17
1767,sess_000294,PRODUCT_VIEW,19,2026-07-17 18:11:20,20611.38
1768,sess_000294,ADD_TO_CART,19,2026-07-17 18:12:09,20611.38
1769,sess_000294,CHECKOUT_START,2,2026-07-17 18:13:26,29489.550000000003
1770,sess_000295,PRODUCT_VIEW,44,2026-08-07 08:37:04,7783.14
1771,sess_000295,ADD_TO_CART,44,2026-08-07 08:37:59,7783.14
1772,sess_000295,PRODUCT_VIEW,14,2026-08-07 08:39:13,21714.55
1773,sess_000295,ADD_TO_CART,14,2026-08-07 08:40:10,21714.55
1774,sess_000295,PRODUCT_VIEW,46,2026-08-07 08:41:46,3997.88
1775,sess_000295,ADD_TO_CART,46,2026-08-07 08:42:12,3997.88
1776,sess_000295,PRODUCT_VIEW,25,2026-08-07 08:42:41,11269.93
1777,sess_000295,ADD_TO_CART,25,2026-08-07 08:42:57,11269.93
1778,sess_000296,PRODUCT_VIEW,33,2026-07-09 12:32:04,10984.48
1779,sess_000296,ADD_TO_CART,33,2026-07-09 12:32:33,10984.48
1780,sess_000296,PRODUCT_VIEW,40,2026-07-09 12:33:43,17551.46
1781,sess_000296,ADD_TO_CART,40,2026-07-09 12:34:35,17551.46
1782,sess_000296,PRODUCT_VIEW,25,2026-07-09 12:35:42,11269.93
1783,sess_000296,ADD_TO_CART,25,2026-07-09 12:36:00,11269.93
1784,sess_000296,CHECKOUT_START,33,2026-07-09 12:37:31,39805.869999999995
1785,sess_000296,PAYMENT_FAILURE,33,2026-07-09 12:38:03,39805.869999999995
1786,sess_000296,PAYMENT_FAILURE,33,2026-07-09 12:39:10,39805.869999999995
1787,sess_000296,PAYMENT_FAILURE,33,2026-07-09 12:39:51,39805.869999999995
1788,sess_000297,PRODUCT_VIEW,17,2026-07-24 20:07:04,23333.68
1789,sess_000297,ADD_TO_CART,17,2026-07-24 20:07:34,23333.68
1790,sess_000297,PRODUCT_VIEW,8,2026-07-24 20:07:59,27139.29
1791,sess_000297,ADD_TO_CART,8,2026-07-24 20:08:17,27139.29
1792,sess_000297,CHECKOUT_START,17,2026-07-24 20:09:40,50472.97
1793,sess_000297,PAYMENT_FAILURE,17,2026-07-24 20:11:05,50472.97
1794,sess_000297,PAYMENT_FAILURE,17,2026-07-24 20:12:28,50472.97
1795,sess_000298,PRODUCT_VIEW,11,2026-07-10 15:38:04,6189.77
1796,sess_000298,ADD_TO_CART,11,2026-07-10 15:39:02,6189.77
1797,sess_000298,PRODUCT_VIEW,21,2026-07-10 15:39:41,9659.58
1798,sess_000298,ADD_TO_CART,21,2026-07-10 15:40:26,9659.58
1799,sess_000298,PRODUCT_VIEW,48,2026-07-10 15:41:42,34207.92
1800,sess_000298,ADD_TO_CART,48,2026-07-10 15:41:55,34207.92
1801,sess_000298,PRODUCT_VIEW,32,2026-07-10 15:42:39,5145.04
1802,sess_000298,ADD_TO_CART,32,2026-07-10 15:42:58,5145.04
1803,sess_000298,CHECKOUT_START,11,2026-07-10 15:43:24,55202.31
1804,sess_000298,PAYMENT_FAILURE,11,2026-07-10 15:44:08,55202.31
1805,sess_000298,PAYMENT_FAILURE,11,2026-07-10 15:44:49,55202.31
1806,sess_000299,PRODUCT_VIEW,32,2026-08-04 07:44:04,5145.04
1807,sess_000299,ADD_TO_CART,32,2026-08-04 07:44:21,5145.04
1808,sess_000299,PRODUCT_VIEW,8,2026-08-04 07:45:25,27139.29
1809,sess_000299,ADD_TO_CART,8,2026-08-04 07:45:40,27139.29
1810,sess_000299,PRODUCT_VIEW,47,2026-08-04 07:46:26,34979.66
1811,sess_000299,ADD_TO_CART,47,2026-08-04 07:46:54,34979.66
1812,sess_000299,PRODUCT_VIEW,10,2026-08-04 07:47:37,8490.19
1813,sess_000299,ADD_TO_CART,10,2026-08-04 07:47:57,8490.19
1814,sess_000299,CHECKOUT_START,32,2026-08-04 07:49:22,75754.18000000001
1815,sess_000299,PAYMENT_FAILURE,32,2026-08-04 07:50:44,75754.18000000001
1816,sess_000299,PAYMENT_FAILURE,32,2026-08-04 07:51:31,75754.18000000001
1817,sess_000300,PRODUCT_VIEW,16,2026-07-14 05:09:04,1571.54
1818,sess_000300,ADD_TO_CART,16,2026-07-14 05:10:03,1571.54
1819,sess_000301,PRODUCT_VIEW,21,2026-07-17 20:28:04,9659.58
1820,sess_000301,ADD_TO_CART,21,2026-07-17 20:28:23,9659.58
1821,sess_000302,PRODUCT_VIEW,21,2026-07-18 00:26:04,9659.58
1822,sess_000302,ADD_TO_CART,21,2026-07-18 00:26:27,9659.58
1823,sess_000302,PRODUCT_VIEW,47,2026-07-18 00:26:53,34979.66
1824,sess_000302,ADD_TO_CART,47,2026-07-18 00:27:44,34979.66
1825,sess_000302,PRODUCT_VIEW,37,2026-07-18 00:28:40,30424.4
1826,sess_000302,ADD_TO_CART,37,2026-07-18 00:29:10,30424.4
1827,sess_000302,PRODUCT_VIEW,9,2026-07-18 00:29:37,33952.76
1828,sess_000302,ADD_TO_CART,9,2026-07-18 00:30:34,33952.76
1829,sess_000303,PRODUCT_VIEW,2,2026-08-02 16:26:04,8878.17
1830,sess_000303,ADD_TO_CART,2,2026-08-02 16:26:27,8878.17
1831,sess_000304,PRODUCT_VIEW,43,2026-07-29 07:52:04,24226.27
1832,sess_000304,ADD_TO_CART,43,2026-07-29 07:52:46,24226.27
1833,sess_000304,PRODUCT_VIEW,7,2026-07-29 07:53:31,23088.42
1834,sess_000304,ADD_TO_CART,7,2026-07-29 07:54:12,23088.42
1835,sess_000304,PRODUCT_VIEW,24,2026-07-29 07:55:29,15990.76
1836,sess_000304,ADD_TO_CART,24,2026-07-29 07:56:03,15990.76
1837,sess_000304,CHECKOUT_START,43,2026-07-29 07:57:23,63305.450000000004
1838,sess_000305,PRODUCT_VIEW,6,2026-07-27 03:40:04,33938.58
1839,sess_000305,ADD_TO_CART,6,2026-07-27 03:40:43,33938.58
1840,sess_000305,PRODUCT_VIEW,3,2026-07-27 03:41:31,15751.54
1841,sess_000305,ADD_TO_CART,3,2026-07-27 03:42:22,15751.54
1842,sess_000305,PRODUCT_VIEW,33,2026-07-27 03:43:01,10984.48
1843,sess_000305,ADD_TO_CART,33,2026-07-27 03:43:42,10984.48
1844,sess_000305,PRODUCT_VIEW,22,2026-07-27 03:45:09,18731.11
1845,sess_000305,ADD_TO_CART,22,2026-07-27 03:45:59,18731.11
1846,sess_000305,CHECKOUT_START,6,2026-07-27 03:47:26,79405.71
1847,sess_000306,PRODUCT_VIEW,34,2026-07-13 08:19:04,7303.52
1848,sess_000306,ADD_TO_CART,34,2026-07-13 08:19:32,7303.52
1849,sess_000306,PRODUCT_VIEW,28,2026-07-13 08:21:04,470.42
1850,sess_000306,ADD_TO_CART,28,2026-07-13 08:21:17,470.42
1851,sess_000306,CHECKOUT_START,34,2026-07-13 08:22:47,7773.9400000000005
1852,sess_000306,PAYMENT_FAILURE,34,2026-07-13 08:23:21,7773.9400000000005
1853,sess_000307,PRODUCT_VIEW,50,2026-08-04 08:46:04,19975.03
1854,sess_000307,ADD_TO_CART,50,2026-08-04 08:46:46,19975.03
1855,sess_000307,CHECKOUT_START,50,2026-08-04 08:47:08,19975.03
1856,sess_000308,PRODUCT_VIEW,21,2026-07-26 23:05:04,9659.58
1857,sess_000308,ADD_TO_CART,21,2026-07-26 23:05:43,9659.58
1858,sess_000308,PRODUCT_VIEW,38,2026-07-26 23:07:00,24333.81
1859,sess_000308,ADD_TO_CART,38,2026-07-26 23:07:49,24333.81
1860,sess_000308,PRODUCT_VIEW,47,2026-07-26 23:08:42,34979.66
1861,sess_000308,ADD_TO_CART,47,2026-07-26 23:09:13,34979.66
1862,sess_000309,PRODUCT_VIEW,26,2026-07-17 21:00:04,1741.62
1863,sess_000309,ADD_TO_CART,26,2026-07-17 21:00:21,1741.62
1864,sess_000309,CHECKOUT_START,26,2026-07-17 21:00:42,1741.62
1865,sess_000310,PRODUCT_VIEW,40,2026-07-17 04:05:04,17551.46
1866,sess_000310,ADD_TO_CART,40,2026-07-17 04:05:57,17551.46
1867,sess_000310,PRODUCT_VIEW,24,2026-07-17 04:07:07,15990.76
1868,sess_000310,ADD_TO_CART,24,2026-07-17 04:07:36,15990.76
1869,sess_000310,PRODUCT_VIEW,45,2026-07-17 04:08:07,13966.49
1870,sess_000310,ADD_TO_CART,45,2026-07-17 04:08:25,13966.49
1871,sess_000311,PRODUCT_VIEW,41,2026-08-01 23:43:04,30450.87
1872,sess_000311,ADD_TO_CART,41,2026-08-01 23:43:33,30450.87
1873,sess_000311,PRODUCT_VIEW,35,2026-08-01 23:44:52,33955.92
1874,sess_000311,ADD_TO_CART,35,2026-08-01 23:45:11,33955.92
1875,sess_000311,PRODUCT_VIEW,13,2026-08-01 23:46:31,15251.23
1876,sess_000311,ADD_TO_CART,13,2026-08-01 23:47:08,15251.23
1877,sess_000311,PRODUCT_VIEW,6,2026-08-01 23:47:30,33938.58
1878,sess_000311,ADD_TO_CART,6,2026-08-01 23:47:47,33938.58
1879,sess_000311,CHECKOUT_START,41,2026-08-01 23:48:28,113596.59999999999
1880,sess_000311,PAYMENT_FAILURE,41,2026-08-01 23:49:55,113596.59999999999
1881,sess_000311,PAYMENT_FAILURE,41,2026-08-01 23:50:34,113596.59999999999
1882,sess_000312,PRODUCT_VIEW,19,2026-07-11 09:17:04,20611.38
1883,sess_000312,ADD_TO_CART,19,2026-07-11 09:17:39,20611.38
1884,sess_000312,PRODUCT_VIEW,37,2026-07-11 09:18:05,30424.4
1885,sess_000312,ADD_TO_CART,37,2026-07-11 09:18:36,30424.4
1886,sess_000312,CHECKOUT_START,19,2026-07-11 09:18:57,51035.78
1887,sess_000313,PRODUCT_VIEW,32,2026-07-20 04:17:04,5145.04
1888,sess_000313,ADD_TO_CART,32,2026-07-20 04:17:39,5145.04
1889,sess_000313,CHECKOUT_START,32,2026-07-20 04:19:01,5145.04
1890,sess_000314,PRODUCT_VIEW,18,2026-08-07 10:13:04,29592.56
1891,sess_000314,ADD_TO_CART,18,2026-08-07 10:13:55,29592.56
1892,sess_000315,PRODUCT_VIEW,47,2026-07-16 09:44:04,34979.66
1893,sess_000315,ADD_TO_CART,47,2026-07-16 09:44:36,34979.66
1894,sess_000315,PRODUCT_VIEW,13,2026-07-16 09:45:52,15251.23
1895,sess_000315,ADD_TO_CART,13,2026-07-16 09:46:16,15251.23
1896,sess_000315,PRODUCT_VIEW,31,2026-07-16 09:47:40,17262.47
1897,sess_000315,ADD_TO_CART,31,2026-07-16 09:48:04,17262.47
1898,sess_000315,CHECKOUT_START,47,2026-07-16 09:49:39,67493.36
1899,sess_000316,PRODUCT_VIEW,44,2026-07-10 14:37:04,7783.14
1900,sess_000316,ADD_TO_CART,44,2026-07-10 14:38:04,7783.14
1901,sess_000316,PRODUCT_VIEW,42,2026-07-10 14:39:24,1353.46
1902,sess_000316,ADD_TO_CART,42,2026-07-10 14:39:44,1353.46
1903,sess_000316,PRODUCT_VIEW,48,2026-07-10 14:41:23,34207.92
1904,sess_000316,ADD_TO_CART,48,2026-07-10 14:41:46,34207.92
1905,sess_000316,PRODUCT_VIEW,24,2026-07-10 14:42:42,15990.76
1906,sess_000316,ADD_TO_CART,24,2026-07-10 14:43:36,15990.76
1907,sess_000316,CHECKOUT_START,44,2026-07-10 14:44:07,59335.28
1908,sess_000317,PRODUCT_VIEW,16,2026-07-19 07:50:04,1571.54
1909,sess_000317,ADD_TO_CART,16,2026-07-19 07:50:17,1571.54
1910,sess_000317,PRODUCT_VIEW,14,2026-07-19 07:50:39,21714.55
1911,sess_000317,ADD_TO_CART,14,2026-07-19 07:51:11,21714.55
1912,sess_000317,PRODUCT_VIEW,36,2026-07-19 07:52:04,23638.97
1913,sess_000317,ADD_TO_CART,36,2026-07-19 07:52:36,23638.97
1914,sess_000317,CHECKOUT_START,16,2026-07-19 07:53:16,46925.06
1915,sess_000318,PRODUCT_VIEW,36,2026-07-25 20:44:04,23638.97
1916,sess_000318,ADD_TO_CART,36,2026-07-25 20:44:28,23638.97
1917,sess_000318,CHECKOUT_START,36,2026-07-25 20:45:50,23638.97
1918,sess_000319,PRODUCT_VIEW,29,2026-07-10 05:37:04,22477.1
1919,sess_000319,ADD_TO_CART,29,2026-07-10 05:37:43,22477.1
1920,sess_000319,CHECKOUT_START,29,2026-07-10 05:38:17,22477.1
1921,sess_000320,PRODUCT_VIEW,24,2026-08-04 18:55:04,15990.76
1922,sess_000320,ADD_TO_CART,24,2026-08-04 18:56:00,15990.76
1923,sess_000320,PRODUCT_VIEW,11,2026-08-04 18:56:57,6189.77
1924,sess_000320,ADD_TO_CART,11,2026-08-04 18:57:52,6189.77
1925,sess_000321,PRODUCT_VIEW,13,2026-07-18 12:13:04,15251.23
1926,sess_000321,ADD_TO_CART,13,2026-07-18 12:13:42,15251.23
1927,sess_000321,CHECKOUT_START,13,2026-07-18 12:14:55,15251.23
1928,sess_000322,PRODUCT_VIEW,24,2026-07-29 07:23:04,15990.76
1929,sess_000322,ADD_TO_CART,24,2026-07-29 07:23:40,15990.76
1930,sess_000322,PRODUCT_VIEW,46,2026-07-29 07:24:46,3997.88
1931,sess_000322,ADD_TO_CART,46,2026-07-29 07:25:36,3997.88
1932,sess_000322,PRODUCT_VIEW,49,2026-07-29 07:26:27,30515.02
1933,sess_000322,ADD_TO_CART,49,2026-07-29 07:26:46,30515.02
1934,sess_000322,CHECKOUT_START,24,2026-07-29 07:28:13,50503.66
1935,sess_000323,PRODUCT_VIEW,29,2026-07-09 10:39:04,22477.1
1936,sess_000323,ADD_TO_CART,29,2026-07-09 10:39:23,22477.1
1937,sess_000323,CHECKOUT_START,29,2026-07-09 10:39:44,22477.1
1938,sess_000324,PRODUCT_VIEW,43,2026-07-26 19:01:04,24226.27
1939,sess_000324,ADD_TO_CART,43,2026-07-26 19:01:55,24226.27
1940,sess_000324,CHECKOUT_START,43,2026-07-26 19:02:34,24226.27
1941,sess_000325,PRODUCT_VIEW,47,2026-07-26 01:23:04,34979.66
1942,sess_000325,ADD_TO_CART,47,2026-07-26 01:23:36,34979.66
1943,sess_000325,PRODUCT_VIEW,48,2026-07-26 01:23:57,34207.92
1944,sess_000325,ADD_TO_CART,48,2026-07-26 01:24:24,34207.92
1945,sess_000325,PRODUCT_VIEW,21,2026-07-26 01:25:51,9659.58
1946,sess_000325,ADD_TO_CART,21,2026-07-26 01:26:40,9659.58
1947,sess_000326,PRODUCT_VIEW,20,2026-07-21 03:19:04,7441.9
1948,sess_000326,ADD_TO_CART,20,2026-07-21 03:19:16,7441.9
1949,sess_000326,PRODUCT_VIEW,6,2026-07-21 03:20:44,33938.58
1950,sess_000326,ADD_TO_CART,6,2026-07-21 03:21:15,33938.58
1951,sess_000326,CHECKOUT_START,20,2026-07-21 03:22:24,41380.48
1952,sess_000327,PRODUCT_VIEW,2,2026-08-05 07:10:04,8878.17
1953,sess_000327,ADD_TO_CART,2,2026-08-05 07:10:51,8878.17
1954,sess_000327,PRODUCT_VIEW,35,2026-08-05 07:11:44,33955.92
1955,sess_000327,ADD_TO_CART,35,2026-08-05 07:12:09,33955.92
1956,sess_000327,CHECKOUT_START,2,2026-08-05 07:13:07,42834.09
1957,sess_000328,PRODUCT_VIEW,29,2026-07-27 15:46:04,22477.1
1958,sess_000328,ADD_TO_CART,29,2026-07-27 15:46:33,22477.1
1959,sess_000328,CHECKOUT_START,29,2026-07-27 15:48:06,22477.1
1960,sess_000329,PRODUCT_VIEW,23,2026-07-15 04:46:04,1664.26
1961,sess_000329,ADD_TO_CART,23,2026-07-15 04:46:32,1664.26
1962,sess_000329,PRODUCT_VIEW,20,2026-07-15 04:48:05,7441.9
1963,sess_000329,ADD_TO_CART,20,2026-07-15 04:48:58,7441.9
1964,sess_000330,PRODUCT_VIEW,7,2026-07-20 18:03:04,23088.42
1965,sess_000330,ADD_TO_CART,7,2026-07-20 18:03:40,23088.42
1966,sess_000330,PRODUCT_VIEW,10,2026-07-20 18:04:10,8490.19
1967,sess_000330,ADD_TO_CART,10,2026-07-20 18:04:25,8490.19
1968,sess_000330,PRODUCT_VIEW,46,2026-07-20 18:04:52,3997.88
1969,sess_000330,ADD_TO_CART,46,2026-07-20 18:05:29,3997.88
1970,sess_000330,PRODUCT_VIEW,28,2026-07-20 18:06:05,470.42
1971,sess_000330,ADD_TO_CART,28,2026-07-20 18:06:45,470.42
1972,sess_000331,PRODUCT_VIEW,29,2026-07-21 06:55:04,22477.1
1973,sess_000331,ADD_TO_CART,29,2026-07-21 06:55:40,22477.1
1974,sess_000331,PRODUCT_VIEW,45,2026-07-21 06:56:20,13966.49
1975,sess_000331,ADD_TO_CART,45,2026-07-21 06:56:39,13966.49
1976,sess_000331,PRODUCT_VIEW,32,2026-07-21 06:58:03,5145.04
1977,sess_000331,ADD_TO_CART,32,2026-07-21 06:58:21,5145.04
1978,sess_000331,PRODUCT_VIEW,47,2026-07-21 06:59:43,34979.66
1979,sess_000331,ADD_TO_CART,47,2026-07-21 07:00:38,34979.66
1980,sess_000331,CHECKOUT_START,29,2026-07-21 07:01:56,76568.29000000001
1981,sess_000331,PAYMENT_FAILURE,29,2026-07-21 07:02:34,76568.29000000001
1982,sess_000331,PAYMENT_FAILURE,29,2026-07-21 07:03:49,76568.29000000001
1983,sess_000332,PRODUCT_VIEW,39,2026-07-23 23:31:04,33078.06
1984,sess_000332,ADD_TO_CART,39,2026-07-23 23:31:40,33078.06
1985,sess_000332,CHECKOUT_START,39,2026-07-23 23:32:14,33078.06
1986,sess_000333,PRODUCT_VIEW,2,2026-07-27 14:13:04,8878.17
1987,sess_000333,ADD_TO_CART,2,2026-07-27 14:13:17,8878.17
1988,sess_000333,PRODUCT_VIEW,10,2026-07-27 14:14:16,8490.19
1989,sess_000333,ADD_TO_CART,10,2026-07-27 14:14:44,8490.19
1990,sess_000333,PRODUCT_VIEW,38,2026-07-27 14:15:31,24333.81
1991,sess_000333,ADD_TO_CART,38,2026-07-27 14:15:52,24333.81
1992,sess_000333,PRODUCT_VIEW,27,2026-07-27 14:17:14,34536.05
1993,sess_000333,ADD_TO_CART,27,2026-07-27 14:17:24,34536.05
1994,sess_000333,CHECKOUT_START,2,2026-07-27 14:17:59,76238.22
1995,sess_000334,PRODUCT_VIEW,22,2026-07-23 05:04:04,18731.11
1996,sess_000334,ADD_TO_CART,22,2026-07-23 05:04:52,18731.11
1997,sess_000334,PRODUCT_VIEW,25,2026-07-23 05:05:28,11269.93
1998,sess_000334,ADD_TO_CART,25,2026-07-23 05:06:26,11269.93
1999,sess_000334,PRODUCT_VIEW,31,2026-07-23 05:07:03,17262.47
2000,sess_000334,ADD_TO_CART,31,2026-07-23 05:07:45,17262.47
2001,sess_000334,PRODUCT_VIEW,47,2026-07-23 05:09:03,34979.66
2002,sess_000334,ADD_TO_CART,47,2026-07-23 05:10:01,34979.66
2003,sess_000335,PRODUCT_VIEW,15,2026-07-13 03:18:04,6095.52
2004,sess_000335,ADD_TO_CART,15,2026-07-13 03:18:16,6095.52
2005,sess_000335,PRODUCT_VIEW,26,2026-07-13 03:19:32,1741.62
2006,sess_000335,ADD_TO_CART,26,2026-07-13 03:20:29,1741.62
2007,sess_000335,PRODUCT_VIEW,22,2026-07-13 03:21:24,18731.11
2008,sess_000335,ADD_TO_CART,22,2026-07-13 03:22:15,18731.11
2009,sess_000335,PRODUCT_VIEW,35,2026-07-13 03:22:46,33955.92
2010,sess_000335,ADD_TO_CART,35,2026-07-13 03:23:06,33955.92
2011,sess_000335,CHECKOUT_START,15,2026-07-13 03:23:29,60524.17
2012,sess_000336,PRODUCT_VIEW,49,2026-07-21 21:43:04,30515.02
2013,sess_000336,ADD_TO_CART,49,2026-07-21 21:43:46,30515.02
2014,sess_000336,PRODUCT_VIEW,31,2026-07-21 21:44:08,17262.47
2015,sess_000336,ADD_TO_CART,31,2026-07-21 21:44:25,17262.47
2016,sess_000336,CHECKOUT_START,49,2026-07-21 21:45:53,47777.490000000005
2017,sess_000337,PRODUCT_VIEW,38,2026-07-12 04:51:04,24333.81
2018,sess_000337,ADD_TO_CART,38,2026-07-12 04:51:35,24333.81
2019,sess_000337,PRODUCT_VIEW,3,2026-07-12 04:52:50,15751.54
2020,sess_000337,ADD_TO_CART,3,2026-07-12 04:53:11,15751.54
2021,sess_000337,PRODUCT_VIEW,32,2026-07-12 04:54:24,5145.04
2022,sess_000337,ADD_TO_CART,32,2026-07-12 04:54:35,5145.04
2023,sess_000337,PRODUCT_VIEW,2,2026-07-12 04:56:02,8878.17
2024,sess_000337,ADD_TO_CART,2,2026-07-12 04:56:32,8878.17
2025,sess_000337,CHECKOUT_START,38,2026-07-12 04:57:40,54108.560000000005
2026,sess_000338,PRODUCT_VIEW,27,2026-08-03 18:23:04,34536.05
2027,sess_000338,ADD_TO_CART,27,2026-08-03 18:23:17,34536.05
2028,sess_000338,PRODUCT_VIEW,44,2026-08-03 18:24:55,7783.14
2029,sess_000338,ADD_TO_CART,44,2026-08-03 18:25:25,7783.14
2030,sess_000338,PRODUCT_VIEW,11,2026-08-03 18:26:08,6189.77
2031,sess_000338,ADD_TO_CART,11,2026-08-03 18:26:19,6189.77
2032,sess_000338,CHECKOUT_START,27,2026-08-03 18:26:46,48508.96000000001
2033,sess_000339,PRODUCT_VIEW,4,2026-07-10 13:34:04,12764.76
2034,sess_000339,ADD_TO_CART,4,2026-07-10 13:34:26,12764.76
2035,sess_000339,CHECKOUT_START,4,2026-07-10 13:35:16,12764.76
2036,sess_000340,PRODUCT_VIEW,36,2026-08-04 15:26:04,23638.97
2037,sess_000340,ADD_TO_CART,36,2026-08-04 15:26:15,23638.97
2038,sess_000340,PRODUCT_VIEW,27,2026-08-04 15:27:27,34536.05
2039,sess_000340,ADD_TO_CART,27,2026-08-04 15:28:17,34536.05
2040,sess_000340,PRODUCT_VIEW,5,2026-08-04 15:29:06,5973.44
2041,sess_000340,ADD_TO_CART,5,2026-08-04 15:29:17,5973.44
2042,sess_000340,PRODUCT_VIEW,31,2026-08-04 15:30:11,17262.47
2043,sess_000340,ADD_TO_CART,31,2026-08-04 15:30:56,17262.47
2044,sess_000341,PRODUCT_VIEW,24,2026-07-20 10:44:04,15990.76
2045,sess_000341,ADD_TO_CART,24,2026-07-20 10:44:24,15990.76
2046,sess_000341,PRODUCT_VIEW,35,2026-07-20 10:45:15,33955.92
2047,sess_000341,ADD_TO_CART,35,2026-07-20 10:45:59,33955.92
2048,sess_000341,CHECKOUT_START,24,2026-07-20 10:47:13,49946.68
2049,sess_000342,PRODUCT_VIEW,31,2026-07-24 03:26:04,17262.47
2050,sess_000342,ADD_TO_CART,31,2026-07-24 03:26:31,17262.47
2051,sess_000342,CHECKOUT_START,31,2026-07-24 03:28:07,17262.47
2052,sess_000343,PRODUCT_VIEW,20,2026-07-12 07:12:04,7441.9
2053,sess_000343,ADD_TO_CART,20,2026-07-12 07:12:19,7441.9
2054,sess_000343,CHECKOUT_START,20,2026-07-12 07:13:29,7441.9
2055,sess_000344,PRODUCT_VIEW,44,2026-07-25 17:26:04,7783.14
2056,sess_000344,ADD_TO_CART,44,2026-07-25 17:26:30,7783.14
2057,sess_000344,PRODUCT_VIEW,22,2026-07-25 17:27:47,18731.11
2058,sess_000344,ADD_TO_CART,22,2026-07-25 17:28:14,18731.11
2059,sess_000344,PRODUCT_VIEW,41,2026-07-25 17:29:05,30450.87
2060,sess_000344,ADD_TO_CART,41,2026-07-25 17:29:57,30450.87
2061,sess_000345,PRODUCT_VIEW,1,2026-07-09 01:01:04,29947.02
2062,sess_000345,ADD_TO_CART,1,2026-07-09 01:01:57,29947.02
2063,sess_000345,CHECKOUT_START,1,2026-07-09 01:02:39,29947.02
2064,sess_000346,PRODUCT_VIEW,43,2026-08-05 02:28:04,24226.27
2065,sess_000346,ADD_TO_CART,43,2026-08-05 02:28:42,24226.27
2066,sess_000347,PRODUCT_VIEW,24,2026-07-14 00:50:04,15990.76
2067,sess_000347,ADD_TO_CART,24,2026-07-14 00:50:28,15990.76
2068,sess_000347,PRODUCT_VIEW,13,2026-07-14 00:50:50,15251.23
2069,sess_000347,ADD_TO_CART,13,2026-07-14 00:51:48,15251.23
2070,sess_000347,PRODUCT_VIEW,29,2026-07-14 00:52:43,22477.1
2071,sess_000347,ADD_TO_CART,29,2026-07-14 00:53:36,22477.1
2072,sess_000347,PRODUCT_VIEW,1,2026-07-14 00:54:41,29947.02
2073,sess_000347,ADD_TO_CART,1,2026-07-14 00:55:03,29947.02
2074,sess_000347,CHECKOUT_START,24,2026-07-14 00:55:34,83666.11
2075,sess_000348,PRODUCT_VIEW,13,2026-07-23 12:14:04,15251.23
2076,sess_000348,ADD_TO_CART,13,2026-07-23 12:14:54,15251.23
2077,sess_000348,CHECKOUT_START,13,2026-07-23 12:16:04,15251.23
2078,sess_000348,PAYMENT_FAILURE,13,2026-07-23 12:16:41,15251.23
2079,sess_000348,PAYMENT_FAILURE,13,2026-07-23 12:18:06,15251.23
2080,sess_000349,PRODUCT_VIEW,9,2026-07-15 05:19:04,33952.76
2081,sess_000349,ADD_TO_CART,9,2026-07-15 05:19:30,33952.76
2082,sess_000349,CHECKOUT_START,9,2026-07-15 05:21:02,33952.76
2083,sess_000350,PRODUCT_VIEW,28,2026-07-16 01:29:04,470.42
2084,sess_000350,ADD_TO_CART,28,2026-07-16 01:29:55,470.42
2085,sess_000350,CHECKOUT_START,28,2026-07-16 01:30:21,470.42
2086,sess_000351,PRODUCT_VIEW,24,2026-08-04 01:25:04,15990.76
2087,sess_000351,ADD_TO_CART,24,2026-08-04 01:26:00,15990.76
2088,sess_000351,PRODUCT_VIEW,34,2026-08-04 01:26:48,7303.52
2089,sess_000351,ADD_TO_CART,34,2026-08-04 01:27:01,7303.52
2090,sess_000351,PRODUCT_VIEW,49,2026-08-04 01:27:56,30515.02
2091,sess_000351,ADD_TO_CART,49,2026-08-04 01:28:32,30515.02
2092,sess_000351,PRODUCT_VIEW,3,2026-08-04 01:30:00,15751.54
2093,sess_000351,ADD_TO_CART,3,2026-08-04 01:30:38,15751.54
2094,sess_000351,CHECKOUT_START,24,2026-08-04 01:31:38,69560.84
2095,sess_000352,PRODUCT_VIEW,5,2026-07-20 23:46:04,5973.44
2096,sess_000352,ADD_TO_CART,5,2026-07-20 23:46:35,5973.44
2097,sess_000352,PRODUCT_VIEW,16,2026-07-20 23:47:34,1571.54
2098,sess_000352,ADD_TO_CART,16,2026-07-20 23:47:48,1571.54
2099,sess_000352,PRODUCT_VIEW,13,2026-07-20 23:49:28,15251.23
2100,sess_000352,ADD_TO_CART,13,2026-07-20 23:50:18,15251.23
2101,sess_000352,PRODUCT_VIEW,11,2026-07-20 23:50:50,6189.77
2102,sess_000352,ADD_TO_CART,11,2026-07-20 23:51:01,6189.77
2103,sess_000353,PRODUCT_VIEW,22,2026-08-04 08:28:04,18731.11
2104,sess_000353,ADD_TO_CART,22,2026-08-04 08:28:47,18731.11
2105,sess_000353,CHECKOUT_START,22,2026-08-04 08:29:37,18731.11
2106,sess_000354,PRODUCT_VIEW,3,2026-07-24 04:52:04,15751.54
2107,sess_000354,ADD_TO_CART,3,2026-07-24 04:52:38,15751.54
2108,sess_000354,CHECKOUT_START,3,2026-07-24 04:53:38,15751.54
2109,sess_000355,PRODUCT_VIEW,7,2026-07-09 09:32:04,23088.42
2110,sess_000355,ADD_TO_CART,7,2026-07-09 09:32:57,23088.42
2111,sess_000355,CHECKOUT_START,7,2026-07-09 09:33:24,23088.42
2112,sess_000356,PRODUCT_VIEW,39,2026-08-04 03:33:04,33078.06
2113,sess_000356,ADD_TO_CART,39,2026-08-04 03:33:53,33078.06
2114,sess_000356,PRODUCT_VIEW,43,2026-08-04 03:34:14,24226.27
2115,sess_000356,ADD_TO_CART,43,2026-08-04 03:34:53,24226.27
2116,sess_000357,PRODUCT_VIEW,7,2026-07-22 13:25:04,23088.42
2117,sess_000357,ADD_TO_CART,7,2026-07-22 13:25:14,23088.42
2118,sess_000358,PRODUCT_VIEW,12,2026-07-22 15:53:04,11993.35
2119,sess_000358,ADD_TO_CART,12,2026-07-22 15:53:17,11993.35
2120,sess_000358,PRODUCT_VIEW,16,2026-07-22 15:53:53,1571.54
2121,sess_000358,ADD_TO_CART,16,2026-07-22 15:54:22,1571.54
2122,sess_000358,PRODUCT_VIEW,9,2026-07-22 15:55:56,33952.76
2123,sess_000358,ADD_TO_CART,9,2026-07-22 15:56:33,33952.76
2124,sess_000358,PRODUCT_VIEW,3,2026-07-22 15:57:58,15751.54
2125,sess_000358,ADD_TO_CART,3,2026-07-22 15:58:49,15751.54
2126,sess_000358,CHECKOUT_START,12,2026-07-22 15:59:54,63269.19
2127,sess_000359,PRODUCT_VIEW,34,2026-07-19 12:55:04,7303.52
2128,sess_000359,ADD_TO_CART,34,2026-07-19 12:55:51,7303.52
2129,sess_000360,PRODUCT_VIEW,13,2026-08-01 02:46:04,15251.23
2130,sess_000360,ADD_TO_CART,13,2026-08-01 02:46:58,15251.23
2131,sess_000360,PRODUCT_VIEW,43,2026-08-01 02:48:17,24226.27
2132,sess_000360,ADD_TO_CART,43,2026-08-01 02:49:05,24226.27
2133,sess_000360,PRODUCT_VIEW,31,2026-08-01 02:50:07,17262.47
2134,sess_000360,ADD_TO_CART,31,2026-08-01 02:50:54,17262.47
2135,sess_000360,CHECKOUT_START,13,2026-08-01 02:52:26,56739.97
2136,sess_000361,PRODUCT_VIEW,1,2026-08-04 09:07:04,29947.02
2137,sess_000361,ADD_TO_CART,1,2026-08-04 09:07:28,29947.02
2138,sess_000361,PRODUCT_VIEW,41,2026-08-04 09:08:17,30450.87
2139,sess_000361,ADD_TO_CART,41,2026-08-04 09:08:56,30450.87
2140,sess_000361,CHECKOUT_START,1,2026-08-04 09:10:35,60397.89
2141,sess_000362,PRODUCT_VIEW,1,2026-07-15 11:48:04,29947.02
2142,sess_000362,ADD_TO_CART,1,2026-07-15 11:48:14,29947.02
2143,sess_000362,PRODUCT_VIEW,24,2026-07-15 11:48:43,15990.76
2144,sess_000362,ADD_TO_CART,24,2026-07-15 11:49:15,15990.76
2145,sess_000363,PRODUCT_VIEW,2,2026-07-18 04:38:04,8878.17
2146,sess_000363,ADD_TO_CART,2,2026-07-18 04:38:26,8878.17
2147,sess_000364,PRODUCT_VIEW,13,2026-08-02 13:02:04,15251.23
2148,sess_000364,ADD_TO_CART,13,2026-08-02 13:02:25,15251.23
2149,sess_000364,PRODUCT_VIEW,2,2026-08-02 13:03:18,8878.17
2150,sess_000364,ADD_TO_CART,2,2026-08-02 13:03:34,8878.17
2151,sess_000364,CHECKOUT_START,13,2026-08-02 13:03:56,24129.4
2152,sess_000365,PRODUCT_VIEW,24,2026-07-09 17:27:04,15990.76
2153,sess_000365,ADD_TO_CART,24,2026-07-09 17:27:47,15990.76
2154,sess_000365,PRODUCT_VIEW,43,2026-07-09 17:29:26,24226.27
2155,sess_000365,ADD_TO_CART,43,2026-07-09 17:30:03,24226.27
2156,sess_000365,PRODUCT_VIEW,11,2026-07-09 17:30:31,6189.77
2157,sess_000365,ADD_TO_CART,11,2026-07-09 17:30:48,6189.77
2158,sess_000365,CHECKOUT_START,24,2026-07-09 17:31:26,46406.8
2159,sess_000366,PRODUCT_VIEW,35,2026-07-27 13:46:04,33955.92
2160,sess_000366,ADD_TO_CART,35,2026-07-27 13:47:04,33955.92
2161,sess_000366,PRODUCT_VIEW,19,2026-07-27 13:47:43,20611.38
2162,sess_000366,ADD_TO_CART,19,2026-07-27 13:48:13,20611.38
2163,sess_000366,CHECKOUT_START,35,2026-07-27 13:49:04,54567.3
2164,sess_000367,PRODUCT_VIEW,47,2026-07-22 04:41:04,34979.66
2165,sess_000367,ADD_TO_CART,47,2026-07-22 04:42:04,34979.66
2166,sess_000367,PRODUCT_VIEW,6,2026-07-22 04:43:24,33938.58
2167,sess_000367,ADD_TO_CART,6,2026-07-22 04:44:24,33938.58
2168,sess_000368,PRODUCT_VIEW,46,2026-07-22 08:47:04,3997.88
2169,sess_000368,ADD_TO_CART,46,2026-07-22 08:47:51,3997.88
2170,sess_000368,PRODUCT_VIEW,32,2026-07-22 08:49:02,5145.04
2171,sess_000368,ADD_TO_CART,32,2026-07-22 08:49:52,5145.04
2172,sess_000368,PRODUCT_VIEW,31,2026-07-22 08:51:26,17262.47
2173,sess_000368,ADD_TO_CART,31,2026-07-22 08:52:17,17262.47
2174,sess_000368,PRODUCT_VIEW,18,2026-07-22 08:52:41,29592.56
2175,sess_000368,ADD_TO_CART,18,2026-07-22 08:53:04,29592.56
2176,sess_000368,CHECKOUT_START,46,2026-07-22 08:53:52,55997.95
2177,sess_000369,PRODUCT_VIEW,17,2026-08-01 14:11:04,23333.68
2178,sess_000369,ADD_TO_CART,17,2026-08-01 14:11:22,23333.68
2179,sess_000369,PRODUCT_VIEW,36,2026-08-01 14:11:52,23638.97
2180,sess_000369,ADD_TO_CART,36,2026-08-01 14:12:20,23638.97
2181,sess_000369,PRODUCT_VIEW,6,2026-08-01 14:13:36,33938.58
2182,sess_000369,ADD_TO_CART,6,2026-08-01 14:14:19,33938.58
2183,sess_000369,CHECKOUT_START,17,2026-08-01 14:15:24,80911.23000000001
2184,sess_000369,PAYMENT_FAILURE,17,2026-08-01 14:16:08,80911.23000000001
2185,sess_000369,PAYMENT_FAILURE,17,2026-08-01 14:17:15,80911.23000000001
2186,sess_000370,PRODUCT_VIEW,2,2026-07-25 10:40:04,8878.17
2187,sess_000370,ADD_TO_CART,2,2026-07-25 10:40:30,8878.17
2188,sess_000370,PRODUCT_VIEW,12,2026-07-25 10:40:59,11993.35
2189,sess_000370,ADD_TO_CART,12,2026-07-25 10:41:31,11993.35
2190,sess_000370,PRODUCT_VIEW,29,2026-07-25 10:42:01,22477.1
2191,sess_000370,ADD_TO_CART,29,2026-07-25 10:42:29,22477.1
2192,sess_000370,PRODUCT_VIEW,15,2026-07-25 10:43:53,6095.52
2193,sess_000370,ADD_TO_CART,15,2026-07-25 10:44:35,6095.52
2194,sess_000370,CHECKOUT_START,2,2026-07-25 10:46:04,49444.14
2195,sess_000370,PAYMENT_FAILURE,2,2026-07-25 10:47:15,49444.14
2196,sess_000370,PAYMENT_FAILURE,2,2026-07-25 10:47:50,49444.14
2197,sess_000371,PRODUCT_VIEW,17,2026-07-27 23:19:04,23333.68
2198,sess_000371,ADD_TO_CART,17,2026-07-27 23:20:03,23333.68
2199,sess_000371,PRODUCT_VIEW,20,2026-07-27 23:20:58,7441.9
2200,sess_000371,ADD_TO_CART,20,2026-07-27 23:21:20,7441.9
2201,sess_000371,PRODUCT_VIEW,48,2026-07-27 23:22:57,34207.92
2202,sess_000371,ADD_TO_CART,48,2026-07-27 23:23:15,34207.92
2203,sess_000371,CHECKOUT_START,17,2026-07-27 23:24:44,64983.5
2204,sess_000371,PAYMENT_FAILURE,17,2026-07-27 23:26:12,64983.5
2205,sess_000372,PRODUCT_VIEW,42,2026-07-26 10:47:04,1353.46
2206,sess_000372,ADD_TO_CART,42,2026-07-26 10:47:39,1353.46
2207,sess_000372,PRODUCT_VIEW,33,2026-07-26 10:48:28,10984.48
2208,sess_000372,ADD_TO_CART,33,2026-07-26 10:48:52,10984.48
2209,sess_000372,PRODUCT_VIEW,49,2026-07-26 10:49:38,30515.02
2210,sess_000372,ADD_TO_CART,49,2026-07-26 10:50:18,30515.02
2211,sess_000372,PRODUCT_VIEW,10,2026-07-26 10:51:07,8490.19
2212,sess_000372,ADD_TO_CART,10,2026-07-26 10:51:50,8490.19
2213,sess_000372,CHECKOUT_START,42,2026-07-26 10:53:25,51343.15
2214,sess_000373,PRODUCT_VIEW,50,2026-07-13 21:42:04,19975.03
2215,sess_000373,ADD_TO_CART,50,2026-07-13 21:42:42,19975.03
2216,sess_000373,PRODUCT_VIEW,45,2026-07-13 21:43:59,13966.49
2217,sess_000373,ADD_TO_CART,45,2026-07-13 21:44:44,13966.49
2218,sess_000373,PRODUCT_VIEW,27,2026-07-13 21:45:07,34536.05
2219,sess_000373,ADD_TO_CART,27,2026-07-13 21:45:40,34536.05
2220,sess_000373,PRODUCT_VIEW,14,2026-07-13 21:46:17,21714.55
2221,sess_000373,ADD_TO_CART,14,2026-07-13 21:47:03,21714.55
2222,sess_000374,PRODUCT_VIEW,38,2026-07-31 10:19:04,24333.81
2223,sess_000374,ADD_TO_CART,38,2026-07-31 10:20:04,24333.81
2224,sess_000374,PRODUCT_VIEW,2,2026-07-31 10:20:28,8878.17
2225,sess_000374,ADD_TO_CART,2,2026-07-31 10:20:46,8878.17
2226,sess_000374,PRODUCT_VIEW,37,2026-07-31 10:21:25,30424.4
2227,sess_000374,ADD_TO_CART,37,2026-07-31 10:21:56,30424.4
2228,sess_000374,CHECKOUT_START,38,2026-07-31 10:23:28,63636.380000000005
2229,sess_000375,PRODUCT_VIEW,22,2026-07-26 22:27:04,18731.11
2230,sess_000375,ADD_TO_CART,22,2026-07-26 22:27:50,18731.11
2231,sess_000375,CHECKOUT_START,22,2026-07-26 22:29:07,18731.11
2232,sess_000376,PRODUCT_VIEW,13,2026-07-21 18:34:04,15251.23
2233,sess_000376,ADD_TO_CART,13,2026-07-21 18:34:38,15251.23
2234,sess_000376,PRODUCT_VIEW,5,2026-07-21 18:35:34,5973.44
2235,sess_000376,ADD_TO_CART,5,2026-07-21 18:35:57,5973.44
2236,sess_000376,CHECKOUT_START,13,2026-07-21 18:36:46,21224.67
2237,sess_000377,PRODUCT_VIEW,26,2026-07-23 00:15:04,1741.62
2238,sess_000377,ADD_TO_CART,26,2026-07-23 00:15:48,1741.62
2239,sess_000377,PRODUCT_VIEW,11,2026-07-23 00:17:01,6189.77
2240,sess_000377,ADD_TO_CART,11,2026-07-23 00:17:41,6189.77
2241,sess_000377,PRODUCT_VIEW,8,2026-07-23 00:18:09,27139.29
2242,sess_000377,ADD_TO_CART,8,2026-07-23 00:18:43,27139.29
2243,sess_000377,PRODUCT_VIEW,9,2026-07-23 00:19:29,33952.76
2244,sess_000377,ADD_TO_CART,9,2026-07-23 00:19:47,33952.76
2245,sess_000378,PRODUCT_VIEW,13,2026-08-01 07:28:04,15251.23
2246,sess_000378,ADD_TO_CART,13,2026-08-01 07:28:42,15251.23
2247,sess_000378,PRODUCT_VIEW,1,2026-08-01 07:29:10,29947.02
2248,sess_000378,ADD_TO_CART,1,2026-08-01 07:29:45,29947.02
2249,sess_000378,PRODUCT_VIEW,10,2026-08-01 07:31:22,8490.19
2250,sess_000378,ADD_TO_CART,10,2026-08-01 07:31:47,8490.19
2251,sess_000378,CHECKOUT_START,13,2026-08-01 07:33:14,53688.44
2252,sess_000379,PRODUCT_VIEW,26,2026-08-06 21:31:04,1741.62
2253,sess_000379,ADD_TO_CART,26,2026-08-06 21:31:40,1741.62
2254,sess_000379,PRODUCT_VIEW,40,2026-08-06 21:32:31,17551.46
2255,sess_000379,ADD_TO_CART,40,2026-08-06 21:32:52,17551.46
2256,sess_000379,PRODUCT_VIEW,12,2026-08-06 21:34:31,11993.35
2257,sess_000379,ADD_TO_CART,12,2026-08-06 21:35:27,11993.35
2258,sess_000379,CHECKOUT_START,26,2026-08-06 21:36:42,31286.43
2259,sess_000380,PRODUCT_VIEW,41,2026-07-16 23:08:04,30450.87
2260,sess_000380,ADD_TO_CART,41,2026-07-16 23:08:56,30450.87
2261,sess_000380,PRODUCT_VIEW,35,2026-07-16 23:09:24,33955.92
2262,sess_000380,ADD_TO_CART,35,2026-07-16 23:10:18,33955.92
2263,sess_000380,PRODUCT_VIEW,19,2026-07-16 23:11:05,20611.38
2264,sess_000380,ADD_TO_CART,19,2026-07-16 23:11:46,20611.38
2265,sess_000381,PRODUCT_VIEW,29,2026-08-04 07:24:04,22477.1
2266,sess_000381,ADD_TO_CART,29,2026-08-04 07:24:46,22477.1
2267,sess_000381,PRODUCT_VIEW,11,2026-08-04 07:25:11,6189.77
2268,sess_000381,ADD_TO_CART,11,2026-08-04 07:25:50,6189.77
2269,sess_000381,PRODUCT_VIEW,17,2026-08-04 07:26:13,23333.68
2270,sess_000381,ADD_TO_CART,17,2026-08-04 07:26:27,23333.68
2271,sess_000381,PRODUCT_VIEW,14,2026-08-04 07:27:46,21714.55
2272,sess_000381,ADD_TO_CART,14,2026-08-04 07:28:20,21714.55
2273,sess_000382,PRODUCT_VIEW,43,2026-07-30 20:43:04,24226.27
2274,sess_000382,ADD_TO_CART,43,2026-07-30 20:43:45,24226.27
2275,sess_000382,PRODUCT_VIEW,48,2026-07-30 20:45:04,34207.92
2276,sess_000382,ADD_TO_CART,48,2026-07-30 20:45:18,34207.92
2277,sess_000382,PRODUCT_VIEW,30,2026-07-30 20:45:48,16078.93
2278,sess_000382,ADD_TO_CART,30,2026-07-30 20:46:33,16078.93
2279,sess_000383,PRODUCT_VIEW,12,2026-08-02 18:48:04,11993.35
2280,sess_000383,ADD_TO_CART,12,2026-08-02 18:48:32,11993.35
2281,sess_000384,PRODUCT_VIEW,12,2026-07-15 00:15:04,11993.35
2282,sess_000384,ADD_TO_CART,12,2026-07-15 00:15:16,11993.35
2283,sess_000384,PRODUCT_VIEW,14,2026-07-15 00:16:44,21714.55
2284,sess_000384,ADD_TO_CART,14,2026-07-15 00:17:07,21714.55
2285,sess_000384,PRODUCT_VIEW,46,2026-07-15 00:18:23,3997.88
2286,sess_000384,ADD_TO_CART,46,2026-07-15 00:19:17,3997.88
2287,sess_000384,CHECKOUT_START,12,2026-07-15 00:19:43,37705.78
2288,sess_000385,PRODUCT_VIEW,50,2026-08-06 04:12:04,19975.03
2289,sess_000385,ADD_TO_CART,50,2026-08-06 04:12:29,19975.03
2290,sess_000385,PRODUCT_VIEW,13,2026-08-06 04:13:14,15251.23
2291,sess_000385,ADD_TO_CART,13,2026-08-06 04:13:29,15251.23
2292,sess_000385,PRODUCT_VIEW,16,2026-08-06 04:13:51,1571.54
2293,sess_000385,ADD_TO_CART,16,2026-08-06 04:14:27,1571.54
2294,sess_000385,PRODUCT_VIEW,24,2026-08-06 04:14:50,15990.76
2295,sess_000385,ADD_TO_CART,24,2026-08-06 04:15:00,15990.76
2296,sess_000386,PRODUCT_VIEW,33,2026-07-12 01:57:04,10984.48
2297,sess_000386,ADD_TO_CART,33,2026-07-12 01:57:54,10984.48
2298,sess_000386,PRODUCT_VIEW,7,2026-07-12 01:58:38,23088.42
2299,sess_000386,ADD_TO_CART,7,2026-07-12 01:59:27,23088.42
2300,sess_000386,PRODUCT_VIEW,21,2026-07-12 02:00:13,9659.58
2301,sess_000386,ADD_TO_CART,21,2026-07-12 02:00:57,9659.58
2302,sess_000386,PRODUCT_VIEW,36,2026-07-12 02:02:07,23638.97
2303,sess_000386,ADD_TO_CART,36,2026-07-12 02:02:44,23638.97
2304,sess_000386,CHECKOUT_START,33,2026-07-12 02:03:19,67371.45
2305,sess_000386,PAYMENT_FAILURE,33,2026-07-12 02:04:03,67371.45
2306,sess_000386,PAYMENT_FAILURE,33,2026-07-12 02:04:46,67371.45
2307,sess_000386,PAYMENT_FAILURE,33,2026-07-12 02:05:22,67371.45
2308,sess_000387,PRODUCT_VIEW,15,2026-07-29 00:13:04,6095.52
2309,sess_000387,ADD_TO_CART,15,2026-07-29 00:13:55,6095.52
2310,sess_000387,PRODUCT_VIEW,5,2026-07-29 00:15:34,5973.44
2311,sess_000387,ADD_TO_CART,5,2026-07-29 00:16:07,5973.44
2312,sess_000387,PRODUCT_VIEW,43,2026-07-29 00:16:32,24226.27
2313,sess_000387,ADD_TO_CART,43,2026-07-29 00:16:46,24226.27
2314,sess_000387,PRODUCT_VIEW,18,2026-07-29 00:17:33,29592.56
2315,sess_000387,ADD_TO_CART,18,2026-07-29 00:18:09,29592.56
2316,sess_000388,PRODUCT_VIEW,44,2026-07-08 21:23:04,7783.14
2317,sess_000388,ADD_TO_CART,44,2026-07-08 21:23:35,7783.14
2318,sess_000388,PRODUCT_VIEW,50,2026-07-08 21:24:17,19975.03
2319,sess_000388,ADD_TO_CART,50,2026-07-08 21:25:07,19975.03
2320,sess_000388,PRODUCT_VIEW,45,2026-07-08 21:26:07,13966.49
2321,sess_000388,ADD_TO_CART,45,2026-07-08 21:26:59,13966.49
2322,sess_000388,PRODUCT_VIEW,9,2026-07-08 21:28:20,33952.76
2323,sess_000388,ADD_TO_CART,9,2026-07-08 21:28:34,33952.76
2324,sess_000389,PRODUCT_VIEW,20,2026-07-21 00:10:04,7441.9
2325,sess_000389,ADD_TO_CART,20,2026-07-21 00:10:29,7441.9
2326,sess_000390,PRODUCT_VIEW,14,2026-07-23 14:30:04,21714.55
2327,sess_000390,ADD_TO_CART,14,2026-07-23 14:31:00,21714.55
2328,sess_000390,PRODUCT_VIEW,42,2026-07-23 14:32:36,1353.46
2329,sess_000390,ADD_TO_CART,42,2026-07-23 14:33:14,1353.46
2330,sess_000390,PRODUCT_VIEW,3,2026-07-23 14:34:16,15751.54
2331,sess_000390,ADD_TO_CART,3,2026-07-23 14:34:34,15751.54
2332,sess_000390,PRODUCT_VIEW,16,2026-07-23 14:35:29,1571.54
2333,sess_000390,ADD_TO_CART,16,2026-07-23 14:35:59,1571.54
2334,sess_000390,CHECKOUT_START,14,2026-07-23 14:36:24,40391.090000000004
2335,sess_000391,PRODUCT_VIEW,43,2026-07-11 13:19:04,24226.27
2336,sess_000391,ADD_TO_CART,43,2026-07-11 13:19:29,24226.27
2337,sess_000391,CHECKOUT_START,43,2026-07-11 13:20:17,24226.27
2338,sess_000392,PRODUCT_VIEW,4,2026-08-07 22:25:04,12764.76
2339,sess_000392,ADD_TO_CART,4,2026-08-07 22:25:23,12764.76
2340,sess_000392,PRODUCT_VIEW,41,2026-08-07 22:26:09,30450.87
2341,sess_000392,ADD_TO_CART,41,2026-08-07 22:26:27,30450.87
2342,sess_000392,CHECKOUT_START,4,2026-08-07 22:26:58,43215.63
2343,sess_000393,PRODUCT_VIEW,16,2026-07-15 08:41:04,1571.54
2344,sess_000393,ADD_TO_CART,16,2026-07-15 08:41:25,1571.54
2345,sess_000393,PRODUCT_VIEW,28,2026-07-15 08:43:02,470.42
2346,sess_000393,ADD_TO_CART,28,2026-07-15 08:43:27,470.42
2347,sess_000394,PRODUCT_VIEW,25,2026-07-11 08:12:04,11269.93
2348,sess_000394,ADD_TO_CART,25,2026-07-11 08:12:41,11269.93
2349,sess_000394,PRODUCT_VIEW,11,2026-07-11 08:14:05,6189.77
2350,sess_000394,ADD_TO_CART,11,2026-07-11 08:14:54,6189.77
2351,sess_000394,PRODUCT_VIEW,31,2026-07-11 08:16:09,17262.47
2352,sess_000394,ADD_TO_CART,31,2026-07-11 08:17:07,17262.47
2353,sess_000394,PRODUCT_VIEW,29,2026-07-11 08:17:46,22477.1
2354,sess_000394,ADD_TO_CART,29,2026-07-11 08:18:46,22477.1
2355,sess_000395,PRODUCT_VIEW,25,2026-07-09 14:23:04,11269.93
2356,sess_000395,ADD_TO_CART,25,2026-07-09 14:23:43,11269.93
2357,sess_000395,PRODUCT_VIEW,30,2026-07-09 14:24:39,16078.93
2358,sess_000395,ADD_TO_CART,30,2026-07-09 14:25:13,16078.93
2359,sess_000395,PRODUCT_VIEW,20,2026-07-09 14:26:44,7441.9
2360,sess_000395,ADD_TO_CART,20,2026-07-09 14:27:32,7441.9
2361,sess_000395,CHECKOUT_START,25,2026-07-09 14:28:53,34790.76
2362,sess_000396,PRODUCT_VIEW,26,2026-08-03 18:09:04,1741.62
2363,sess_000396,ADD_TO_CART,26,2026-08-03 18:09:38,1741.62
2364,sess_000396,PRODUCT_VIEW,27,2026-08-03 18:11:00,34536.05
2365,sess_000396,ADD_TO_CART,27,2026-08-03 18:11:29,34536.05
2366,sess_000396,PRODUCT_VIEW,48,2026-08-03 18:13:04,34207.92
2367,sess_000396,ADD_TO_CART,48,2026-08-03 18:13:18,34207.92
2368,sess_000396,PRODUCT_VIEW,24,2026-08-03 18:14:30,15990.76
2369,sess_000396,ADD_TO_CART,24,2026-08-03 18:14:42,15990.76
2370,sess_000396,CHECKOUT_START,26,2026-08-03 18:15:17,86476.34999999999
2371,sess_000397,PRODUCT_VIEW,28,2026-07-30 12:44:04,470.42
2372,sess_000397,ADD_TO_CART,28,2026-07-30 12:44:16,470.42
2373,sess_000397,PRODUCT_VIEW,48,2026-07-30 12:45:22,34207.92
2374,sess_000397,ADD_TO_CART,48,2026-07-30 12:46:12,34207.92
2375,sess_000397,PRODUCT_VIEW,16,2026-07-30 12:46:35,1571.54
2376,sess_000397,ADD_TO_CART,16,2026-07-30 12:47:29,1571.54
2377,sess_000397,PRODUCT_VIEW,31,2026-07-30 12:48:07,17262.47
2378,sess_000397,ADD_TO_CART,31,2026-07-30 12:48:33,17262.47
2379,sess_000397,CHECKOUT_START,28,2026-07-30 12:50:10,53512.35
2380,sess_000398,PRODUCT_VIEW,8,2026-07-20 02:00:04,27139.29
2381,sess_000398,ADD_TO_CART,8,2026-07-20 02:01:03,27139.29
2382,sess_000399,PRODUCT_VIEW,28,2026-07-09 18:11:04,470.42
2383,sess_000399,ADD_TO_CART,28,2026-07-09 18:11:58,470.42
2384,sess_000399,PRODUCT_VIEW,17,2026-07-09 18:12:56,23333.68
2385,sess_000399,ADD_TO_CART,17,2026-07-09 18:13:38,23333.68
2386,sess_000400,PRODUCT_VIEW,18,2026-07-10 21:35:04,29592.56
2387,sess_000400,ADD_TO_CART,18,2026-07-10 21:35:27,29592.56
2388,sess_000400,PRODUCT_VIEW,48,2026-07-10 21:36:37,34207.92
2389,sess_000400,ADD_TO_CART,48,2026-07-10 21:37:31,34207.92
2390,sess_000400,CHECKOUT_START,18,2026-07-10 21:38:30,63800.479999999996
2391,sess_000401,PRODUCT_VIEW,47,2026-07-14 00:51:04,34979.66
2392,sess_000401,ADD_TO_CART,47,2026-07-14 00:51:25,34979.66
2393,sess_000401,PRODUCT_VIEW,28,2026-07-14 00:52:32,470.42
2394,sess_000401,ADD_TO_CART,28,2026-07-14 00:52:53,470.42
2395,sess_000401,PRODUCT_VIEW,11,2026-07-14 00:53:30,6189.77
2396,sess_000401,ADD_TO_CART,11,2026-07-14 00:53:52,6189.77
2397,sess_000401,CHECKOUT_START,47,2026-07-14 00:55:14,41639.850000000006
2398,sess_000402,PRODUCT_VIEW,17,2026-08-01 22:37:04,23333.68
2399,sess_000402,ADD_TO_CART,17,2026-08-01 22:37:42,23333.68
2400,sess_000402,PRODUCT_VIEW,27,2026-08-01 22:39:22,34536.05
2401,sess_000402,ADD_TO_CART,27,2026-08-01 22:40:11,34536.05
2402,sess_000403,PRODUCT_VIEW,2,2026-07-26 20:22:04,8878.17
2403,sess_000403,ADD_TO_CART,2,2026-07-26 20:22:44,8878.17
2404,sess_000403,PRODUCT_VIEW,38,2026-07-26 20:24:06,24333.81
2405,sess_000403,ADD_TO_CART,38,2026-07-26 20:24:59,24333.81
2406,sess_000403,PRODUCT_VIEW,16,2026-07-26 20:25:31,1571.54
2407,sess_000403,ADD_TO_CART,16,2026-07-26 20:25:41,1571.54
2408,sess_000404,PRODUCT_VIEW,31,2026-07-14 00:23:04,17262.47
2409,sess_000404,ADD_TO_CART,31,2026-07-14 00:23:41,17262.47
2410,sess_000404,PRODUCT_VIEW,49,2026-07-14 00:24:44,30515.02
2411,sess_000404,ADD_TO_CART,49,2026-07-14 00:25:17,30515.02
2412,sess_000404,PRODUCT_VIEW,22,2026-07-14 00:26:20,18731.11
2413,sess_000404,ADD_TO_CART,22,2026-07-14 00:26:50,18731.11
2414,sess_000404,PRODUCT_VIEW,39,2026-07-14 00:27:40,33078.06
2415,sess_000404,ADD_TO_CART,39,2026-07-14 00:28:13,33078.06
2416,sess_000404,CHECKOUT_START,31,2026-07-14 00:29:24,99586.66
2417,sess_000405,PRODUCT_VIEW,2,2026-08-05 00:31:04,8878.17
2418,sess_000405,ADD_TO_CART,2,2026-08-05 00:31:21,8878.17
2419,sess_000405,PRODUCT_VIEW,39,2026-08-05 00:32:48,33078.06
2420,sess_000405,ADD_TO_CART,39,2026-08-05 00:33:15,33078.06
2421,sess_000405,CHECKOUT_START,2,2026-08-05 00:34:06,41956.229999999996
2422,sess_000406,PRODUCT_VIEW,41,2026-08-02 00:31:04,30450.87
2423,sess_000406,ADD_TO_CART,41,2026-08-02 00:31:37,30450.87
2424,sess_000406,CHECKOUT_START,41,2026-08-02 00:32:02,30450.87
2425,sess_000407,PRODUCT_VIEW,31,2026-07-19 08:05:04,17262.47
2426,sess_000407,ADD_TO_CART,31,2026-07-19 08:06:00,17262.47
2427,sess_000407,PRODUCT_VIEW,43,2026-07-19 08:07:09,24226.27
2428,sess_000407,ADD_TO_CART,43,2026-07-19 08:07:37,24226.27
2429,sess_000407,PRODUCT_VIEW,45,2026-07-19 08:09:14,13966.49
2430,sess_000407,ADD_TO_CART,45,2026-07-19 08:09:36,13966.49
2431,sess_000407,PRODUCT_VIEW,7,2026-07-19 08:10:14,23088.42
2432,sess_000407,ADD_TO_CART,7,2026-07-19 08:10:57,23088.42
2433,sess_000407,CHECKOUT_START,31,2026-07-19 08:12:30,78543.65
2434,sess_000408,PRODUCT_VIEW,29,2026-08-05 14:20:04,22477.1
2435,sess_000408,ADD_TO_CART,29,2026-08-05 14:20:44,22477.1
2436,sess_000408,PRODUCT_VIEW,8,2026-08-05 14:22:13,27139.29
2437,sess_000408,ADD_TO_CART,8,2026-08-05 14:22:38,27139.29
2438,sess_000408,CHECKOUT_START,29,2026-08-05 14:23:29,49616.39
2439,sess_000409,PRODUCT_VIEW,15,2026-08-07 19:09:04,6095.52
2440,sess_000409,ADD_TO_CART,15,2026-08-07 19:09:56,6095.52
2441,sess_000409,PRODUCT_VIEW,47,2026-08-07 19:11:16,34979.66
2442,sess_000409,ADD_TO_CART,47,2026-08-07 19:12:08,34979.66
2443,sess_000409,PRODUCT_VIEW,17,2026-08-07 19:12:43,23333.68
2444,sess_000409,ADD_TO_CART,17,2026-08-07 19:13:35,23333.68
2445,sess_000409,CHECKOUT_START,15,2026-08-07 19:14:12,64408.86000000001
2446,sess_000410,PRODUCT_VIEW,42,2026-07-31 04:58:04,1353.46
2447,sess_000410,ADD_TO_CART,42,2026-07-31 04:58:35,1353.46
2448,sess_000411,PRODUCT_VIEW,6,2026-07-31 17:00:04,33938.58
2449,sess_000411,ADD_TO_CART,6,2026-07-31 17:01:01,33938.58
2450,sess_000411,PRODUCT_VIEW,8,2026-07-31 17:02:36,27139.29
2451,sess_000411,ADD_TO_CART,8,2026-07-31 17:02:58,27139.29
2452,sess_000411,PRODUCT_VIEW,22,2026-07-31 17:03:32,18731.11
2453,sess_000411,ADD_TO_CART,22,2026-07-31 17:04:18,18731.11
2454,sess_000411,CHECKOUT_START,6,2026-07-31 17:05:25,79808.98000000001
2455,sess_000412,PRODUCT_VIEW,28,2026-08-06 04:29:04,470.42
2456,sess_000412,ADD_TO_CART,28,2026-08-06 04:29:57,470.42
2457,sess_000412,PRODUCT_VIEW,21,2026-08-06 04:30:33,9659.58
2458,sess_000412,ADD_TO_CART,21,2026-08-06 04:31:16,9659.58
2459,sess_000412,PRODUCT_VIEW,50,2026-08-06 04:32:53,19975.03
2460,sess_000412,ADD_TO_CART,50,2026-08-06 04:33:40,19975.03
2461,sess_000412,PRODUCT_VIEW,24,2026-08-06 04:34:28,15990.76
2462,sess_000412,ADD_TO_CART,24,2026-08-06 04:34:44,15990.76
2463,sess_000413,PRODUCT_VIEW,39,2026-07-08 14:30:04,33078.06
2464,sess_000413,ADD_TO_CART,39,2026-07-08 14:30:23,33078.06
2465,sess_000413,PRODUCT_VIEW,19,2026-07-08 14:30:47,20611.38
2466,sess_000413,ADD_TO_CART,19,2026-07-08 14:31:35,20611.38
2467,sess_000413,CHECKOUT_START,39,2026-07-08 14:32:35,53689.44
2468,sess_000414,PRODUCT_VIEW,10,2026-07-12 17:16:04,8490.19
2469,sess_000414,ADD_TO_CART,10,2026-07-12 17:17:00,8490.19
2470,sess_000414,PRODUCT_VIEW,46,2026-07-12 17:17:48,3997.88
2471,sess_000414,ADD_TO_CART,46,2026-07-12 17:18:42,3997.88
2472,sess_000414,PRODUCT_VIEW,14,2026-07-12 17:19:08,21714.55
2473,sess_000414,ADD_TO_CART,14,2026-07-12 17:20:07,21714.55
2474,sess_000414,CHECKOUT_START,10,2026-07-12 17:20:49,34202.619999999995
2475,sess_000414,PAYMENT_FAILURE,10,2026-07-12 17:22:13,34202.619999999995
2476,sess_000414,PAYMENT_FAILURE,10,2026-07-12 17:23:14,34202.619999999995
2477,sess_000415,PRODUCT_VIEW,23,2026-08-07 05:55:04,1664.26
2478,sess_000415,ADD_TO_CART,23,2026-08-07 05:55:47,1664.26
2479,sess_000415,PRODUCT_VIEW,49,2026-08-07 05:56:43,30515.02
2480,sess_000415,ADD_TO_CART,49,2026-08-07 05:57:11,30515.02
2481,sess_000415,PRODUCT_VIEW,26,2026-08-07 05:57:55,1741.62
2482,sess_000415,ADD_TO_CART,26,2026-08-07 05:58:49,1741.62
2483,sess_000415,PRODUCT_VIEW,5,2026-08-07 06:00:19,5973.44
2484,sess_000415,ADD_TO_CART,5,2026-08-07 06:00:54,5973.44
2485,sess_000415,CHECKOUT_START,23,2026-08-07 06:01:26,39894.340000000004
2486,sess_000416,PRODUCT_VIEW,10,2026-07-18 19:02:04,8490.19
2487,sess_000416,ADD_TO_CART,10,2026-07-18 19:02:26,8490.19
2488,sess_000416,PRODUCT_VIEW,14,2026-07-18 19:02:47,21714.55
2489,sess_000416,ADD_TO_CART,14,2026-07-18 19:03:20,21714.55
2490,sess_000416,PRODUCT_VIEW,48,2026-07-18 19:04:53,34207.92
2491,sess_000416,ADD_TO_CART,48,2026-07-18 19:05:09,34207.92
2492,sess_000416,CHECKOUT_START,10,2026-07-18 19:05:47,64412.659999999996
2493,sess_000417,PRODUCT_VIEW,33,2026-07-27 08:27:04,10984.48
2494,sess_000417,ADD_TO_CART,33,2026-07-27 08:27:55,10984.48
2495,sess_000418,PRODUCT_VIEW,20,2026-08-06 20:34:04,7441.9
2496,sess_000418,ADD_TO_CART,20,2026-08-06 20:34:55,7441.9
2497,sess_000418,PRODUCT_VIEW,45,2026-08-06 20:36:03,13966.49
2498,sess_000418,ADD_TO_CART,45,2026-08-06 20:37:02,13966.49
2499,sess_000418,PRODUCT_VIEW,39,2026-08-06 20:37:33,33078.06
2500,sess_000418,ADD_TO_CART,39,2026-08-06 20:38:32,33078.06
2501,sess_000418,PRODUCT_VIEW,12,2026-08-06 20:39:51,11993.35
2502,sess_000418,ADD_TO_CART,12,2026-08-06 20:40:42,11993.35
2503,sess_000419,PRODUCT_VIEW,38,2026-08-04 21:48:04,24333.81
2504,sess_000419,ADD_TO_CART,38,2026-08-04 21:48:50,24333.81
2505,sess_000419,CHECKOUT_START,38,2026-08-04 21:50:23,24333.81
2506,sess_000420,PRODUCT_VIEW,21,2026-07-23 02:37:04,9659.58
2507,sess_000420,ADD_TO_CART,21,2026-07-23 02:37:18,9659.58
2508,sess_000420,CHECKOUT_START,21,2026-07-23 02:38:46,9659.58
2509,sess_000420,PAYMENT_FAILURE,21,2026-07-23 02:39:27,9659.58
2510,sess_000420,PAYMENT_FAILURE,21,2026-07-23 02:40:22,9659.58
2511,sess_000421,PRODUCT_VIEW,49,2026-07-22 04:40:04,30515.02
2512,sess_000421,ADD_TO_CART,49,2026-07-22 04:41:02,30515.02
2513,sess_000422,PRODUCT_VIEW,37,2026-07-21 09:22:04,30424.4
2514,sess_000422,ADD_TO_CART,37,2026-07-21 09:22:55,30424.4
2515,sess_000422,PRODUCT_VIEW,14,2026-07-21 09:23:35,21714.55
2516,sess_000422,ADD_TO_CART,14,2026-07-21 09:23:50,21714.55
2517,sess_000422,CHECKOUT_START,37,2026-07-21 09:25:21,52138.95
2518,sess_000423,PRODUCT_VIEW,16,2026-07-08 06:03:04,1571.54
2519,sess_000423,ADD_TO_CART,16,2026-07-08 06:03:33,1571.54
2520,sess_000423,CHECKOUT_START,16,2026-07-08 06:03:58,1571.54
2521,sess_000424,PRODUCT_VIEW,39,2026-07-20 07:53:04,33078.06
2522,sess_000424,ADD_TO_CART,39,2026-07-20 07:53:27,33078.06
2523,sess_000424,PRODUCT_VIEW,35,2026-07-20 07:53:59,33955.92
2524,sess_000424,ADD_TO_CART,35,2026-07-20 07:54:51,33955.92
2525,sess_000424,PRODUCT_VIEW,33,2026-07-20 07:55:16,10984.48
2526,sess_000424,ADD_TO_CART,33,2026-07-20 07:55:41,10984.48
2527,sess_000425,PRODUCT_VIEW,18,2026-08-03 04:04:04,29592.56
2528,sess_000425,ADD_TO_CART,18,2026-08-03 04:04:53,29592.56
2529,sess_000425,PRODUCT_VIEW,9,2026-08-03 04:06:07,33952.76
2530,sess_000425,ADD_TO_CART,9,2026-08-03 04:06:21,33952.76
2531,sess_000425,PRODUCT_VIEW,47,2026-08-03 04:07:51,34979.66
2532,sess_000425,ADD_TO_CART,47,2026-08-03 04:08:17,34979.66
2533,sess_000425,CHECKOUT_START,18,2026-08-03 04:09:10,98524.98000000001
2534,sess_000426,PRODUCT_VIEW,41,2026-07-08 15:57:04,30450.87
2535,sess_000426,ADD_TO_CART,41,2026-07-08 15:58:00,30450.87
2536,sess_000426,CHECKOUT_START,41,2026-07-08 15:58:54,30450.87
2537,sess_000427,PRODUCT_VIEW,21,2026-07-17 02:31:04,9659.58
2538,sess_000427,ADD_TO_CART,21,2026-07-17 02:31:38,9659.58
2539,sess_000427,PRODUCT_VIEW,28,2026-07-17 02:32:01,470.42
2540,sess_000427,ADD_TO_CART,28,2026-07-17 02:32:49,470.42
2541,sess_000427,CHECKOUT_START,21,2026-07-17 02:33:40,10130.0
2542,sess_000427,PAYMENT_FAILURE,21,2026-07-17 02:34:14,10130.0
2543,sess_000427,PAYMENT_FAILURE,21,2026-07-17 02:35:01,10130.0
2544,sess_000427,PAYMENT_FAILURE,21,2026-07-17 02:35:38,10130.0
2545,sess_000428,PRODUCT_VIEW,10,2026-08-05 12:14:04,8490.19
2546,sess_000428,ADD_TO_CART,10,2026-08-05 12:14:14,8490.19
2547,sess_000428,PRODUCT_VIEW,15,2026-08-05 12:14:46,6095.52
2548,sess_000428,ADD_TO_CART,15,2026-08-05 12:15:20,6095.52
2549,sess_000428,PRODUCT_VIEW,18,2026-08-05 12:16:08,29592.56
2550,sess_000428,ADD_TO_CART,18,2026-08-05 12:16:42,29592.56
2551,sess_000429,PRODUCT_VIEW,36,2026-07-12 07:55:04,23638.97
2552,sess_000429,ADD_TO_CART,36,2026-07-12 07:55:20,23638.97
2553,sess_000429,PRODUCT_VIEW,18,2026-07-12 07:55:46,29592.56
2554,sess_000429,ADD_TO_CART,18,2026-07-12 07:56:06,29592.56
2555,sess_000429,PRODUCT_VIEW,39,2026-07-12 07:57:06,33078.06
2556,sess_000429,ADD_TO_CART,39,2026-07-12 07:58:04,33078.06
2557,sess_000429,CHECKOUT_START,36,2026-07-12 07:59:13,86309.59
2558,sess_000430,PRODUCT_VIEW,37,2026-08-07 01:11:04,30424.4
2559,sess_000430,ADD_TO_CART,37,2026-08-07 01:12:00,30424.4
2560,sess_000430,PRODUCT_VIEW,48,2026-08-07 01:13:07,34207.92
2561,sess_000430,ADD_TO_CART,48,2026-08-07 01:14:02,34207.92
2562,sess_000430,PRODUCT_VIEW,18,2026-08-07 01:14:53,29592.56
2563,sess_000430,ADD_TO_CART,18,2026-08-07 01:15:46,29592.56
2564,sess_000430,PRODUCT_VIEW,4,2026-08-07 01:17:23,12764.76
2565,sess_000430,ADD_TO_CART,4,2026-08-07 01:17:59,12764.76
2566,sess_000430,CHECKOUT_START,37,2026-08-07 01:19:17,106989.64
2567,sess_000431,PRODUCT_VIEW,20,2026-07-29 15:13:04,7441.9
2568,sess_000431,ADD_TO_CART,20,2026-07-29 15:13:19,7441.9
2569,sess_000431,PRODUCT_VIEW,41,2026-07-29 15:14:18,30450.87
2570,sess_000431,ADD_TO_CART,41,2026-07-29 15:14:54,30450.87
2571,sess_000432,PRODUCT_VIEW,1,2026-08-05 18:59:04,29947.02
2572,sess_000432,ADD_TO_CART,1,2026-08-05 19:00:00,29947.02
2573,sess_000432,PRODUCT_VIEW,28,2026-08-05 19:00:37,470.42
2574,sess_000432,ADD_TO_CART,28,2026-08-05 19:01:17,470.42
2575,sess_000432,PRODUCT_VIEW,44,2026-08-05 19:02:40,7783.14
2576,sess_000432,ADD_TO_CART,44,2026-08-05 19:03:22,7783.14
2577,sess_000432,PRODUCT_VIEW,33,2026-08-05 19:04:50,10984.48
2578,sess_000432,ADD_TO_CART,33,2026-08-05 19:05:44,10984.48
2579,sess_000432,CHECKOUT_START,1,2026-08-05 19:06:19,49185.06
2580,sess_000433,PRODUCT_VIEW,16,2026-07-25 00:39:04,1571.54
2581,sess_000433,ADD_TO_CART,16,2026-07-25 00:39:47,1571.54
2582,sess_000433,PRODUCT_VIEW,48,2026-07-25 00:41:24,34207.92
2583,sess_000433,ADD_TO_CART,48,2026-07-25 00:41:36,34207.92
2584,sess_000433,PRODUCT_VIEW,43,2026-07-25 00:43:13,24226.27
2585,sess_000433,ADD_TO_CART,43,2026-07-25 00:43:51,24226.27
2586,sess_000434,PRODUCT_VIEW,25,2026-07-12 20:04:04,11269.93
2587,sess_000434,ADD_TO_CART,25,2026-07-12 20:04:35,11269.93
2588,sess_000434,PRODUCT_VIEW,11,2026-07-12 20:05:26,6189.77
2589,sess_000434,ADD_TO_CART,11,2026-07-12 20:06:10,6189.77
2590,sess_000434,PRODUCT_VIEW,24,2026-07-12 20:06:45,15990.76
2591,sess_000434,ADD_TO_CART,24,2026-07-12 20:07:13,15990.76
2592,sess_000434,PRODUCT_VIEW,8,2026-07-12 20:08:11,27139.29
2593,sess_000434,ADD_TO_CART,8,2026-07-12 20:08:51,27139.29
2594,sess_000434,CHECKOUT_START,25,2026-07-12 20:09:48,60589.75
2595,sess_000435,PRODUCT_VIEW,30,2026-07-09 14:13:04,16078.93
2596,sess_000435,ADD_TO_CART,30,2026-07-09 14:13:53,16078.93
2597,sess_000436,PRODUCT_VIEW,23,2026-07-29 12:33:04,1664.26
2598,sess_000436,ADD_TO_CART,23,2026-07-29 12:33:45,1664.26
2599,sess_000436,PRODUCT_VIEW,1,2026-07-29 12:34:30,29947.02
2600,sess_000436,ADD_TO_CART,1,2026-07-29 12:34:45,29947.02
2601,sess_000436,PRODUCT_VIEW,7,2026-07-29 12:36:12,23088.42
2602,sess_000436,ADD_TO_CART,7,2026-07-29 12:36:54,23088.42
2603,sess_000436,PRODUCT_VIEW,28,2026-07-29 12:37:33,470.42
2604,sess_000436,ADD_TO_CART,28,2026-07-29 12:38:09,470.42
2605,sess_000436,CHECKOUT_START,23,2026-07-29 12:38:44,55170.119999999995
2606,sess_000436,PAYMENT_FAILURE,23,2026-07-29 12:40:12,55170.119999999995
2607,sess_000437,PRODUCT_VIEW,12,2026-07-23 11:08:04,11993.35
2608,sess_000437,ADD_TO_CART,12,2026-07-23 11:08:42,11993.35
2609,sess_000437,PRODUCT_VIEW,35,2026-07-23 11:09:58,33955.92
2610,sess_000437,ADD_TO_CART,35,2026-07-23 11:10:18,33955.92
2611,sess_000437,PRODUCT_VIEW,18,2026-07-23 11:10:55,29592.56
2612,sess_000437,ADD_TO_CART,18,2026-07-23 11:11:27,29592.56
2613,sess_000437,PRODUCT_VIEW,7,2026-07-23 11:12:42,23088.42
2614,sess_000437,ADD_TO_CART,7,2026-07-23 11:12:52,23088.42
2615,sess_000437,CHECKOUT_START,12,2026-07-23 11:13:57,98630.25
2616,sess_000438,PRODUCT_VIEW,11,2026-08-06 20:04:04,6189.77
2617,sess_000438,ADD_TO_CART,11,2026-08-06 20:04:56,6189.77
2618,sess_000438,CHECKOUT_START,11,2026-08-06 20:05:41,6189.77
2619,sess_000439,PRODUCT_VIEW,9,2026-07-21 07:43:04,33952.76
2620,sess_000439,ADD_TO_CART,9,2026-07-21 07:43:22,33952.76
2621,sess_000439,PRODUCT_VIEW,8,2026-07-21 07:44:01,27139.29
2622,sess_000439,ADD_TO_CART,8,2026-07-21 07:44:33,27139.29
2623,sess_000439,PRODUCT_VIEW,7,2026-07-21 07:45:57,23088.42
2624,sess_000439,ADD_TO_CART,7,2026-07-21 07:46:07,23088.42
2625,sess_000439,PRODUCT_VIEW,2,2026-07-21 07:46:57,8878.17
2626,sess_000439,ADD_TO_CART,2,2026-07-21 07:47:10,8878.17
2627,sess_000439,CHECKOUT_START,9,2026-07-21 07:48:13,93058.64
2628,sess_000440,PRODUCT_VIEW,40,2026-07-29 08:02:04,17551.46
2629,sess_000440,ADD_TO_CART,40,2026-07-29 08:03:00,17551.46
2630,sess_000440,PRODUCT_VIEW,10,2026-07-29 08:04:25,8490.19
2631,sess_000440,ADD_TO_CART,10,2026-07-29 08:04:46,8490.19
2632,sess_000441,PRODUCT_VIEW,45,2026-07-12 09:59:04,13966.49
2633,sess_000441,ADD_TO_CART,45,2026-07-12 10:00:00,13966.49
2634,sess_000442,PRODUCT_VIEW,28,2026-08-04 20:07:04,470.42
2635,sess_000442,ADD_TO_CART,28,2026-08-04 20:07:53,470.42
2636,sess_000442,PRODUCT_VIEW,2,2026-08-04 20:08:38,8878.17
2637,sess_000442,ADD_TO_CART,2,2026-08-04 20:08:53,8878.17
2638,sess_000442,CHECKOUT_START,28,2026-08-04 20:09:19,9348.59
2639,sess_000442,PAYMENT_FAILURE,28,2026-08-04 20:10:13,9348.59
2640,sess_000443,PRODUCT_VIEW,20,2026-07-28 10:05:04,7441.9
2641,sess_000443,ADD_TO_CART,20,2026-07-28 10:05:21,7441.9
2642,sess_000443,CHECKOUT_START,20,2026-07-28 10:06:15,7441.9
2643,sess_000443,PAYMENT_FAILURE,20,2026-07-28 10:07:08,7441.9
2644,sess_000444,PRODUCT_VIEW,43,2026-08-06 18:25:04,24226.27
2645,sess_000444,ADD_TO_CART,43,2026-08-06 18:26:01,24226.27
2646,sess_000445,PRODUCT_VIEW,20,2026-08-02 16:01:04,7441.9
2647,sess_000445,ADD_TO_CART,20,2026-08-02 16:01:56,7441.9
2648,sess_000445,PRODUCT_VIEW,8,2026-08-02 16:02:17,27139.29
2649,sess_000445,ADD_TO_CART,8,2026-08-02 16:03:10,27139.29
2650,sess_000445,PRODUCT_VIEW,7,2026-08-02 16:04:40,23088.42
2651,sess_000445,ADD_TO_CART,7,2026-08-02 16:05:39,23088.42
2652,sess_000446,PRODUCT_VIEW,7,2026-07-18 15:12:04,23088.42
2653,sess_000446,ADD_TO_CART,7,2026-07-18 15:12:22,23088.42
2654,sess_000446,CHECKOUT_START,7,2026-07-18 15:14:02,23088.42
2655,sess_000447,PRODUCT_VIEW,47,2026-07-16 09:25:04,34979.66
2656,sess_000447,ADD_TO_CART,47,2026-07-16 09:25:26,34979.66
2657,sess_000447,PRODUCT_VIEW,31,2026-07-16 09:26:54,17262.47
2658,sess_000447,ADD_TO_CART,31,2026-07-16 09:27:50,17262.47
2659,sess_000447,PRODUCT_VIEW,49,2026-07-16 09:28:29,30515.02
2660,sess_000447,ADD_TO_CART,49,2026-07-16 09:28:41,30515.02
2661,sess_000447,CHECKOUT_START,47,2026-07-16 09:29:17,82757.15000000001
2662,sess_000447,PAYMENT_FAILURE,47,2026-07-16 09:29:59,82757.15000000001
2663,sess_000448,PRODUCT_VIEW,31,2026-07-27 09:19:04,17262.47
2664,sess_000448,ADD_TO_CART,31,2026-07-27 09:19:40,17262.47
2665,sess_000448,CHECKOUT_START,31,2026-07-27 09:21:07,17262.47
2666,sess_000448,PAYMENT_FAILURE,31,2026-07-27 09:22:36,17262.47
2667,sess_000448,PAYMENT_FAILURE,31,2026-07-27 09:24:06,17262.47
2668,sess_000448,PAYMENT_FAILURE,31,2026-07-27 09:25:08,17262.47
2669,sess_000449,PRODUCT_VIEW,45,2026-07-08 20:13:04,13966.49
2670,sess_000449,ADD_TO_CART,45,2026-07-08 20:13:26,13966.49
2671,sess_000449,CHECKOUT_START,45,2026-07-08 20:14:36,13966.49
2672,sess_000450,PRODUCT_VIEW,12,2026-07-22 11:31:04,11993.35
2673,sess_000450,ADD_TO_CART,12,2026-07-22 11:31:24,11993.35
2674,sess_000450,PRODUCT_VIEW,1,2026-07-22 11:32:57,29947.02
2675,sess_000450,ADD_TO_CART,1,2026-07-22 11:33:20,29947.02
2676,sess_000450,CHECKOUT_START,12,2026-07-22 11:34:55,41940.37
2677,sess_000451,PRODUCT_VIEW,11,2026-07-11 17:06:04,6189.77
2678,sess_000451,ADD_TO_CART,11,2026-07-11 17:06:28,6189.77
2679,sess_000451,CHECKOUT_START,11,2026-07-11 17:06:53,6189.77
2680,sess_000452,PRODUCT_VIEW,35,2026-07-10 15:09:04,33955.92
2681,sess_000452,ADD_TO_CART,35,2026-07-10 15:09:14,33955.92
2682,sess_000452,PRODUCT_VIEW,8,2026-07-10 15:10:18,27139.29
2683,sess_000452,ADD_TO_CART,8,2026-07-10 15:11:08,27139.29
2684,sess_000452,CHECKOUT_START,35,2026-07-10 15:12:45,61095.21
2685,sess_000452,PAYMENT_FAILURE,35,2026-07-10 15:13:38,61095.21
2686,sess_000452,PAYMENT_FAILURE,35,2026-07-10 15:14:28,61095.21
2687,sess_000453,PRODUCT_VIEW,41,2026-07-10 03:45:04,30450.87
2688,sess_000453,ADD_TO_CART,41,2026-07-10 03:45:14,30450.87
2689,sess_000454,PRODUCT_VIEW,29,2026-08-07 06:17:04,22477.1
2690,sess_000454,ADD_TO_CART,29,2026-08-07 06:17:34,22477.1
2691,sess_000454,PRODUCT_VIEW,15,2026-08-07 06:18:28,6095.52
2692,sess_000454,ADD_TO_CART,15,2026-08-07 06:18:51,6095.52
2693,sess_000454,CHECKOUT_START,29,2026-08-07 06:20:25,28572.62
2694,sess_000455,PRODUCT_VIEW,6,2026-07-15 09:49:04,33938.58
2695,sess_000455,ADD_TO_CART,6,2026-07-15 09:49:25,33938.58
2696,sess_000455,PRODUCT_VIEW,32,2026-07-15 09:50:07,5145.04
2697,sess_000455,ADD_TO_CART,32,2026-07-15 09:50:29,5145.04
2698,sess_000455,PRODUCT_VIEW,12,2026-07-15 09:52:01,11993.35
2699,sess_000455,ADD_TO_CART,12,2026-07-15 09:52:42,11993.35
2700,sess_000455,PRODUCT_VIEW,30,2026-07-15 09:53:25,16078.93
2701,sess_000455,ADD_TO_CART,30,2026-07-15 09:54:16,16078.93
2702,sess_000455,CHECKOUT_START,6,2026-07-15 09:55:12,67155.9
2703,sess_000456,PRODUCT_VIEW,28,2026-07-26 01:10:04,470.42
2704,sess_000456,ADD_TO_CART,28,2026-07-26 01:10:29,470.42
2705,sess_000456,CHECKOUT_START,28,2026-07-26 01:11:47,470.42
2706,sess_000456,PAYMENT_FAILURE,28,2026-07-26 01:13:15,470.42
2707,sess_000457,PRODUCT_VIEW,25,2026-07-15 00:13:04,11269.93
2708,sess_000457,ADD_TO_CART,25,2026-07-15 00:14:02,11269.93
2709,sess_000457,PRODUCT_VIEW,2,2026-07-15 00:14:27,8878.17
2710,sess_000457,ADD_TO_CART,2,2026-07-15 00:14:45,8878.17
2711,sess_000457,PRODUCT_VIEW,8,2026-07-15 00:15:36,27139.29
2712,sess_000457,ADD_TO_CART,8,2026-07-15 00:16:35,27139.29
2713,sess_000457,PRODUCT_VIEW,1,2026-07-15 00:17:05,29947.02
2714,sess_000457,ADD_TO_CART,1,2026-07-15 00:17:32,29947.02
2715,sess_000457,CHECKOUT_START,25,2026-07-15 00:18:10,77234.41
2716,sess_000458,PRODUCT_VIEW,31,2026-07-13 21:00:04,17262.47
2717,sess_000458,ADD_TO_CART,31,2026-07-13 21:00:50,17262.47
2718,sess_000458,PRODUCT_VIEW,49,2026-07-13 21:02:06,30515.02
2719,sess_000458,ADD_TO_CART,49,2026-07-13 21:02:26,30515.02
2720,sess_000458,CHECKOUT_START,31,2026-07-13 21:03:25,47777.490000000005
2721,sess_000459,PRODUCT_VIEW,3,2026-07-16 15:30:04,15751.54
2722,sess_000459,ADD_TO_CART,3,2026-07-16 15:30:20,15751.54
2723,sess_000459,CHECKOUT_START,3,2026-07-16 15:31:49,15751.54
2724,sess_000460,PRODUCT_VIEW,10,2026-07-31 23:48:04,8490.19
2725,sess_000460,ADD_TO_CART,10,2026-07-31 23:48:28,8490.19
2726,sess_000460,PRODUCT_VIEW,23,2026-07-31 23:49:37,1664.26
2727,sess_000460,ADD_TO_CART,23,2026-07-31 23:50:30,1664.26
2728,sess_000460,PRODUCT_VIEW,42,2026-07-31 23:51:04,1353.46
2729,sess_000460,ADD_TO_CART,42,2026-07-31 23:51:45,1353.46
2730,sess_000460,PRODUCT_VIEW,19,2026-07-31 23:52:26,20611.38
2731,sess_000460,ADD_TO_CART,19,2026-07-31 23:52:43,20611.38
2732,sess_000460,CHECKOUT_START,10,2026-07-31 23:53:31,32119.29
2733,sess_000461,PRODUCT_VIEW,28,2026-07-27 21:44:04,470.42
2734,sess_000461,ADD_TO_CART,28,2026-07-27 21:44:35,470.42
2735,sess_000461,PRODUCT_VIEW,34,2026-07-27 21:46:11,7303.52
2736,sess_000461,ADD_TO_CART,34,2026-07-27 21:46:32,7303.52
2737,sess_000461,CHECKOUT_START,28,2026-07-27 21:47:46,7773.9400000000005
2738,sess_000462,PRODUCT_VIEW,17,2026-07-10 21:05:04,23333.68
2739,sess_000462,ADD_TO_CART,17,2026-07-10 21:06:04,23333.68
2740,sess_000462,PRODUCT_VIEW,46,2026-07-10 21:06:24,3997.88
2741,sess_000462,ADD_TO_CART,46,2026-07-10 21:06:43,3997.88
2742,sess_000462,PRODUCT_VIEW,5,2026-07-10 21:07:21,5973.44
2743,sess_000462,ADD_TO_CART,5,2026-07-10 21:07:51,5973.44
2744,sess_000462,CHECKOUT_START,17,2026-07-10 21:08:29,33305.0
2745,sess_000463,PRODUCT_VIEW,6,2026-07-20 10:02:04,33938.58
2746,sess_000463,ADD_TO_CART,6,2026-07-20 10:02:22,33938.58
2747,sess_000463,PRODUCT_VIEW,21,2026-07-20 10:03:05,9659.58
2748,sess_000463,ADD_TO_CART,21,2026-07-20 10:04:04,9659.58
2749,sess_000463,CHECKOUT_START,6,2026-07-20 10:05:13,43598.16
2750,sess_000464,PRODUCT_VIEW,9,2026-07-25 04:05:04,33952.76
2751,sess_000464,ADD_TO_CART,9,2026-07-25 04:05:38,33952.76
2752,sess_000464,PRODUCT_VIEW,42,2026-07-25 04:06:51,1353.46
2753,sess_000464,ADD_TO_CART,42,2026-07-25 04:07:36,1353.46
2754,sess_000464,PRODUCT_VIEW,16,2026-07-25 04:08:59,1571.54
2755,sess_000464,ADD_TO_CART,16,2026-07-25 04:09:43,1571.54
2756,sess_000465,PRODUCT_VIEW,1,2026-07-16 10:14:04,29947.02
2757,sess_000465,ADD_TO_CART,1,2026-07-16 10:14:37,29947.02
2758,sess_000465,PRODUCT_VIEW,14,2026-07-16 10:16:08,21714.55
2759,sess_000465,ADD_TO_CART,14,2026-07-16 10:16:48,21714.55
2760,sess_000465,PRODUCT_VIEW,2,2026-07-16 10:17:25,8878.17
2761,sess_000465,ADD_TO_CART,2,2026-07-16 10:17:42,8878.17
2762,sess_000465,CHECKOUT_START,1,2026-07-16 10:18:09,60539.74
2763,sess_000466,PRODUCT_VIEW,16,2026-07-24 19:42:04,1571.54
2764,sess_000466,ADD_TO_CART,16,2026-07-24 19:43:01,1571.54
2765,sess_000466,PRODUCT_VIEW,14,2026-07-24 19:43:38,21714.55
2766,sess_000466,ADD_TO_CART,14,2026-07-24 19:43:55,21714.55
2767,sess_000466,PRODUCT_VIEW,15,2026-07-24 19:44:33,6095.52
2768,sess_000466,ADD_TO_CART,15,2026-07-24 19:45:07,6095.52
2769,sess_000466,PRODUCT_VIEW,4,2026-07-24 19:45:30,12764.76
2770,sess_000466,ADD_TO_CART,4,2026-07-24 19:46:24,12764.76
2771,sess_000467,PRODUCT_VIEW,6,2026-07-12 04:21:04,33938.58
2772,sess_000467,ADD_TO_CART,6,2026-07-12 04:21:18,33938.58
2773,sess_000467,PRODUCT_VIEW,16,2026-07-12 04:21:39,1571.54
2774,sess_000467,ADD_TO_CART,16,2026-07-12 04:22:25,1571.54
2775,sess_000467,CHECKOUT_START,6,2026-07-12 04:23:38,35510.12
2776,sess_000467,PAYMENT_FAILURE,6,2026-07-12 04:24:17,35510.12
2777,sess_000468,PRODUCT_VIEW,29,2026-07-22 00:47:04,22477.1
2778,sess_000468,ADD_TO_CART,29,2026-07-22 00:47:14,22477.1
2779,sess_000468,PRODUCT_VIEW,42,2026-07-22 00:48:10,1353.46
2780,sess_000468,ADD_TO_CART,42,2026-07-22 00:48:27,1353.46
2781,sess_000468,PRODUCT_VIEW,45,2026-07-22 00:49:06,13966.49
2782,sess_000468,ADD_TO_CART,45,2026-07-22 00:49:19,13966.49
2783,sess_000468,CHECKOUT_START,29,2026-07-22 00:49:43,37797.049999999996
2784,sess_000469,PRODUCT_VIEW,46,2026-07-25 01:25:04,3997.88
2785,sess_000469,ADD_TO_CART,46,2026-07-25 01:25:24,3997.88
2786,sess_000469,PRODUCT_VIEW,15,2026-07-25 01:26:18,6095.52
2787,sess_000469,ADD_TO_CART,15,2026-07-25 01:26:33,6095.52
2788,sess_000469,PRODUCT_VIEW,28,2026-07-25 01:27:59,470.42
2789,sess_000469,ADD_TO_CART,28,2026-07-25 01:28:33,470.42
2790,sess_000469,CHECKOUT_START,46,2026-07-25 01:29:09,10563.820000000002
2791,sess_000470,PRODUCT_VIEW,42,2026-07-26 18:21:04,1353.46
2792,sess_000470,ADD_TO_CART,42,2026-07-26 18:21:24,1353.46
2793,sess_000470,PRODUCT_VIEW,26,2026-07-26 18:21:50,1741.62
2794,sess_000470,ADD_TO_CART,26,2026-07-26 18:22:23,1741.62
2795,sess_000470,PRODUCT_VIEW,25,2026-07-26 18:23:37,11269.93
2796,sess_000470,ADD_TO_CART,25,2026-07-26 18:23:59,11269.93
2797,sess_000470,CHECKOUT_START,42,2026-07-26 18:24:53,14365.01
2798,sess_000471,PRODUCT_VIEW,5,2026-07-31 15:00:04,5973.44
2799,sess_000471,ADD_TO_CART,5,2026-07-31 15:00:27,5973.44
2800,sess_000472,PRODUCT_VIEW,37,2026-07-09 23:31:04,30424.4
2801,sess_000472,ADD_TO_CART,37,2026-07-09 23:31:50,30424.4
2802,sess_000473,PRODUCT_VIEW,26,2026-07-08 14:05:04,1741.62
2803,sess_000473,ADD_TO_CART,26,2026-07-08 14:05:34,1741.62
2804,sess_000473,PRODUCT_VIEW,33,2026-07-08 14:06:44,10984.48
2805,sess_000473,ADD_TO_CART,33,2026-07-08 14:07:40,10984.48
2806,sess_000473,PRODUCT_VIEW,13,2026-07-08 14:08:45,15251.23
2807,sess_000473,ADD_TO_CART,13,2026-07-08 14:09:03,15251.23
2808,sess_000474,PRODUCT_VIEW,11,2026-07-20 11:35:04,6189.77
2809,sess_000474,ADD_TO_CART,11,2026-07-20 11:35:43,6189.77
2810,sess_000474,PRODUCT_VIEW,10,2026-07-20 11:36:13,8490.19
2811,sess_000474,ADD_TO_CART,10,2026-07-20 11:37:03,8490.19
2812,sess_000474,PRODUCT_VIEW,44,2026-07-20 11:37:34,7783.14
2813,sess_000474,ADD_TO_CART,44,2026-07-20 11:38:29,7783.14
2814,sess_000474,CHECKOUT_START,11,2026-07-20 11:39:18,22463.100000000002
2815,sess_000475,PRODUCT_VIEW,9,2026-07-22 07:00:05,33952.76
2816,sess_000475,ADD_TO_CART,9,2026-07-22 07:00:54,33952.76
2817,sess_000475,PRODUCT_VIEW,22,2026-07-22 07:02:09,18731.11
2818,sess_000475,ADD_TO_CART,22,2026-07-22 07:02:21,18731.11
2819,sess_000475,PRODUCT_VIEW,19,2026-07-22 07:03:30,20611.38
2820,sess_000475,ADD_TO_CART,19,2026-07-22 07:03:55,20611.38
2821,sess_000475,PRODUCT_VIEW,24,2026-07-22 07:04:41,15990.76
2822,sess_000475,ADD_TO_CART,24,2026-07-22 07:05:30,15990.76
2823,sess_000475,CHECKOUT_START,9,2026-07-22 07:07:07,89286.01
2824,sess_000475,PAYMENT_FAILURE,9,2026-07-22 07:07:41,89286.01
2825,sess_000475,PAYMENT_FAILURE,9,2026-07-22 07:08:20,89286.01
2826,sess_000475,PAYMENT_FAILURE,9,2026-07-22 07:09:26,89286.01
2827,sess_000476,PRODUCT_VIEW,21,2026-07-14 14:04:05,9659.58
2828,sess_000476,ADD_TO_CART,21,2026-07-14 14:04:32,9659.58
2829,sess_000476,PRODUCT_VIEW,11,2026-07-14 14:06:05,6189.77
2830,sess_000476,ADD_TO_CART,11,2026-07-14 14:06:38,6189.77
2831,sess_000476,PRODUCT_VIEW,19,2026-07-14 14:07:43,20611.38
2832,sess_000476,ADD_TO_CART,19,2026-07-14 14:07:58,20611.38
2833,sess_000476,PRODUCT_VIEW,5,2026-07-14 14:08:27,5973.44
2834,sess_000476,ADD_TO_CART,5,2026-07-14 14:08:48,5973.44
2835,sess_000476,CHECKOUT_START,21,2026-07-14 14:10:06,42434.170000000006
2836,sess_000477,PRODUCT_VIEW,24,2026-07-09 19:50:05,15990.76
2837,sess_000477,ADD_TO_CART,24,2026-07-09 19:50:33,15990.76
2838,sess_000477,CHECKOUT_START,24,2026-07-09 19:51:44,15990.76
2839,sess_000478,PRODUCT_VIEW,17,2026-07-11 03:18:05,23333.68
2840,sess_000478,ADD_TO_CART,17,2026-07-11 03:18:56,23333.68
2841,sess_000478,PRODUCT_VIEW,44,2026-07-11 03:19:23,7783.14
2842,sess_000478,ADD_TO_CART,44,2026-07-11 03:20:20,7783.14
2843,sess_000478,PRODUCT_VIEW,3,2026-07-11 03:21:11,15751.54
2844,sess_000478,ADD_TO_CART,3,2026-07-11 03:22:05,15751.54
2845,sess_000478,PRODUCT_VIEW,40,2026-07-11 03:23:36,17551.46
2846,sess_000478,ADD_TO_CART,40,2026-07-11 03:23:46,17551.46
2847,sess_000478,CHECKOUT_START,17,2026-07-11 03:24:25,64419.82
2848,sess_000478,PAYMENT_FAILURE,17,2026-07-11 03:25:49,64419.82
2849,sess_000478,PAYMENT_FAILURE,17,2026-07-11 03:26:25,64419.82
2850,sess_000479,PRODUCT_VIEW,30,2026-08-05 17:01:05,16078.93
2851,sess_000479,ADD_TO_CART,30,2026-08-05 17:01:44,16078.93
2852,sess_000479,PRODUCT_VIEW,42,2026-08-05 17:02:17,1353.46
2853,sess_000479,ADD_TO_CART,42,2026-08-05 17:02:32,1353.46
2854,sess_000479,PRODUCT_VIEW,35,2026-08-05 17:03:15,33955.92
2855,sess_000479,ADD_TO_CART,35,2026-08-05 17:04:11,33955.92
2856,sess_000479,CHECKOUT_START,30,2026-08-05 17:04:44,51388.31
2857,sess_000480,PRODUCT_VIEW,8,2026-08-05 13:48:05,27139.29
2858,sess_000480,ADD_TO_CART,8,2026-08-05 13:48:49,27139.29
2859,sess_000480,PRODUCT_VIEW,18,2026-08-05 13:49:28,29592.56
2860,sess_000480,ADD_TO_CART,18,2026-08-05 13:50:08,29592.56
2861,sess_000480,PRODUCT_VIEW,30,2026-08-05 13:50:46,16078.93
2862,sess_000480,ADD_TO_CART,30,2026-08-05 13:51:36,16078.93
2863,sess_000480,PRODUCT_VIEW,3,2026-08-05 13:52:23,15751.54
2864,sess_000480,ADD_TO_CART,3,2026-08-05 13:52:53,15751.54
2865,sess_000480,CHECKOUT_START,8,2026-08-05 13:54:25,88562.32
2866,sess_000481,PRODUCT_VIEW,2,2026-07-25 08:28:05,8878.17
2867,sess_000481,ADD_TO_CART,2,2026-07-25 08:28:58,8878.17
2868,sess_000481,PRODUCT_VIEW,49,2026-07-25 08:30:12,30515.02
2869,sess_000481,ADD_TO_CART,49,2026-07-25 08:30:39,30515.02
2870,sess_000481,CHECKOUT_START,2,2026-07-25 08:31:31,39393.19
2871,sess_000482,PRODUCT_VIEW,27,2026-07-26 21:50:05,34536.05
2872,sess_000482,ADD_TO_CART,27,2026-07-26 21:50:31,34536.05
2873,sess_000482,PRODUCT_VIEW,34,2026-07-26 21:51:14,7303.52
2874,sess_000482,ADD_TO_CART,34,2026-07-26 21:51:27,7303.52
2875,sess_000482,PRODUCT_VIEW,14,2026-07-26 21:51:58,21714.55
2876,sess_000482,ADD_TO_CART,14,2026-07-26 21:52:35,21714.55
2877,sess_000482,PRODUCT_VIEW,43,2026-07-26 21:53:38,24226.27
2878,sess_000482,ADD_TO_CART,43,2026-07-26 21:54:36,24226.27
2879,sess_000483,PRODUCT_VIEW,23,2026-07-23 06:21:05,1664.26
2880,sess_000483,ADD_TO_CART,23,2026-07-23 06:21:15,1664.26
2881,sess_000483,PRODUCT_VIEW,45,2026-07-23 06:22:46,13966.49
2882,sess_000483,ADD_TO_CART,45,2026-07-23 06:23:46,13966.49
2883,sess_000483,PRODUCT_VIEW,37,2026-07-23 06:25:22,30424.4
2884,sess_000483,ADD_TO_CART,37,2026-07-23 06:25:44,30424.4
2885,sess_000483,PRODUCT_VIEW,25,2026-07-23 06:26:13,11269.93
2886,sess_000483,ADD_TO_CART,25,2026-07-23 06:27:09,11269.93
2887,sess_000484,PRODUCT_VIEW,21,2026-08-03 08:58:05,9659.58
2888,sess_000484,ADD_TO_CART,21,2026-08-03 08:58:31,9659.58
2889,sess_000484,PRODUCT_VIEW,8,2026-08-03 08:59:57,27139.29
2890,sess_000484,ADD_TO_CART,8,2026-08-03 09:00:53,27139.29
2891,sess_000484,PRODUCT_VIEW,44,2026-08-03 09:01:13,7783.14
2892,sess_000484,ADD_TO_CART,44,2026-08-03 09:01:51,7783.14
2893,sess_000484,PRODUCT_VIEW,27,2026-08-03 09:02:27,34536.05
2894,sess_000484,ADD_TO_CART,27,2026-08-03 09:03:17,34536.05
2895,sess_000485,PRODUCT_VIEW,14,2026-08-01 10:17:05,21714.55
2896,sess_000485,ADD_TO_CART,14,2026-08-01 10:17:51,21714.55
2897,sess_000485,PRODUCT_VIEW,23,2026-08-01 10:18:12,1664.26
2898,sess_000485,ADD_TO_CART,23,2026-08-01 10:18:45,1664.26
2899,sess_000485,PRODUCT_VIEW,13,2026-08-01 10:19:51,15251.23
2900,sess_000485,ADD_TO_CART,13,2026-08-01 10:20:02,15251.23
2901,sess_000485,PRODUCT_VIEW,44,2026-08-01 10:21:00,7783.14
2902,sess_000485,ADD_TO_CART,44,2026-08-01 10:21:29,7783.14
2903,sess_000485,CHECKOUT_START,14,2026-08-01 10:22:53,46413.17999999999
2904,sess_000486,PRODUCT_VIEW,12,2026-07-25 12:37:05,11993.35
2905,sess_000486,ADD_TO_CART,12,2026-07-25 12:37:44,11993.35
2906,sess_000486,CHECKOUT_START,12,2026-07-25 12:38:58,11993.35
2907,sess_000486,PAYMENT_FAILURE,12,2026-07-25 12:39:51,11993.35
2908,sess_000486,PAYMENT_FAILURE,12,2026-07-25 12:40:32,11993.35
2909,sess_000486,PAYMENT_FAILURE,12,2026-07-25 12:41:37,11993.35
2910,sess_000487,PRODUCT_VIEW,45,2026-07-17 01:07:05,13966.49
2911,sess_000487,ADD_TO_CART,45,2026-07-17 01:07:20,13966.49
2912,sess_000487,PRODUCT_VIEW,40,2026-07-17 01:07:53,17551.46
2913,sess_000487,ADD_TO_CART,40,2026-07-17 01:08:08,17551.46
2914,sess_000487,PRODUCT_VIEW,7,2026-07-17 01:08:30,23088.42
2915,sess_000487,ADD_TO_CART,7,2026-07-17 01:09:19,23088.42
2916,sess_000487,CHECKOUT_START,45,2026-07-17 01:10:31,54606.369999999995
2917,sess_000488,PRODUCT_VIEW,14,2026-07-20 23:31:05,21714.55
2918,sess_000488,ADD_TO_CART,14,2026-07-20 23:31:50,21714.55
2919,sess_000488,PRODUCT_VIEW,15,2026-07-20 23:32:58,6095.52
2920,sess_000488,ADD_TO_CART,15,2026-07-20 23:33:15,6095.52
2921,sess_000488,PRODUCT_VIEW,50,2026-07-20 23:34:00,19975.03
2922,sess_000488,ADD_TO_CART,50,2026-07-20 23:34:40,19975.03
2923,sess_000488,PRODUCT_VIEW,30,2026-07-20 23:35:15,16078.93
2924,sess_000488,ADD_TO_CART,30,2026-07-20 23:35:47,16078.93
2925,sess_000489,PRODUCT_VIEW,27,2026-07-31 07:18:05,34536.05
2926,sess_000489,ADD_TO_CART,27,2026-07-31 07:18:15,34536.05
2927,sess_000489,PRODUCT_VIEW,44,2026-07-31 07:19:28,7783.14
2928,sess_000489,ADD_TO_CART,44,2026-07-31 07:19:40,7783.14
2929,sess_000489,PRODUCT_VIEW,16,2026-07-31 07:20:01,1571.54
2930,sess_000489,ADD_TO_CART,16,2026-07-31 07:20:12,1571.54
2931,sess_000489,CHECKOUT_START,27,2026-07-31 07:20:51,43890.73
2932,sess_000490,PRODUCT_VIEW,4,2026-07-20 09:57:05,12764.76
2933,sess_000490,ADD_TO_CART,4,2026-07-20 09:57:55,12764.76
2934,sess_000490,PRODUCT_VIEW,37,2026-07-20 09:59:04,30424.4
2935,sess_000490,ADD_TO_CART,37,2026-07-20 10:00:00,30424.4
2936,sess_000490,PRODUCT_VIEW,28,2026-07-20 10:00:42,470.42
2937,sess_000490,ADD_TO_CART,28,2026-07-20 10:01:17,470.42
2938,sess_000490,PRODUCT_VIEW,9,2026-07-20 10:02:17,33952.76
2939,sess_000490,ADD_TO_CART,9,2026-07-20 10:03:00,33952.76
2940,sess_000490,CHECKOUT_START,4,2026-07-20 10:03:40,77612.34
2941,sess_000490,PAYMENT_FAILURE,4,2026-07-20 10:04:37,77612.34
2942,sess_000490,PAYMENT_FAILURE,4,2026-07-20 10:05:21,77612.34
2943,sess_000490,PAYMENT_FAILURE,4,2026-07-20 10:05:57,77612.34
2944,sess_000491,PRODUCT_VIEW,21,2026-07-14 03:13:05,9659.58
2945,sess_000491,ADD_TO_CART,21,2026-07-14 03:13:20,9659.58
2946,sess_000491,PRODUCT_VIEW,14,2026-07-14 03:13:51,21714.55
2947,sess_000491,ADD_TO_CART,14,2026-07-14 03:14:02,21714.55
2948,sess_000492,PRODUCT_VIEW,12,2026-07-26 23:46:05,11993.35
2949,sess_000492,ADD_TO_CART,12,2026-07-26 23:46:29,11993.35
2950,sess_000492,PRODUCT_VIEW,16,2026-07-26 23:47:27,1571.54
2951,sess_000492,ADD_TO_CART,16,2026-07-26 23:47:49,1571.54
2952,sess_000492,PRODUCT_VIEW,42,2026-07-26 23:49:17,1353.46
2953,sess_000492,ADD_TO_CART,42,2026-07-26 23:49:42,1353.46
2954,sess_000492,CHECKOUT_START,12,2026-07-26 23:50:50,14918.349999999999
2955,sess_000492,PAYMENT_FAILURE,12,2026-07-26 23:52:09,14918.349999999999
2956,sess_000492,PAYMENT_FAILURE,12,2026-07-26 23:52:55,14918.349999999999
2957,sess_000492,PAYMENT_FAILURE,12,2026-07-26 23:54:07,14918.349999999999
2958,sess_000493,PRODUCT_VIEW,30,2026-08-07 02:50:05,16078.93
2959,sess_000493,ADD_TO_CART,30,2026-08-07 02:50:53,16078.93
2960,sess_000493,CHECKOUT_START,30,2026-08-07 02:51:28,16078.93
2961,sess_000494,PRODUCT_VIEW,7,2026-08-05 07:45:05,23088.42
2962,sess_000494,ADD_TO_CART,7,2026-08-05 07:45:19,23088.42
2963,sess_000494,PRODUCT_VIEW,32,2026-08-05 07:46:41,5145.04
2964,sess_000494,ADD_TO_CART,32,2026-08-05 07:47:31,5145.04
2965,sess_000494,PRODUCT_VIEW,2,2026-08-05 07:48:00,8878.17
2966,sess_000494,ADD_TO_CART,2,2026-08-05 07:48:23,8878.17
2967,sess_000494,PRODUCT_VIEW,27,2026-08-05 07:49:36,34536.05
2968,sess_000494,ADD_TO_CART,27,2026-08-05 07:50:10,34536.05
2969,sess_000494,CHECKOUT_START,7,2026-08-05 07:51:10,71647.68
2970,sess_000495,PRODUCT_VIEW,31,2026-07-10 18:32:05,17262.47
2971,sess_000495,ADD_TO_CART,31,2026-07-10 18:32:49,17262.47
2972,sess_000495,PRODUCT_VIEW,40,2026-07-10 18:33:09,17551.46
2973,sess_000495,ADD_TO_CART,40,2026-07-10 18:33:29,17551.46
2974,sess_000495,PRODUCT_VIEW,39,2026-07-10 18:34:55,33078.06
2975,sess_000495,ADD_TO_CART,39,2026-07-10 18:35:52,33078.06
2976,sess_000495,CHECKOUT_START,31,2026-07-10 18:36:44,67891.98999999999
2977,sess_000496,PRODUCT_VIEW,14,2026-08-07 06:57:05,21714.55
2978,sess_000496,ADD_TO_CART,14,2026-08-07 06:57:16,21714.55
2979,sess_000496,CHECKOUT_START,14,2026-08-07 06:58:17,21714.55
2980,sess_000496,PAYMENT_FAILURE,14,2026-08-07 06:58:55,21714.55
2981,sess_000497,PRODUCT_VIEW,48,2026-08-01 21:29:05,34207.92
2982,sess_000497,ADD_TO_CART,48,2026-08-01 21:29:40,34207.92
2983,sess_000497,PRODUCT_VIEW,32,2026-08-01 21:30:24,5145.04
2984,sess_000497,ADD_TO_CART,32,2026-08-01 21:30:50,5145.04
2985,sess_000497,PRODUCT_VIEW,28,2026-08-01 21:31:32,470.42
2986,sess_000497,ADD_TO_CART,28,2026-08-01 21:31:54,470.42
2987,sess_000497,PRODUCT_VIEW,33,2026-08-01 21:32:49,10984.48
2988,sess_000497,ADD_TO_CART,33,2026-08-01 21:33:24,10984.48
2989,sess_000497,CHECKOUT_START,48,2026-08-01 21:33:57,50807.86
2990,sess_000498,PRODUCT_VIEW,21,2026-07-15 07:58:05,9659.58
2991,sess_000498,ADD_TO_CART,21,2026-07-15 07:58:53,9659.58
2992,sess_000498,PRODUCT_VIEW,40,2026-07-15 08:00:02,17551.46
2993,sess_000498,ADD_TO_CART,40,2026-07-15 08:00:39,17551.46
2994,sess_000498,PRODUCT_VIEW,7,2026-07-15 08:01:24,23088.42
2995,sess_000498,ADD_TO_CART,7,2026-07-15 08:02:10,23088.42
2996,sess_000498,CHECKOUT_START,21,2026-07-15 08:03:15,50299.46
2997,sess_000499,PRODUCT_VIEW,39,2026-08-06 07:10:05,33078.06
2998,sess_000499,ADD_TO_CART,39,2026-08-06 07:10:37,33078.06
2999,sess_000499,PRODUCT_VIEW,42,2026-08-06 07:11:47,1353.46
3000,sess_000499,ADD_TO_CART,42,2026-08-06 07:11:58,1353.46
3001,sess_000499,PRODUCT_VIEW,34,2026-08-06 07:12:32,7303.52
3002,sess_000499,ADD_TO_CART,34,2026-08-06 07:12:53,7303.52
3003,sess_000499,CHECKOUT_START,39,2026-08-06 07:13:54,41735.03999999999
3004,sess_000500,PRODUCT_VIEW,8,2026-07-17 11:56:05,27139.29
3005,sess_000500,ADD_TO_CART,8,2026-07-17 11:56:59,27139.29
3006,sess_000500,PRODUCT_VIEW,1,2026-07-17 11:57:20,29947.02
3007,sess_000500,ADD_TO_CART,1,2026-07-17 11:58:15,29947.02
3008,sess_000500,PRODUCT_VIEW,21,2026-07-17 11:59:17,9659.58
3009,sess_000500,ADD_TO_CART,21,2026-07-17 11:59:40,9659.58
3010,sess_000501,PRODUCT_VIEW,36,2026-07-29 04:05:05,23638.97
3011,sess_000501,ADD_TO_CART,36,2026-07-29 04:05:32,23638.97
3012,sess_000501,CHECKOUT_START,36,2026-07-29 04:07:09,23638.97
3013,sess_000502,PRODUCT_VIEW,13,2026-07-14 09:46:05,15251.23
3014,sess_000502,ADD_TO_CART,13,2026-07-14 09:46:46,15251.23
3015,sess_000502,PRODUCT_VIEW,4,2026-07-14 09:48:09,12764.76
3016,sess_000502,ADD_TO_CART,4,2026-07-14 09:48:21,12764.76
3017,sess_000502,CHECKOUT_START,13,2026-07-14 09:49:16,28015.989999999998
3018,sess_000503,PRODUCT_VIEW,2,2026-07-28 04:27:05,8878.17
3019,sess_000503,ADD_TO_CART,2,2026-07-28 04:27:15,8878.17
3020,sess_000503,PRODUCT_VIEW,42,2026-07-28 04:28:34,1353.46
3021,sess_000503,ADD_TO_CART,42,2026-07-28 04:29:02,1353.46
3022,sess_000503,PRODUCT_VIEW,37,2026-07-28 04:29:38,30424.4
3023,sess_000503,ADD_TO_CART,37,2026-07-28 04:30:13,30424.4
3024,sess_000503,CHECKOUT_START,2,2026-07-28 04:30:37,40656.03
3025,sess_000504,PRODUCT_VIEW,18,2026-07-23 21:23:05,29592.56
3026,sess_000504,ADD_TO_CART,18,2026-07-23 21:23:37,29592.56
3027,sess_000504,PRODUCT_VIEW,21,2026-07-23 21:24:48,9659.58
3028,sess_000504,ADD_TO_CART,21,2026-07-23 21:25:03,9659.58
3029,sess_000504,PRODUCT_VIEW,49,2026-07-23 21:26:34,30515.02
3030,sess_000504,ADD_TO_CART,49,2026-07-23 21:27:33,30515.02
3031,sess_000505,PRODUCT_VIEW,15,2026-07-24 07:47:05,6095.52
3032,sess_000505,ADD_TO_CART,15,2026-07-24 07:47:18,6095.52
3033,sess_000505,CHECKOUT_START,15,2026-07-24 07:47:39,6095.52
3034,sess_000506,PRODUCT_VIEW,17,2026-08-02 21:37:05,23333.68
3035,sess_000506,ADD_TO_CART,17,2026-08-02 21:38:05,23333.68
3036,sess_000506,CHECKOUT_START,17,2026-08-02 21:38:30,23333.68
3037,sess_000506,PAYMENT_FAILURE,17,2026-08-02 21:39:07,23333.68
3038,sess_000506,PAYMENT_FAILURE,17,2026-08-02 21:39:40,23333.68
3039,sess_000506,PAYMENT_FAILURE,17,2026-08-02 21:41:10,23333.68
3040,sess_000507,PRODUCT_VIEW,8,2026-07-16 18:49:05,27139.29
3041,sess_000507,ADD_TO_CART,8,2026-07-16 18:50:03,27139.29
3042,sess_000507,PRODUCT_VIEW,9,2026-07-16 18:51:37,33952.76
3043,sess_000507,ADD_TO_CART,9,2026-07-16 18:52:13,33952.76
3044,sess_000507,PRODUCT_VIEW,21,2026-07-16 18:53:30,9659.58
3045,sess_000507,ADD_TO_CART,21,2026-07-16 18:54:22,9659.58
3046,sess_000507,PRODUCT_VIEW,10,2026-07-16 18:54:57,8490.19
3047,sess_000507,ADD_TO_CART,10,2026-07-16 18:55:40,8490.19
3048,sess_000508,PRODUCT_VIEW,15,2026-07-30 13:38:05,6095.52
3049,sess_000508,ADD_TO_CART,15,2026-07-30 13:38:33,6095.52
3050,sess_000508,PRODUCT_VIEW,6,2026-07-30 13:39:03,33938.58
3051,sess_000508,ADD_TO_CART,6,2026-07-30 13:39:35,33938.58
3052,sess_000508,PRODUCT_VIEW,17,2026-07-30 13:41:06,23333.68
3053,sess_000508,ADD_TO_CART,17,2026-07-30 13:41:31,23333.68
3054,sess_000508,PRODUCT_VIEW,50,2026-07-30 13:42:17,19975.03
3055,sess_000508,ADD_TO_CART,50,2026-07-30 13:43:11,19975.03
3056,sess_000509,PRODUCT_VIEW,22,2026-08-01 08:39:05,18731.11
3057,sess_000509,ADD_TO_CART,22,2026-08-01 08:39:28,18731.11
3058,sess_000509,CHECKOUT_START,22,2026-08-01 08:41:03,18731.11
3059,sess_000510,PRODUCT_VIEW,9,2026-07-24 02:15:05,33952.76
3060,sess_000510,ADD_TO_CART,9,2026-07-24 02:15:29,33952.76
3061,sess_000511,PRODUCT_VIEW,30,2026-08-05 15:08:05,16078.93
3062,sess_000511,ADD_TO_CART,30,2026-08-05 15:09:02,16078.93
3063,sess_000511,PRODUCT_VIEW,7,2026-08-05 15:09:36,23088.42
3064,sess_000511,ADD_TO_CART,7,2026-08-05 15:10:01,23088.42
3065,sess_000511,CHECKOUT_START,30,2026-08-05 15:10:23,39167.35
3066,sess_000511,PAYMENT_FAILURE,30,2026-08-05 15:11:50,39167.35
3067,sess_000512,PRODUCT_VIEW,28,2026-07-22 09:10:05,470.42
3068,sess_000512,ADD_TO_CART,28,2026-07-22 09:10:40,470.42
3069,sess_000512,PRODUCT_VIEW,14,2026-07-22 09:12:04,21714.55
3070,sess_000512,ADD_TO_CART,14,2026-07-22 09:12:41,21714.55
3071,sess_000512,PRODUCT_VIEW,10,2026-07-22 09:14:06,8490.19
3072,sess_000512,ADD_TO_CART,10,2026-07-22 09:14:37,8490.19
3073,sess_000512,CHECKOUT_START,28,2026-07-22 09:15:03,30675.159999999996
3074,sess_000512,PAYMENT_FAILURE,28,2026-07-22 09:16:01,30675.159999999996
3075,sess_000512,PAYMENT_FAILURE,28,2026-07-22 09:16:48,30675.159999999996
3076,sess_000513,PRODUCT_VIEW,12,2026-07-09 10:12:05,11993.35
3077,sess_000513,ADD_TO_CART,12,2026-07-09 10:12:53,11993.35
3078,sess_000513,PRODUCT_VIEW,39,2026-07-09 10:14:16,33078.06
3079,sess_000513,ADD_TO_CART,39,2026-07-09 10:14:59,33078.06
3080,sess_000513,PRODUCT_VIEW,18,2026-07-09 10:16:14,29592.56
3081,sess_000513,ADD_TO_CART,18,2026-07-09 10:16:30,29592.56
3082,sess_000513,PRODUCT_VIEW,34,2026-07-09 10:16:56,7303.52
3083,sess_000513,ADD_TO_CART,34,2026-07-09 10:17:47,7303.52
3084,sess_000513,CHECKOUT_START,12,2026-07-09 10:18:38,81967.49
3085,sess_000514,PRODUCT_VIEW,18,2026-08-06 04:59:05,29592.56
3086,sess_000514,ADD_TO_CART,18,2026-08-06 04:59:29,29592.56
3087,sess_000514,CHECKOUT_START,18,2026-08-06 05:01:08,29592.56
3088,sess_000515,PRODUCT_VIEW,11,2026-07-31 01:01:05,6189.77
3089,sess_000515,ADD_TO_CART,11,2026-07-31 01:01:37,6189.77
3090,sess_000515,PRODUCT_VIEW,14,2026-07-31 01:02:33,21714.55
3091,sess_000515,ADD_TO_CART,14,2026-07-31 01:03:28,21714.55
3092,sess_000516,PRODUCT_VIEW,21,2026-07-09 00:43:05,9659.58
3093,sess_000516,ADD_TO_CART,21,2026-07-09 00:43:19,9659.58
3094,sess_000516,PRODUCT_VIEW,44,2026-07-09 00:44:00,7783.14
3095,sess_000516,ADD_TO_CART,44,2026-07-09 00:44:21,7783.14
3096,sess_000516,CHECKOUT_START,21,2026-07-09 00:45:23,17442.72
3097,sess_000516,PAYMENT_FAILURE,21,2026-07-09 00:46:50,17442.72
3098,sess_000516,PAYMENT_FAILURE,21,2026-07-09 00:47:49,17442.72
3099,sess_000517,PRODUCT_VIEW,38,2026-08-02 15:37:05,24333.81
3100,sess_000517,ADD_TO_CART,38,2026-08-02 15:37:45,24333.81
3101,sess_000517,PRODUCT_VIEW,1,2026-08-02 15:38:19,29947.02
3102,sess_000517,ADD_TO_CART,1,2026-08-02 15:38:31,29947.02
3103,sess_000517,PRODUCT_VIEW,32,2026-08-02 15:38:53,5145.04
3104,sess_000517,ADD_TO_CART,32,2026-08-02 15:39:39,5145.04
3105,sess_000517,PRODUCT_VIEW,16,2026-08-02 15:40:36,1571.54
3106,sess_000517,ADD_TO_CART,16,2026-08-02 15:41:00,1571.54
3107,sess_000517,CHECKOUT_START,38,2026-08-02 15:42:27,60997.41
3108,sess_000517,PAYMENT_FAILURE,38,2026-08-02 15:43:29,60997.41
3109,sess_000518,PRODUCT_VIEW,35,2026-07-15 13:10:05,33955.92
3110,sess_000518,ADD_TO_CART,35,2026-07-15 13:10:46,33955.92
3111,sess_000518,PRODUCT_VIEW,17,2026-07-15 13:11:38,23333.68
3112,sess_000518,ADD_TO_CART,17,2026-07-15 13:12:11,23333.68
3113,sess_000518,PRODUCT_VIEW,43,2026-07-15 13:13:29,24226.27
3114,sess_000518,ADD_TO_CART,43,2026-07-15 13:13:39,24226.27
3115,sess_000519,PRODUCT_VIEW,10,2026-07-30 01:13:05,8490.19
3116,sess_000519,ADD_TO_CART,10,2026-07-30 01:13:41,8490.19
3117,sess_000520,PRODUCT_VIEW,13,2026-07-20 00:52:05,15251.23
3118,sess_000520,ADD_TO_CART,13,2026-07-20 00:52:39,15251.23
3119,sess_000520,CHECKOUT_START,13,2026-07-20 00:53:12,15251.23
3120,sess_000521,PRODUCT_VIEW,38,2026-07-09 01:27:05,24333.81
3121,sess_000521,ADD_TO_CART,38,2026-07-09 01:27:27,24333.81
3122,sess_000521,PRODUCT_VIEW,27,2026-07-09 01:27:52,34536.05
3123,sess_000521,ADD_TO_CART,27,2026-07-09 01:28:39,34536.05
3124,sess_000521,PRODUCT_VIEW,18,2026-07-09 01:30:05,29592.56
3125,sess_000521,ADD_TO_CART,18,2026-07-09 01:30:59,29592.56
3126,sess_000521,PRODUCT_VIEW,20,2026-07-09 01:32:02,7441.9
3127,sess_000521,ADD_TO_CART,20,2026-07-09 01:32:51,7441.9
3128,sess_000521,CHECKOUT_START,38,2026-07-09 01:33:26,95904.31999999999
3129,sess_000522,PRODUCT_VIEW,40,2026-08-07 07:36:05,17551.46
3130,sess_000522,ADD_TO_CART,40,2026-08-07 07:36:25,17551.46
3131,sess_000522,PRODUCT_VIEW,36,2026-08-07 07:37:23,23638.97
3132,sess_000522,ADD_TO_CART,36,2026-08-07 07:38:04,23638.97
3133,sess_000522,PRODUCT_VIEW,43,2026-08-07 07:39:00,24226.27
3134,sess_000522,ADD_TO_CART,43,2026-08-07 07:39:14,24226.27
3135,sess_000522,CHECKOUT_START,40,2026-08-07 07:40:11,65416.7
3136,sess_000523,PRODUCT_VIEW,1,2026-07-20 20:25:05,29947.02
3137,sess_000523,ADD_TO_CART,1,2026-07-20 20:25:57,29947.02
3138,sess_000523,PRODUCT_VIEW,28,2026-07-20 20:26:17,470.42
3139,sess_000523,ADD_TO_CART,28,2026-07-20 20:26:30,470.42
3140,sess_000523,PRODUCT_VIEW,23,2026-07-20 20:27:22,1664.26
3141,sess_000523,ADD_TO_CART,23,2026-07-20 20:27:40,1664.26
3142,sess_000524,PRODUCT_VIEW,38,2026-07-30 19:45:05,24333.81
3143,sess_000524,ADD_TO_CART,38,2026-07-30 19:45:17,24333.81
3144,sess_000524,PRODUCT_VIEW,6,2026-07-30 19:46:37,33938.58
3145,sess_000524,ADD_TO_CART,6,2026-07-30 19:47:09,33938.58
3146,sess_000524,PRODUCT_VIEW,19,2026-07-30 19:48:00,20611.38
3147,sess_000524,ADD_TO_CART,19,2026-07-30 19:48:53,20611.38
3148,sess_000524,PRODUCT_VIEW,15,2026-07-30 19:50:02,6095.52
3149,sess_000524,ADD_TO_CART,15,2026-07-30 19:50:39,6095.52
3150,sess_000524,CHECKOUT_START,38,2026-07-30 19:51:50,84979.29000000001
3151,sess_000525,PRODUCT_VIEW,38,2026-07-29 18:43:05,24333.81
3152,sess_000525,ADD_TO_CART,38,2026-07-29 18:44:04,24333.81
3153,sess_000525,PRODUCT_VIEW,9,2026-07-29 18:44:49,33952.76
3154,sess_000525,ADD_TO_CART,9,2026-07-29 18:45:15,33952.76
3155,sess_000525,PRODUCT_VIEW,44,2026-07-29 18:45:52,7783.14
3156,sess_000525,ADD_TO_CART,44,2026-07-29 18:46:28,7783.14
3157,sess_000526,PRODUCT_VIEW,28,2026-07-09 03:11:05,470.42
3158,sess_000526,ADD_TO_CART,28,2026-07-09 03:11:43,470.42
3159,sess_000526,PRODUCT_VIEW,7,2026-07-09 03:12:43,23088.42
3160,sess_000526,ADD_TO_CART,7,2026-07-09 03:13:25,23088.42
3161,sess_000526,PRODUCT_VIEW,9,2026-07-09 03:14:30,33952.76
3162,sess_000526,ADD_TO_CART,9,2026-07-09 03:15:09,33952.76
3163,sess_000526,PRODUCT_VIEW,34,2026-07-09 03:16:14,7303.52
3164,sess_000526,ADD_TO_CART,34,2026-07-09 03:16:51,7303.52
3165,sess_000526,CHECKOUT_START,28,2026-07-09 03:18:10,64815.119999999995
3166,sess_000527,PRODUCT_VIEW,38,2026-07-14 10:15:05,24333.81
3167,sess_000527,ADD_TO_CART,38,2026-07-14 10:15:38,24333.81
3168,sess_000527,PRODUCT_VIEW,33,2026-07-14 10:16:14,10984.48
3169,sess_000527,ADD_TO_CART,33,2026-07-14 10:17:03,10984.48
3170,sess_000527,CHECKOUT_START,38,2026-07-14 10:18:32,35318.29
3171,sess_000528,PRODUCT_VIEW,6,2026-07-26 01:45:05,33938.58
3172,sess_000528,ADD_TO_CART,6,2026-07-26 01:45:18,33938.58
3173,sess_000528,CHECKOUT_START,6,2026-07-26 01:46:12,33938.58
3174,sess_000529,PRODUCT_VIEW,48,2026-07-29 05:19:05,34207.92
3175,sess_000529,ADD_TO_CART,48,2026-07-29 05:19:52,34207.92
3176,sess_000529,CHECKOUT_START,48,2026-07-29 05:21:17,34207.92
3177,sess_000530,PRODUCT_VIEW,20,2026-08-03 05:26:05,7441.9
3178,sess_000530,ADD_TO_CART,20,2026-08-03 05:26:34,7441.9
3179,sess_000530,PRODUCT_VIEW,41,2026-08-03 05:26:54,30450.87
3180,sess_000530,ADD_TO_CART,41,2026-08-03 05:27:35,30450.87
3181,sess_000530,CHECKOUT_START,20,2026-08-03 05:29:14,37892.77
3182,sess_000531,PRODUCT_VIEW,14,2026-07-19 20:30:05,21714.55
3183,sess_000531,ADD_TO_CART,14,2026-07-19 20:30:45,21714.55
3184,sess_000531,PRODUCT_VIEW,7,2026-07-19 20:31:08,23088.42
3185,sess_000531,ADD_TO_CART,7,2026-07-19 20:31:50,23088.42
3186,sess_000532,PRODUCT_VIEW,10,2026-08-02 16:36:05,8490.19
3187,sess_000532,ADD_TO_CART,10,2026-08-02 16:36:24,8490.19
3188,sess_000532,PRODUCT_VIEW,41,2026-08-02 16:37:14,30450.87
3189,sess_000532,ADD_TO_CART,41,2026-08-02 16:37:34,30450.87
3190,sess_000532,PRODUCT_VIEW,2,2026-08-02 16:38:59,8878.17
3191,sess_000532,ADD_TO_CART,2,2026-08-02 16:39:56,8878.17
3192,sess_000532,PRODUCT_VIEW,12,2026-08-02 16:41:25,11993.35
3193,sess_000532,ADD_TO_CART,12,2026-08-02 16:41:47,11993.35
3194,sess_000532,CHECKOUT_START,10,2026-08-02 16:43:07,59812.579999999994
3195,sess_000533,PRODUCT_VIEW,45,2026-07-20 07:48:05,13966.49
3196,sess_000533,ADD_TO_CART,45,2026-07-20 07:48:42,13966.49
3197,sess_000533,PRODUCT_VIEW,7,2026-07-20 07:49:20,23088.42
3198,sess_000533,ADD_TO_CART,7,2026-07-20 07:49:31,23088.42
3199,sess_000533,PRODUCT_VIEW,30,2026-07-20 07:50:27,16078.93
3200,sess_000533,ADD_TO_CART,30,2026-07-20 07:51:06,16078.93
3201,sess_000533,PRODUCT_VIEW,27,2026-07-20 07:51:41,34536.05
3202,sess_000533,ADD_TO_CART,27,2026-07-20 07:52:27,34536.05
3203,sess_000533,CHECKOUT_START,45,2026-07-20 07:53:36,87669.89
3204,sess_000534,PRODUCT_VIEW,18,2026-07-09 12:31:05,29592.56
3205,sess_000534,ADD_TO_CART,18,2026-07-09 12:31:47,29592.56
3206,sess_000534,PRODUCT_VIEW,1,2026-07-09 12:33:11,29947.02
3207,sess_000534,ADD_TO_CART,1,2026-07-09 12:33:34,29947.02
3208,sess_000534,PRODUCT_VIEW,11,2026-07-09 12:34:38,6189.77
3209,sess_000534,ADD_TO_CART,11,2026-07-09 12:35:33,6189.77
3210,sess_000534,PRODUCT_VIEW,23,2026-07-09 12:37:00,1664.26
3211,sess_000534,ADD_TO_CART,23,2026-07-09 12:37:34,1664.26
3212,sess_000535,PRODUCT_VIEW,42,2026-07-16 19:51:05,1353.46
3213,sess_000535,ADD_TO_CART,42,2026-07-16 19:51:45,1353.46
3214,sess_000535,CHECKOUT_START,42,2026-07-16 19:52:53,1353.46
3215,sess_000535,PAYMENT_FAILURE,42,2026-07-16 19:53:53,1353.46
3216,sess_000535,PAYMENT_FAILURE,42,2026-07-16 19:55:01,1353.46
3217,sess_000535,PAYMENT_FAILURE,42,2026-07-16 19:56:13,1353.46
3218,sess_000536,PRODUCT_VIEW,5,2026-07-08 04:48:05,5973.44
3219,sess_000536,ADD_TO_CART,5,2026-07-08 04:48:25,5973.44
3220,sess_000536,PRODUCT_VIEW,3,2026-07-08 04:49:14,15751.54
3221,sess_000536,ADD_TO_CART,3,2026-07-08 04:49:30,15751.54
3222,sess_000536,PRODUCT_VIEW,2,2026-07-08 04:50:03,8878.17
3223,sess_000536,ADD_TO_CART,2,2026-07-08 04:50:44,8878.17
3224,sess_000536,PRODUCT_VIEW,47,2026-07-08 04:52:04,34979.66
3225,sess_000536,ADD_TO_CART,47,2026-07-08 04:52:34,34979.66
3226,sess_000537,PRODUCT_VIEW,8,2026-07-10 11:31:05,27139.29
3227,sess_000537,ADD_TO_CART,8,2026-07-10 11:31:19,27139.29
3228,sess_000537,PRODUCT_VIEW,3,2026-07-10 11:32:35,15751.54
3229,sess_000537,ADD_TO_CART,3,2026-07-10 11:33:33,15751.54
3230,sess_000537,PRODUCT_VIEW,48,2026-07-10 11:34:40,34207.92
3231,sess_000537,ADD_TO_CART,48,2026-07-10 11:35:28,34207.92
3232,sess_000537,CHECKOUT_START,8,2026-07-10 11:37:08,77098.75
3233,sess_000538,PRODUCT_VIEW,17,2026-07-24 11:44:05,23333.68
3234,sess_000538,ADD_TO_CART,17,2026-07-24 11:44:43,23333.68
3235,sess_000538,PRODUCT_VIEW,32,2026-07-24 11:45:39,5145.04
3236,sess_000538,ADD_TO_CART,32,2026-07-24 11:46:03,5145.04
3237,sess_000538,CHECKOUT_START,17,2026-07-24 11:46:48,28478.72
3238,sess_000538,PAYMENT_FAILURE,17,2026-07-24 11:48:05,28478.72
3239,sess_000538,PAYMENT_FAILURE,17,2026-07-24 11:48:45,28478.72
3240,sess_000538,PAYMENT_FAILURE,17,2026-07-24 11:49:42,28478.72
3241,sess_000539,PRODUCT_VIEW,1,2026-07-08 01:48:05,29947.02
3242,sess_000539,ADD_TO_CART,1,2026-07-08 01:49:04,29947.02
3243,sess_000539,PRODUCT_VIEW,24,2026-07-08 01:50:16,15990.76
3244,sess_000539,ADD_TO_CART,24,2026-07-08 01:51:02,15990.76
3245,sess_000539,CHECKOUT_START,1,2026-07-08 01:52:31,45937.78
3246,sess_000540,PRODUCT_VIEW,40,2026-07-12 17:33:05,17551.46
3247,sess_000540,ADD_TO_CART,40,2026-07-12 17:33:19,17551.46
3248,sess_000540,PRODUCT_VIEW,36,2026-07-12 17:34:35,23638.97
3249,sess_000540,ADD_TO_CART,36,2026-07-12 17:35:12,23638.97
3250,sess_000540,PRODUCT_VIEW,9,2026-07-12 17:36:52,33952.76
3251,sess_000540,ADD_TO_CART,9,2026-07-12 17:37:26,33952.76
3252,sess_000540,CHECKOUT_START,40,2026-07-12 17:37:55,75143.19
3253,sess_000541,PRODUCT_VIEW,2,2026-08-04 07:36:05,8878.17
3254,sess_000541,ADD_TO_CART,2,2026-08-04 07:36:31,8878.17
3255,sess_000541,PRODUCT_VIEW,15,2026-08-04 07:37:40,6095.52
3256,sess_000541,ADD_TO_CART,15,2026-08-04 07:38:35,6095.52
3257,sess_000541,PRODUCT_VIEW,19,2026-08-04 07:39:40,20611.38
3258,sess_000541,ADD_TO_CART,19,2026-08-04 07:39:54,20611.38
3259,sess_000542,PRODUCT_VIEW,38,2026-07-22 03:46:05,24333.81
3260,sess_000542,ADD_TO_CART,38,2026-07-22 03:46:45,24333.81
3261,sess_000542,CHECKOUT_START,38,2026-07-22 03:47:38,24333.81
3262,sess_000543,PRODUCT_VIEW,14,2026-08-01 13:12:05,21714.55
3263,sess_000543,ADD_TO_CART,14,2026-08-01 13:13:01,21714.55
3264,sess_000543,PRODUCT_VIEW,36,2026-08-01 13:14:03,23638.97
3265,sess_000543,ADD_TO_CART,36,2026-08-01 13:15:01,23638.97
3266,sess_000543,CHECKOUT_START,14,2026-08-01 13:15:28,45353.520000000004
3267,sess_000544,PRODUCT_VIEW,18,2026-08-05 10:25:05,29592.56
3268,sess_000544,ADD_TO_CART,18,2026-08-05 10:25:17,29592.56
3269,sess_000544,PRODUCT_VIEW,47,2026-08-05 10:25:50,34979.66
3270,sess_000544,ADD_TO_CART,47,2026-08-05 10:26:02,34979.66
3271,sess_000544,CHECKOUT_START,18,2026-08-05 10:27:25,64572.22
3272,sess_000544,PAYMENT_FAILURE,18,2026-08-05 10:28:27,64572.22
3273,sess_000544,PAYMENT_FAILURE,18,2026-08-05 10:29:11,64572.22
3274,sess_000544,PAYMENT_FAILURE,18,2026-08-05 10:30:22,64572.22
3275,sess_000545,PRODUCT_VIEW,36,2026-07-09 22:44:05,23638.97
3276,sess_000545,ADD_TO_CART,36,2026-07-09 22:44:45,23638.97
3277,sess_000545,CHECKOUT_START,36,2026-07-09 22:45:11,23638.97
3278,sess_000546,PRODUCT_VIEW,23,2026-08-03 20:41:05,1664.26
3279,sess_000546,ADD_TO_CART,23,2026-08-03 20:41:42,1664.26
3280,sess_000546,PRODUCT_VIEW,13,2026-08-03 20:42:09,15251.23
3281,sess_000546,ADD_TO_CART,13,2026-08-03 20:42:34,15251.23
3282,sess_000546,PRODUCT_VIEW,22,2026-08-03 20:43:23,18731.11
3283,sess_000546,ADD_TO_CART,22,2026-08-03 20:43:38,18731.11
3284,sess_000547,PRODUCT_VIEW,9,2026-07-14 00:07:05,33952.76
3285,sess_000547,ADD_TO_CART,9,2026-07-14 00:07:43,33952.76
3286,sess_000547,CHECKOUT_START,9,2026-07-14 00:08:26,33952.76
3287,sess_000548,PRODUCT_VIEW,43,2026-08-03 03:56:05,24226.27
3288,sess_000548,ADD_TO_CART,43,2026-08-03 03:56:19,24226.27
3289,sess_000548,CHECKOUT_START,43,2026-08-03 03:56:48,24226.27
3290,sess_000549,PRODUCT_VIEW,24,2026-07-09 17:06:05,15990.76
3291,sess_000549,ADD_TO_CART,24,2026-07-09 17:06:33,15990.76
3292,sess_000549,PRODUCT_VIEW,50,2026-07-09 17:07:24,19975.03
3293,sess_000549,ADD_TO_CART,50,2026-07-09 17:08:07,19975.03
3294,sess_000549,PRODUCT_VIEW,36,2026-07-09 17:09:01,23638.97
3295,sess_000549,ADD_TO_CART,36,2026-07-09 17:09:31,23638.97
3296,sess_000550,PRODUCT_VIEW,14,2026-07-08 03:24:05,21714.55
3297,sess_000550,ADD_TO_CART,14,2026-07-08 03:24:23,21714.55
3298,sess_000550,CHECKOUT_START,14,2026-07-08 03:25:49,21714.55
3299,sess_000551,PRODUCT_VIEW,42,2026-07-12 19:47:05,1353.46
3300,sess_000551,ADD_TO_CART,42,2026-07-12 19:47:16,1353.46
3301,sess_000551,PRODUCT_VIEW,49,2026-07-12 19:48:39,30515.02
3302,sess_000551,ADD_TO_CART,49,2026-07-12 19:48:51,30515.02
3303,sess_000551,PRODUCT_VIEW,30,2026-07-12 19:49:45,16078.93
3304,sess_000551,ADD_TO_CART,30,2026-07-12 19:50:12,16078.93
3305,sess_000551,PRODUCT_VIEW,8,2026-07-12 19:51:47,27139.29
3306,sess_000551,ADD_TO_CART,8,2026-07-12 19:52:21,27139.29
3307,sess_000552,PRODUCT_VIEW,14,2026-08-07 11:34:05,21714.55
3308,sess_000552,ADD_TO_CART,14,2026-08-07 11:34:26,21714.55
3309,sess_000552,PRODUCT_VIEW,25,2026-08-07 11:35:41,11269.93
3310,sess_000552,ADD_TO_CART,25,2026-08-07 11:36:25,11269.93
3311,sess_000552,CHECKOUT_START,14,2026-08-07 11:36:51,32984.479999999996
3312,sess_000553,PRODUCT_VIEW,47,2026-08-07 03:51:05,34979.66
3313,sess_000553,ADD_TO_CART,47,2026-08-07 03:51:42,34979.66
3314,sess_000553,PRODUCT_VIEW,40,2026-08-07 03:52:09,17551.46
3315,sess_000553,ADD_TO_CART,40,2026-08-07 03:52:25,17551.46
3316,sess_000553,PRODUCT_VIEW,28,2026-08-07 03:53:55,470.42
3317,sess_000553,ADD_TO_CART,28,2026-08-07 03:54:29,470.42
3318,sess_000553,CHECKOUT_START,47,2026-08-07 03:55:25,53001.54
3319,sess_000553,PAYMENT_FAILURE,47,2026-08-07 03:56:49,53001.54
3320,sess_000553,PAYMENT_FAILURE,47,2026-08-07 03:58:19,53001.54
3321,sess_000554,PRODUCT_VIEW,18,2026-07-08 11:37:05,29592.56
3322,sess_000554,ADD_TO_CART,18,2026-07-08 11:37:58,29592.56
3323,sess_000554,CHECKOUT_START,18,2026-07-08 11:38:53,29592.56
3324,sess_000555,PRODUCT_VIEW,42,2026-07-19 15:16:05,1353.46
3325,sess_000555,ADD_TO_CART,42,2026-07-19 15:16:15,1353.46
3326,sess_000555,PRODUCT_VIEW,50,2026-07-19 15:16:50,19975.03
3327,sess_000555,ADD_TO_CART,50,2026-07-19 15:17:19,19975.03
3328,sess_000555,PRODUCT_VIEW,39,2026-07-19 15:18:51,33078.06
3329,sess_000555,ADD_TO_CART,39,2026-07-19 15:19:43,33078.06
3330,sess_000556,PRODUCT_VIEW,31,2026-07-25 00:19:05,17262.47
3331,sess_000556,ADD_TO_CART,31,2026-07-25 00:19:28,17262.47
3332,sess_000556,PRODUCT_VIEW,41,2026-07-25 00:20:40,30450.87
3333,sess_000556,ADD_TO_CART,41,2026-07-25 00:20:53,30450.87
3334,sess_000556,PRODUCT_VIEW,36,2026-07-25 00:22:27,23638.97
3335,sess_000556,ADD_TO_CART,36,2026-07-25 00:22:42,23638.97
3336,sess_000557,PRODUCT_VIEW,15,2026-08-02 15:49:05,6095.52
3337,sess_000557,ADD_TO_CART,15,2026-08-02 15:49:26,6095.52
3338,sess_000557,PRODUCT_VIEW,41,2026-08-02 15:50:04,30450.87
3339,sess_000557,ADD_TO_CART,41,2026-08-02 15:50:53,30450.87
3340,sess_000557,CHECKOUT_START,15,2026-08-02 15:51:19,36546.39
3341,sess_000558,PRODUCT_VIEW,46,2026-07-28 23:12:05,3997.88
3342,sess_000558,ADD_TO_CART,46,2026-07-28 23:12:31,3997.88
3343,sess_000558,CHECKOUT_START,46,2026-07-28 23:13:23,3997.88
3344,sess_000559,PRODUCT_VIEW,33,2026-07-31 12:41:05,10984.48
3345,sess_000559,ADD_TO_CART,33,2026-07-31 12:41:19,10984.48
3346,sess_000559,CHECKOUT_START,33,2026-07-31 12:42:09,10984.48
3347,sess_000560,PRODUCT_VIEW,21,2026-07-18 10:04:05,9659.58
3348,sess_000560,ADD_TO_CART,21,2026-07-18 10:04:53,9659.58
3349,sess_000560,CHECKOUT_START,21,2026-07-18 10:05:59,9659.58
3350,sess_000561,PRODUCT_VIEW,7,2026-08-07 19:09:05,23088.42
3351,sess_000561,ADD_TO_CART,7,2026-08-07 19:09:53,23088.42
3352,sess_000561,CHECKOUT_START,7,2026-08-07 19:10:40,23088.42
3353,sess_000561,PAYMENT_FAILURE,7,2026-08-07 19:12:01,23088.42
3354,sess_000562,PRODUCT_VIEW,25,2026-07-12 04:44:05,11269.93
3355,sess_000562,ADD_TO_CART,25,2026-07-12 04:44:56,11269.93
3356,sess_000562,PRODUCT_VIEW,49,2026-07-12 04:45:26,30515.02
3357,sess_000562,ADD_TO_CART,49,2026-07-12 04:45:40,30515.02
3358,sess_000563,PRODUCT_VIEW,21,2026-07-10 06:37:05,9659.58
3359,sess_000563,ADD_TO_CART,21,2026-07-10 06:37:33,9659.58
3360,sess_000563,PRODUCT_VIEW,18,2026-07-10 06:38:24,29592.56
3361,sess_000563,ADD_TO_CART,18,2026-07-10 06:38:55,29592.56
3362,sess_000563,PRODUCT_VIEW,13,2026-07-10 06:39:46,15251.23
3363,sess_000563,ADD_TO_CART,13,2026-07-10 06:40:45,15251.23
3364,sess_000563,PRODUCT_VIEW,37,2026-07-10 06:41:51,30424.4
3365,sess_000563,ADD_TO_CART,37,2026-07-10 06:42:15,30424.4
3366,sess_000563,CHECKOUT_START,21,2026-07-10 06:43:33,84927.76999999999
3367,sess_000564,PRODUCT_VIEW,24,2026-07-15 10:38:05,15990.76
3368,sess_000564,ADD_TO_CART,24,2026-07-15 10:38:56,15990.76
3369,sess_000564,CHECKOUT_START,24,2026-07-15 10:40:17,15990.76
3370,sess_000565,PRODUCT_VIEW,19,2026-07-20 20:21:05,20611.38
3371,sess_000565,ADD_TO_CART,19,2026-07-20 20:21:22,20611.38
3372,sess_000565,PRODUCT_VIEW,22,2026-07-20 20:21:52,18731.11
3373,sess_000565,ADD_TO_CART,22,2026-07-20 20:22:28,18731.11
3374,sess_000565,PRODUCT_VIEW,21,2026-07-20 20:23:41,9659.58
3375,sess_000565,ADD_TO_CART,21,2026-07-20 20:24:23,9659.58
3376,sess_000565,CHECKOUT_START,19,2026-07-20 20:25:01,49002.07000000001
3377,sess_000566,PRODUCT_VIEW,49,2026-07-25 00:06:05,30515.02
3378,sess_000566,ADD_TO_CART,49,2026-07-25 00:06:45,30515.02
3379,sess_000566,PRODUCT_VIEW,36,2026-07-25 00:07:17,23638.97
3380,sess_000566,ADD_TO_CART,36,2026-07-25 00:07:35,23638.97
3381,sess_000566,PRODUCT_VIEW,46,2026-07-25 00:07:59,3997.88
3382,sess_000566,ADD_TO_CART,46,2026-07-25 00:08:36,3997.88
3383,sess_000566,CHECKOUT_START,49,2026-07-25 00:08:59,58151.87
3384,sess_000567,PRODUCT_VIEW,8,2026-07-25 12:32:05,27139.29
3385,sess_000567,ADD_TO_CART,8,2026-07-25 12:32:53,27139.29
3386,sess_000567,PRODUCT_VIEW,22,2026-07-25 12:34:31,18731.11
3387,sess_000567,ADD_TO_CART,22,2026-07-25 12:34:47,18731.11
3388,sess_000567,PRODUCT_VIEW,38,2026-07-25 12:35:12,24333.81
3389,sess_000567,ADD_TO_CART,38,2026-07-25 12:35:26,24333.81
3390,sess_000567,CHECKOUT_START,8,2026-07-25 12:36:31,70204.21
3391,sess_000568,PRODUCT_VIEW,47,2026-07-12 09:45:05,34979.66
3392,sess_000568,ADD_TO_CART,47,2026-07-12 09:45:52,34979.66
3393,sess_000568,PRODUCT_VIEW,50,2026-07-12 09:47:17,19975.03
3394,sess_000568,ADD_TO_CART,50,2026-07-12 09:47:32,19975.03
3395,sess_000568,CHECKOUT_START,47,2026-07-12 09:48:11,54954.69
3396,sess_000569,PRODUCT_VIEW,50,2026-07-28 09:39:05,19975.03
3397,sess_000569,ADD_TO_CART,50,2026-07-28 09:39:34,19975.03
3398,sess_000569,PRODUCT_VIEW,7,2026-07-28 09:40:57,23088.42
3399,sess_000569,ADD_TO_CART,7,2026-07-28 09:41:28,23088.42
3400,sess_000569,PRODUCT_VIEW,15,2026-07-28 09:41:54,6095.52
3401,sess_000569,ADD_TO_CART,15,2026-07-28 09:42:40,6095.52
3402,sess_000570,PRODUCT_VIEW,28,2026-07-28 18:32:05,470.42
3403,sess_000570,ADD_TO_CART,28,2026-07-28 18:32:32,470.42
3404,sess_000570,PRODUCT_VIEW,34,2026-07-28 18:34:05,7303.52
3405,sess_000570,ADD_TO_CART,34,2026-07-28 18:34:54,7303.52
3406,sess_000570,CHECKOUT_START,28,2026-07-28 18:35:54,7773.9400000000005
3407,sess_000571,PRODUCT_VIEW,19,2026-07-30 08:01:05,20611.38
3408,sess_000571,ADD_TO_CART,19,2026-07-30 08:01:53,20611.38
3409,sess_000571,PRODUCT_VIEW,17,2026-07-30 08:02:26,23333.68
3410,sess_000571,ADD_TO_CART,17,2026-07-30 08:02:50,23333.68
3411,sess_000571,CHECKOUT_START,19,2026-07-30 08:03:45,43945.06
3412,sess_000572,PRODUCT_VIEW,24,2026-07-19 23:16:05,15990.76
3413,sess_000572,ADD_TO_CART,24,2026-07-19 23:16:28,15990.76
3414,sess_000572,CHECKOUT_START,24,2026-07-19 23:17:24,15990.76
3415,sess_000573,PRODUCT_VIEW,29,2026-08-03 09:08:05,22477.1
3416,sess_000573,ADD_TO_CART,29,2026-08-03 09:08:42,22477.1
3417,sess_000574,PRODUCT_VIEW,21,2026-07-27 21:56:05,9659.58
3418,sess_000574,ADD_TO_CART,21,2026-07-27 21:56:25,9659.58
3419,sess_000575,PRODUCT_VIEW,13,2026-07-16 13:53:05,15251.23
3420,sess_000575,ADD_TO_CART,13,2026-07-16 13:53:55,15251.23
3421,sess_000575,PRODUCT_VIEW,36,2026-07-16 13:54:19,23638.97
3422,sess_000575,ADD_TO_CART,36,2026-07-16 13:55:09,23638.97
3423,sess_000575,PRODUCT_VIEW,43,2026-07-16 13:56:49,24226.27
3424,sess_000575,ADD_TO_CART,43,2026-07-16 13:56:59,24226.27
3425,sess_000575,CHECKOUT_START,13,2026-07-16 13:57:50,63116.47
3426,sess_000576,PRODUCT_VIEW,12,2026-08-01 15:34:05,11993.35
3427,sess_000576,ADD_TO_CART,12,2026-08-01 15:34:23,11993.35
3428,sess_000576,PRODUCT_VIEW,47,2026-08-01 15:35:08,34979.66
3429,sess_000576,ADD_TO_CART,47,2026-08-01 15:35:58,34979.66
3430,sess_000576,PRODUCT_VIEW,32,2026-08-01 15:36:29,5145.04
3431,sess_000576,ADD_TO_CART,32,2026-08-01 15:37:12,5145.04
3432,sess_000576,PRODUCT_VIEW,19,2026-08-01 15:37:59,20611.38
3433,sess_000576,ADD_TO_CART,19,2026-08-01 15:38:09,20611.38
3434,sess_000577,PRODUCT_VIEW,41,2026-07-25 01:09:05,30450.87
3435,sess_000577,ADD_TO_CART,41,2026-07-25 01:09:45,30450.87
3436,sess_000577,PRODUCT_VIEW,23,2026-07-25 01:11:12,1664.26
3437,sess_000577,ADD_TO_CART,23,2026-07-25 01:12:04,1664.26
3438,sess_000577,CHECKOUT_START,41,2026-07-25 01:12:47,32115.129999999997
3439,sess_000578,PRODUCT_VIEW,7,2026-07-23 07:54:05,23088.42
3440,sess_000578,ADD_TO_CART,7,2026-07-23 07:55:03,23088.42
3441,sess_000578,PRODUCT_VIEW,15,2026-07-23 07:55:59,6095.52
3442,sess_000578,ADD_TO_CART,15,2026-07-23 07:56:35,6095.52
3443,sess_000578,PRODUCT_VIEW,8,2026-07-23 07:57:52,27139.29
3444,sess_000578,ADD_TO_CART,8,2026-07-23 07:58:22,27139.29
3445,sess_000578,CHECKOUT_START,7,2026-07-23 07:59:13,56323.229999999996
3446,sess_000579,PRODUCT_VIEW,32,2026-07-28 02:05:05,5145.04
3447,sess_000579,ADD_TO_CART,32,2026-07-28 02:05:30,5145.04
3448,sess_000579,PRODUCT_VIEW,39,2026-07-28 02:05:53,33078.06
3449,sess_000579,ADD_TO_CART,39,2026-07-28 02:06:21,33078.06
3450,sess_000579,PRODUCT_VIEW,27,2026-07-28 02:07:15,34536.05
3451,sess_000579,ADD_TO_CART,27,2026-07-28 02:07:57,34536.05
3452,sess_000579,PRODUCT_VIEW,44,2026-07-28 02:08:44,7783.14
3453,sess_000579,ADD_TO_CART,44,2026-07-28 02:09:44,7783.14
3454,sess_000579,CHECKOUT_START,32,2026-07-28 02:10:56,80542.29
3455,sess_000579,PAYMENT_FAILURE,32,2026-07-28 02:11:29,80542.29
3456,sess_000579,PAYMENT_FAILURE,32,2026-07-28 02:12:34,80542.29
3457,sess_000580,PRODUCT_VIEW,32,2026-07-26 09:32:05,5145.04
3458,sess_000580,ADD_TO_CART,32,2026-07-26 09:32:36,5145.04
3459,sess_000580,PRODUCT_VIEW,47,2026-07-26 09:33:01,34979.66
3460,sess_000580,ADD_TO_CART,47,2026-07-26 09:33:30,34979.66
3461,sess_000580,PRODUCT_VIEW,15,2026-07-26 09:34:47,6095.52
3462,sess_000580,ADD_TO_CART,15,2026-07-26 09:35:23,6095.52
3463,sess_000580,CHECKOUT_START,32,2026-07-26 09:36:11,46220.22
3464,sess_000580,PAYMENT_FAILURE,32,2026-07-26 09:37:17,46220.22
3465,sess_000580,PAYMENT_FAILURE,32,2026-07-26 09:38:43,46220.22
3466,sess_000581,PRODUCT_VIEW,25,2026-07-08 03:41:05,11269.93
3467,sess_000581,ADD_TO_CART,25,2026-07-08 03:41:20,11269.93
3468,sess_000581,CHECKOUT_START,25,2026-07-08 03:42:22,11269.93
3469,sess_000582,PRODUCT_VIEW,35,2026-08-01 12:16:05,33955.92
3470,sess_000582,ADD_TO_CART,35,2026-08-01 12:17:00,33955.92
3471,sess_000582,PRODUCT_VIEW,26,2026-08-01 12:17:49,1741.62
3472,sess_000582,ADD_TO_CART,26,2026-08-01 12:18:17,1741.62
3473,sess_000583,PRODUCT_VIEW,49,2026-07-15 16:08:05,30515.02
3474,sess_000583,ADD_TO_CART,49,2026-07-15 16:08:48,30515.02
3475,sess_000584,PRODUCT_VIEW,18,2026-07-29 23:48:05,29592.56
3476,sess_000584,ADD_TO_CART,18,2026-07-29 23:49:02,29592.56
3477,sess_000584,CHECKOUT_START,18,2026-07-29 23:49:37,29592.56
3478,sess_000585,PRODUCT_VIEW,48,2026-08-05 22:01:05,34207.92
3479,sess_000585,ADD_TO_CART,48,2026-08-05 22:01:49,34207.92
3480,sess_000585,CHECKOUT_START,48,2026-08-05 22:03:26,34207.92
3481,sess_000585,PAYMENT_FAILURE,48,2026-08-05 22:04:54,34207.92
3482,sess_000585,PAYMENT_FAILURE,48,2026-08-05 22:05:33,34207.92
3483,sess_000585,PAYMENT_FAILURE,48,2026-08-05 22:06:09,34207.92
3484,sess_000586,PRODUCT_VIEW,30,2026-07-28 10:07:05,16078.93
3485,sess_000586,ADD_TO_CART,30,2026-07-28 10:07:31,16078.93
3486,sess_000586,PRODUCT_VIEW,13,2026-07-28 10:09:04,15251.23
3487,sess_000586,ADD_TO_CART,13,2026-07-28 10:09:44,15251.23
3488,sess_000586,PRODUCT_VIEW,7,2026-07-28 10:10:52,23088.42
3489,sess_000586,ADD_TO_CART,7,2026-07-28 10:11:20,23088.42
3490,sess_000586,CHECKOUT_START,30,2026-07-28 10:12:34,54418.58
3491,sess_000586,PAYMENT_FAILURE,30,2026-07-28 10:13:09,54418.58
3492,sess_000586,PAYMENT_FAILURE,30,2026-07-28 10:13:53,54418.58
3493,sess_000586,PAYMENT_FAILURE,30,2026-07-28 10:14:49,54418.58
3494,sess_000587,PRODUCT_VIEW,49,2026-08-07 07:40:05,30515.02
3495,sess_000587,ADD_TO_CART,49,2026-08-07 07:40:21,30515.02
3496,sess_000587,PRODUCT_VIEW,35,2026-08-07 07:41:38,33955.92
3497,sess_000587,ADD_TO_CART,35,2026-08-07 07:42:02,33955.92
3498,sess_000587,PRODUCT_VIEW,46,2026-08-07 07:43:35,3997.88
3499,sess_000587,ADD_TO_CART,46,2026-08-07 07:43:46,3997.88
3500,sess_000587,CHECKOUT_START,49,2026-08-07 07:44:56,68468.82
3501,sess_000588,PRODUCT_VIEW,41,2026-08-04 02:41:05,30450.87
3502,sess_000588,ADD_TO_CART,41,2026-08-04 02:41:21,30450.87
3503,sess_000588,PRODUCT_VIEW,6,2026-08-04 02:42:52,33938.58
3504,sess_000588,ADD_TO_CART,6,2026-08-04 02:43:12,33938.58
3505,sess_000588,CHECKOUT_START,41,2026-08-04 02:43:58,64389.45
3506,sess_000589,PRODUCT_VIEW,27,2026-07-19 08:28:05,34536.05
3507,sess_000589,ADD_TO_CART,27,2026-07-19 08:28:36,34536.05
3508,sess_000589,PRODUCT_VIEW,20,2026-07-19 08:29:15,7441.9
3509,sess_000589,ADD_TO_CART,20,2026-07-19 08:29:27,7441.9
3510,sess_000589,PRODUCT_VIEW,48,2026-07-19 08:30:28,34207.92
3511,sess_000589,ADD_TO_CART,48,2026-07-19 08:31:22,34207.92
3512,sess_000589,CHECKOUT_START,27,2026-07-19 08:32:54,76185.87
3513,sess_000590,PRODUCT_VIEW,42,2026-07-21 07:57:05,1353.46
3514,sess_000590,ADD_TO_CART,42,2026-07-21 07:57:44,1353.46
3515,sess_000590,PRODUCT_VIEW,16,2026-07-21 07:59:05,1571.54
3516,sess_000590,ADD_TO_CART,16,2026-07-21 07:59:47,1571.54
3517,sess_000590,PRODUCT_VIEW,21,2026-07-21 08:01:18,9659.58
3518,sess_000590,ADD_TO_CART,21,2026-07-21 08:02:15,9659.58
3519,sess_000590,CHECKOUT_START,42,2026-07-21 08:02:45,12584.58
3520,sess_000591,PRODUCT_VIEW,11,2026-08-04 00:10:05,6189.77
3521,sess_000591,ADD_TO_CART,11,2026-08-04 00:10:27,6189.77
3522,sess_000592,PRODUCT_VIEW,1,2026-08-02 03:15:05,29947.02
3523,sess_000592,ADD_TO_CART,1,2026-08-02 03:15:33,29947.02
3524,sess_000592,PRODUCT_VIEW,19,2026-08-02 03:16:27,20611.38
3525,sess_000592,ADD_TO_CART,19,2026-08-02 03:17:10,20611.38
3526,sess_000592,PRODUCT_VIEW,8,2026-08-02 03:18:11,27139.29
3527,sess_000592,ADD_TO_CART,8,2026-08-02 03:19:00,27139.29
3528,sess_000592,PRODUCT_VIEW,28,2026-08-02 03:20:07,470.42
3529,sess_000592,ADD_TO_CART,28,2026-08-02 03:20:53,470.42
3530,sess_000592,CHECKOUT_START,1,2026-08-02 03:21:34,78168.11
3531,sess_000592,PAYMENT_FAILURE,1,2026-08-02 03:22:13,78168.11
3532,sess_000592,PAYMENT_FAILURE,1,2026-08-02 03:23:01,78168.11
3533,sess_000593,PRODUCT_VIEW,48,2026-07-19 16:03:05,34207.92
3534,sess_000593,ADD_TO_CART,48,2026-07-19 16:03:25,34207.92
3535,sess_000593,PRODUCT_VIEW,47,2026-07-19 16:04:52,34979.66
3536,sess_000593,ADD_TO_CART,47,2026-07-19 16:05:47,34979.66
3537,sess_000593,PRODUCT_VIEW,9,2026-07-19 16:07:07,33952.76
3538,sess_000593,ADD_TO_CART,9,2026-07-19 16:07:17,33952.76
3539,sess_000593,CHECKOUT_START,48,2026-07-19 16:08:17,103140.34
3540,sess_000594,PRODUCT_VIEW,45,2026-08-07 13:59:05,13966.49
3541,sess_000594,ADD_TO_CART,45,2026-08-07 13:59:49,13966.49
3542,sess_000594,PRODUCT_VIEW,7,2026-08-07 14:01:07,23088.42
3543,sess_000594,ADD_TO_CART,7,2026-08-07 14:01:38,23088.42
3544,sess_000595,PRODUCT_VIEW,18,2026-07-27 02:54:05,29592.56
3545,sess_000595,ADD_TO_CART,18,2026-07-27 02:54:42,29592.56
3546,sess_000595,PRODUCT_VIEW,19,2026-07-27 02:56:16,20611.38
3547,sess_000595,ADD_TO_CART,19,2026-07-27 02:57:12,20611.38
3548,sess_000595,CHECKOUT_START,18,2026-07-27 02:58:11,50203.94
3549,sess_000596,PRODUCT_VIEW,47,2026-07-21 02:44:05,34979.66
3550,sess_000596,ADD_TO_CART,47,2026-07-21 02:44:28,34979.66
3551,sess_000596,CHECKOUT_START,47,2026-07-21 02:45:23,34979.66
3552,sess_000597,PRODUCT_VIEW,1,2026-07-20 04:25:05,29947.02
3553,sess_000597,ADD_TO_CART,1,2026-07-20 04:25:28,29947.02
3554,sess_000597,PRODUCT_VIEW,15,2026-07-20 04:25:59,6095.52
3555,sess_000597,ADD_TO_CART,15,2026-07-20 04:26:48,6095.52
3556,sess_000597,CHECKOUT_START,1,2026-07-20 04:27:26,36042.54
3557,sess_000598,PRODUCT_VIEW,43,2026-08-05 22:51:05,24226.27
3558,sess_000598,ADD_TO_CART,43,2026-08-05 22:51:47,24226.27
3559,sess_000598,PRODUCT_VIEW,31,2026-08-05 22:52:22,17262.47
3560,sess_000598,ADD_TO_CART,31,2026-08-05 22:52:47,17262.47
3561,sess_000598,PRODUCT_VIEW,21,2026-08-05 22:54:18,9659.58
3562,sess_000598,ADD_TO_CART,21,2026-08-05 22:54:53,9659.58
3563,sess_000598,PRODUCT_VIEW,20,2026-08-05 22:56:01,7441.9
3564,sess_000598,ADD_TO_CART,20,2026-08-05 22:57:00,7441.9
3565,sess_000598,CHECKOUT_START,43,2026-08-05 22:58:09,58590.22000000001
3566,sess_000599,PRODUCT_VIEW,41,2026-08-05 03:58:05,30450.87
3567,sess_000599,ADD_TO_CART,41,2026-08-05 03:59:00,30450.87
3568,sess_000599,PRODUCT_VIEW,18,2026-08-05 03:59:38,29592.56
3569,sess_000599,ADD_TO_CART,18,2026-08-05 04:00:15,29592.56
3570,sess_000600,PRODUCT_VIEW,2,2026-07-10 09:46:05,8878.17
3571,sess_000600,ADD_TO_CART,2,2026-07-10 09:46:44,8878.17
3572,sess_000600,PRODUCT_VIEW,24,2026-07-10 09:47:48,15990.76
3573,sess_000600,ADD_TO_CART,24,2026-07-10 09:48:44,15990.76
3574,sess_000600,CHECKOUT_START,2,2026-07-10 09:49:58,24868.93
3575,sess_000601,PRODUCT_VIEW,1,2026-07-10 00:16:05,29947.02
3576,sess_000601,ADD_TO_CART,1,2026-07-10 00:16:34,29947.02
3577,sess_000601,PRODUCT_VIEW,38,2026-07-10 00:17:36,24333.81
3578,sess_000601,ADD_TO_CART,38,2026-07-10 00:17:52,24333.81
3579,sess_000601,CHECKOUT_START,1,2026-07-10 00:18:59,54280.83
3580,sess_000602,PRODUCT_VIEW,3,2026-07-18 15:14:05,15751.54
3581,sess_000602,ADD_TO_CART,3,2026-07-18 15:14:32,15751.54
3582,sess_000602,PRODUCT_VIEW,45,2026-07-18 15:16:12,13966.49
3583,sess_000602,ADD_TO_CART,45,2026-07-18 15:16:25,13966.49
3584,sess_000602,PRODUCT_VIEW,46,2026-07-18 15:17:58,3997.88
3585,sess_000602,ADD_TO_CART,46,2026-07-18 15:18:09,3997.88
3586,sess_000602,PRODUCT_VIEW,17,2026-07-18 15:19:29,23333.68
3587,sess_000602,ADD_TO_CART,17,2026-07-18 15:20:17,23333.68
3588,sess_000603,PRODUCT_VIEW,46,2026-07-27 23:38:05,3997.88
3589,sess_000603,ADD_TO_CART,46,2026-07-27 23:38:26,3997.88
3590,sess_000603,PRODUCT_VIEW,48,2026-07-27 23:39:02,34207.92
3591,sess_000603,ADD_TO_CART,48,2026-07-27 23:39:17,34207.92
3592,sess_000604,PRODUCT_VIEW,22,2026-08-04 06:03:05,18731.11
3593,sess_000604,ADD_TO_CART,22,2026-08-04 06:03:58,18731.11
3594,sess_000605,PRODUCT_VIEW,13,2026-08-07 01:57:05,15251.23
3595,sess_000605,ADD_TO_CART,13,2026-08-07 01:58:03,15251.23
3596,sess_000605,CHECKOUT_START,13,2026-08-07 01:59:27,15251.23
3597,sess_000606,PRODUCT_VIEW,41,2026-08-06 15:13:05,30450.87
3598,sess_000606,ADD_TO_CART,41,2026-08-06 15:13:15,30450.87
3599,sess_000606,PRODUCT_VIEW,48,2026-08-06 15:14:14,34207.92
3600,sess_000606,ADD_TO_CART,48,2026-08-06 15:14:41,34207.92
3601,sess_000606,CHECKOUT_START,41,2026-08-06 15:16:12,64658.78999999999
3602,sess_000606,PAYMENT_FAILURE,41,2026-08-06 15:17:04,64658.78999999999
3603,sess_000607,PRODUCT_VIEW,12,2026-07-09 08:49:05,11993.35
3604,sess_000607,ADD_TO_CART,12,2026-07-09 08:50:01,11993.35
3605,sess_000608,PRODUCT_VIEW,6,2026-08-07 17:12:05,33938.58
3606,sess_000608,ADD_TO_CART,6,2026-08-07 17:12:58,33938.58
3607,sess_000608,PRODUCT_VIEW,47,2026-08-07 17:13:42,34979.66
3608,sess_000608,ADD_TO_CART,47,2026-08-07 17:14:39,34979.66
3609,sess_000608,PRODUCT_VIEW,16,2026-08-07 17:15:15,1571.54
3610,sess_000608,ADD_TO_CART,16,2026-08-07 17:15:44,1571.54
3611,sess_000608,PRODUCT_VIEW,20,2026-08-07 17:16:10,7441.9
3612,sess_000608,ADD_TO_CART,20,2026-08-07 17:16:44,7441.9
3613,sess_000609,PRODUCT_VIEW,17,2026-07-31 18:12:05,23333.68
3614,sess_000609,ADD_TO_CART,17,2026-07-31 18:12:31,23333.68
3615,sess_000609,PRODUCT_VIEW,45,2026-07-31 18:13:02,13966.49
3616,sess_000609,ADD_TO_CART,45,2026-07-31 18:13:43,13966.49
3617,sess_000609,PRODUCT_VIEW,29,2026-07-31 18:14:48,22477.1
3618,sess_000609,ADD_TO_CART,29,2026-07-31 18:15:35,22477.1
3619,sess_000609,CHECKOUT_START,17,2026-07-31 18:16:41,59777.27
3620,sess_000610,PRODUCT_VIEW,23,2026-07-08 04:39:05,1664.26
3621,sess_000610,ADD_TO_CART,23,2026-07-08 04:39:28,1664.26
3622,sess_000610,PRODUCT_VIEW,42,2026-07-08 04:40:31,1353.46
3623,sess_000610,ADD_TO_CART,42,2026-07-08 04:41:25,1353.46
3624,sess_000610,PRODUCT_VIEW,44,2026-07-08 04:42:49,7783.14
3625,sess_000610,ADD_TO_CART,44,2026-07-08 04:43:34,7783.14
3626,sess_000610,PRODUCT_VIEW,19,2026-07-08 04:44:28,20611.38
3627,sess_000610,ADD_TO_CART,19,2026-07-08 04:44:43,20611.38
3628,sess_000610,CHECKOUT_START,23,2026-07-08 04:46:08,31412.24
3629,sess_000611,PRODUCT_VIEW,30,2026-08-06 20:41:05,16078.93
3630,sess_000611,ADD_TO_CART,30,2026-08-06 20:41:35,16078.93
3631,sess_000611,PRODUCT_VIEW,38,2026-08-06 20:42:42,24333.81
3632,sess_000611,ADD_TO_CART,38,2026-08-06 20:43:28,24333.81
3633,sess_000611,CHECKOUT_START,30,2026-08-06 20:44:36,40412.740000000005
3634,sess_000611,PAYMENT_FAILURE,30,2026-08-06 20:45:48,40412.740000000005
3635,sess_000611,PAYMENT_FAILURE,30,2026-08-06 20:46:55,40412.740000000005
3636,sess_000611,PAYMENT_FAILURE,30,2026-08-06 20:48:22,40412.740000000005
3637,sess_000612,PRODUCT_VIEW,22,2026-07-11 00:21:05,18731.11
3638,sess_000612,ADD_TO_CART,22,2026-07-11 00:21:37,18731.11
3639,sess_000612,PRODUCT_VIEW,42,2026-07-11 00:22:36,1353.46
3640,sess_000612,ADD_TO_CART,42,2026-07-11 00:22:56,1353.46
3641,sess_000612,PRODUCT_VIEW,7,2026-07-11 00:24:15,23088.42
3642,sess_000612,ADD_TO_CART,7,2026-07-11 00:24:59,23088.42
3643,sess_000612,PRODUCT_VIEW,12,2026-07-11 00:25:42,11993.35
3644,sess_000612,ADD_TO_CART,12,2026-07-11 00:26:40,11993.35
3645,sess_000613,PRODUCT_VIEW,39,2026-07-26 08:28:05,33078.06
3646,sess_000613,ADD_TO_CART,39,2026-07-26 08:28:58,33078.06
3647,sess_000613,PRODUCT_VIEW,22,2026-07-26 08:30:09,18731.11
3648,sess_000613,ADD_TO_CART,22,2026-07-26 08:30:38,18731.11
3649,sess_000613,PRODUCT_VIEW,31,2026-07-26 08:31:03,17262.47
3650,sess_000613,ADD_TO_CART,31,2026-07-26 08:31:27,17262.47
3651,sess_000613,CHECKOUT_START,39,2026-07-26 08:32:51,69071.64
3652,sess_000614,PRODUCT_VIEW,39,2026-07-20 10:57:05,33078.06
3653,sess_000614,ADD_TO_CART,39,2026-07-20 10:57:27,33078.06
3654,sess_000614,PRODUCT_VIEW,45,2026-07-20 10:58:59,13966.49
3655,sess_000614,ADD_TO_CART,45,2026-07-20 10:59:57,13966.49
3656,sess_000614,PRODUCT_VIEW,34,2026-07-20 11:00:34,7303.52
3657,sess_000614,ADD_TO_CART,34,2026-07-20 11:00:52,7303.52
3658,sess_000614,CHECKOUT_START,39,2026-07-20 11:01:54,54348.06999999999
3659,sess_000614,PAYMENT_FAILURE,39,2026-07-20 11:03:14,54348.06999999999
3660,sess_000615,PRODUCT_VIEW,43,2026-07-27 08:58:05,24226.27
3661,sess_000615,ADD_TO_CART,43,2026-07-27 08:58:24,24226.27
3662,sess_000615,CHECKOUT_START,43,2026-07-27 08:59:09,24226.27
3663,sess_000616,PRODUCT_VIEW,10,2026-07-31 17:41:05,8490.19
3664,sess_000616,ADD_TO_CART,10,2026-07-31 17:41:50,8490.19
3665,sess_000616,PRODUCT_VIEW,44,2026-07-31 17:42:57,7783.14
3666,sess_000616,ADD_TO_CART,44,2026-07-31 17:43:07,7783.14
3667,sess_000616,CHECKOUT_START,10,2026-07-31 17:44:28,16273.330000000002
3668,sess_000617,PRODUCT_VIEW,46,2026-08-01 08:30:05,3997.88
3669,sess_000617,ADD_TO_CART,46,2026-08-01 08:30:39,3997.88
3670,sess_000617,PRODUCT_VIEW,16,2026-08-01 08:31:15,1571.54
3671,sess_000617,ADD_TO_CART,16,2026-08-01 08:31:45,1571.54
3672,sess_000617,PRODUCT_VIEW,49,2026-08-01 08:32:22,30515.02
3673,sess_000617,ADD_TO_CART,49,2026-08-01 08:32:57,30515.02
3674,sess_000617,PRODUCT_VIEW,7,2026-08-01 08:33:58,23088.42
3675,sess_000617,ADD_TO_CART,7,2026-08-01 08:34:26,23088.42
3676,sess_000618,PRODUCT_VIEW,24,2026-07-15 04:36:05,15990.76
3677,sess_000618,ADD_TO_CART,24,2026-07-15 04:36:15,15990.76
3678,sess_000618,PRODUCT_VIEW,22,2026-07-15 04:37:53,18731.11
3679,sess_000618,ADD_TO_CART,22,2026-07-15 04:38:41,18731.11
3680,sess_000618,PRODUCT_VIEW,33,2026-07-15 04:39:51,10984.48
3681,sess_000618,ADD_TO_CART,33,2026-07-15 04:40:05,10984.48
3682,sess_000618,CHECKOUT_START,24,2026-07-15 04:40:54,45706.350000000006
3683,sess_000618,PAYMENT_FAILURE,24,2026-07-15 04:41:32,45706.350000000006
3684,sess_000619,PRODUCT_VIEW,28,2026-08-05 13:02:05,470.42
3685,sess_000619,ADD_TO_CART,28,2026-08-05 13:02:33,470.42
3686,sess_000619,PRODUCT_VIEW,10,2026-08-05 13:03:32,8490.19
3687,sess_000619,ADD_TO_CART,10,2026-08-05 13:04:06,8490.19
3688,sess_000620,PRODUCT_VIEW,6,2026-07-17 06:58:05,33938.58
3689,sess_000620,ADD_TO_CART,6,2026-07-17 06:58:21,33938.58
3690,sess_000620,PRODUCT_VIEW,23,2026-07-17 06:59:32,1664.26
3691,sess_000620,ADD_TO_CART,23,2026-07-17 06:59:42,1664.26
3692,sess_000620,PRODUCT_VIEW,44,2026-07-17 07:00:22,7783.14
3693,sess_000620,ADD_TO_CART,44,2026-07-17 07:00:52,7783.14
3694,sess_000620,PRODUCT_VIEW,47,2026-07-17 07:01:28,34979.66
3695,sess_000620,ADD_TO_CART,47,2026-07-17 07:02:14,34979.66
3696,sess_000621,PRODUCT_VIEW,28,2026-07-08 01:45:05,470.42
3697,sess_000621,ADD_TO_CART,28,2026-07-08 01:45:55,470.42
3698,sess_000621,PRODUCT_VIEW,17,2026-07-08 01:46:29,23333.68
3699,sess_000621,ADD_TO_CART,17,2026-07-08 01:47:17,23333.68
3700,sess_000621,PRODUCT_VIEW,48,2026-07-08 01:48:34,34207.92
3701,sess_000621,ADD_TO_CART,48,2026-07-08 01:49:16,34207.92
3702,sess_000621,CHECKOUT_START,28,2026-07-08 01:50:23,58012.02
3703,sess_000622,PRODUCT_VIEW,10,2026-07-13 18:31:05,8490.19
3704,sess_000622,ADD_TO_CART,10,2026-07-13 18:31:15,8490.19
3705,sess_000622,CHECKOUT_START,10,2026-07-13 18:32:18,8490.19
3706,sess_000623,PRODUCT_VIEW,30,2026-08-06 08:46:05,16078.93
3707,sess_000623,ADD_TO_CART,30,2026-08-06 08:46:58,16078.93
3708,sess_000623,PRODUCT_VIEW,24,2026-08-06 08:48:05,15990.76
3709,sess_000623,ADD_TO_CART,24,2026-08-06 08:48:31,15990.76
3710,sess_000623,PRODUCT_VIEW,4,2026-08-06 08:49:45,12764.76
3711,sess_000623,ADD_TO_CART,4,2026-08-06 08:50:16,12764.76
3712,sess_000623,PRODUCT_VIEW,39,2026-08-06 08:51:13,33078.06
3713,sess_000623,ADD_TO_CART,39,2026-08-06 08:52:12,33078.06
3714,sess_000623,CHECKOUT_START,30,2026-08-06 08:52:35,77912.51000000001
3715,sess_000624,PRODUCT_VIEW,39,2026-08-07 09:23:05,33078.06
3716,sess_000624,ADD_TO_CART,39,2026-08-07 09:23:22,33078.06
3717,sess_000625,PRODUCT_VIEW,28,2026-07-21 21:24:05,470.42
3718,sess_000625,ADD_TO_CART,28,2026-07-21 21:24:59,470.42
3719,sess_000625,PRODUCT_VIEW,18,2026-07-21 21:26:38,29592.56
3720,sess_000625,ADD_TO_CART,18,2026-07-21 21:27:03,29592.56
3721,sess_000625,PRODUCT_VIEW,23,2026-07-21 21:28:30,1664.26
3722,sess_000625,ADD_TO_CART,23,2026-07-21 21:29:16,1664.26
3723,sess_000625,PRODUCT_VIEW,30,2026-07-21 21:30:34,16078.93
3724,sess_000625,ADD_TO_CART,30,2026-07-21 21:30:46,16078.93
3725,sess_000625,CHECKOUT_START,28,2026-07-21 21:31:15,47806.17
3726,sess_000626,PRODUCT_VIEW,26,2026-07-22 21:56:05,1741.62
3727,sess_000626,ADD_TO_CART,26,2026-07-22 21:56:31,1741.62
3728,sess_000626,PRODUCT_VIEW,2,2026-07-22 21:57:01,8878.17
3729,sess_000626,ADD_TO_CART,2,2026-07-22 21:57:38,8878.17
3730,sess_000626,PRODUCT_VIEW,12,2026-07-22 21:58:12,11993.35
3731,sess_000626,ADD_TO_CART,12,2026-07-22 21:59:12,11993.35
3732,sess_000626,PRODUCT_VIEW,48,2026-07-22 21:59:56,34207.92
3733,sess_000626,ADD_TO_CART,48,2026-07-22 22:00:42,34207.92
3734,sess_000626,CHECKOUT_START,26,2026-07-22 22:01:35,56821.06
3735,sess_000627,PRODUCT_VIEW,48,2026-07-20 08:29:05,34207.92
3736,sess_000627,ADD_TO_CART,48,2026-07-20 08:29:26,34207.92
3737,sess_000627,PRODUCT_VIEW,45,2026-07-20 08:30:21,13966.49
3738,sess_000627,ADD_TO_CART,45,2026-07-20 08:31:03,13966.49
3739,sess_000627,PRODUCT_VIEW,50,2026-07-20 08:31:28,19975.03
3740,sess_000627,ADD_TO_CART,50,2026-07-20 08:32:16,19975.03
3741,sess_000628,PRODUCT_VIEW,30,2026-08-01 23:59:05,16078.93
3742,sess_000628,ADD_TO_CART,30,2026-08-01 23:59:35,16078.93
3743,sess_000628,PRODUCT_VIEW,39,2026-08-02 00:00:07,33078.06
3744,sess_000628,ADD_TO_CART,39,2026-08-02 00:00:31,33078.06
3745,sess_000628,PRODUCT_VIEW,41,2026-08-02 00:01:19,30450.87
3746,sess_000628,ADD_TO_CART,41,2026-08-02 00:01:30,30450.87
3747,sess_000628,CHECKOUT_START,30,2026-08-02 00:02:31,79607.86
3748,sess_000628,PAYMENT_FAILURE,30,2026-08-02 00:03:15,79607.86
3749,sess_000628,PAYMENT_FAILURE,30,2026-08-02 00:03:49,79607.86
3750,sess_000628,PAYMENT_FAILURE,30,2026-08-02 00:04:58,79607.86
3751,sess_000629,PRODUCT_VIEW,36,2026-07-19 13:24:05,23638.97
3752,sess_000629,ADD_TO_CART,36,2026-07-19 13:24:37,23638.97
3753,sess_000629,PRODUCT_VIEW,1,2026-07-19 13:25:53,29947.02
3754,sess_000629,ADD_TO_CART,1,2026-07-19 13:26:12,29947.02
3755,sess_000629,PRODUCT_VIEW,22,2026-07-19 13:27:31,18731.11
3756,sess_000629,ADD_TO_CART,22,2026-07-19 13:28:28,18731.11
3757,sess_000629,PRODUCT_VIEW,21,2026-07-19 13:29:51,9659.58
3758,sess_000629,ADD_TO_CART,21,2026-07-19 13:30:14,9659.58
3759,sess_000630,PRODUCT_VIEW,6,2026-07-17 05:07:05,33938.58
3760,sess_000630,ADD_TO_CART,6,2026-07-17 05:07:48,33938.58
3761,sess_000630,PRODUCT_VIEW,14,2026-07-17 05:08:55,21714.55
3762,sess_000630,ADD_TO_CART,14,2026-07-17 05:09:24,21714.55
3763,sess_000630,PRODUCT_VIEW,48,2026-07-17 05:10:21,34207.92
3764,sess_000630,ADD_TO_CART,48,2026-07-17 05:11:19,34207.92
3765,sess_000630,CHECKOUT_START,6,2026-07-17 05:12:19,89861.05
3766,sess_000631,PRODUCT_VIEW,49,2026-07-20 18:56:05,30515.02
3767,sess_000631,ADD_TO_CART,49,2026-07-20 18:57:02,30515.02
3768,sess_000631,PRODUCT_VIEW,2,2026-07-20 18:58:24,8878.17
3769,sess_000631,ADD_TO_CART,2,2026-07-20 18:58:49,8878.17
3770,sess_000631,PRODUCT_VIEW,19,2026-07-20 18:59:57,20611.38
3771,sess_000631,ADD_TO_CART,19,2026-07-20 19:00:41,20611.38
3772,sess_000631,PRODUCT_VIEW,36,2026-07-20 19:01:17,23638.97
3773,sess_000631,ADD_TO_CART,36,2026-07-20 19:01:51,23638.97
3774,sess_000631,CHECKOUT_START,49,2026-07-20 19:03:28,83643.54000000001
3775,sess_000632,PRODUCT_VIEW,50,2026-08-04 05:09:05,19975.03
3776,sess_000632,ADD_TO_CART,50,2026-08-04 05:09:40,19975.03
3777,sess_000632,PRODUCT_VIEW,48,2026-08-04 05:11:10,34207.92
3778,sess_000632,ADD_TO_CART,48,2026-08-04 05:11:46,34207.92
3779,sess_000632,CHECKOUT_START,50,2026-08-04 05:12:51,54182.95
3780,sess_000633,PRODUCT_VIEW,33,2026-07-14 12:14:05,10984.48
3781,sess_000633,ADD_TO_CART,33,2026-07-14 12:14:29,10984.48
3782,sess_000633,PRODUCT_VIEW,35,2026-07-14 12:15:40,33955.92
3783,sess_000633,ADD_TO_CART,35,2026-07-14 12:16:21,33955.92
3784,sess_000633,PRODUCT_VIEW,26,2026-07-14 12:17:40,1741.62
3785,sess_000633,ADD_TO_CART,26,2026-07-14 12:18:08,1741.62
3786,sess_000634,PRODUCT_VIEW,38,2026-07-12 13:13:05,24333.81
3787,sess_000634,ADD_TO_CART,38,2026-07-12 13:13:55,24333.81
3788,sess_000634,PRODUCT_VIEW,42,2026-07-12 13:14:18,1353.46
3789,sess_000634,ADD_TO_CART,42,2026-07-12 13:15:07,1353.46
3790,sess_000634,PRODUCT_VIEW,27,2026-07-12 13:15:55,34536.05
3791,sess_000634,ADD_TO_CART,27,2026-07-12 13:16:13,34536.05
3792,sess_000634,PRODUCT_VIEW,13,2026-07-12 13:17:51,15251.23
3793,sess_000634,ADD_TO_CART,13,2026-07-12 13:18:40,15251.23
3794,sess_000634,CHECKOUT_START,38,2026-07-12 13:20:04,75474.55
3795,sess_000635,PRODUCT_VIEW,44,2026-07-19 16:06:05,7783.14
3796,sess_000635,ADD_TO_CART,44,2026-07-19 16:07:02,7783.14
3797,sess_000635,PRODUCT_VIEW,6,2026-07-19 16:08:38,33938.58
3798,sess_000635,ADD_TO_CART,6,2026-07-19 16:09:38,33938.58
3799,sess_000635,PRODUCT_VIEW,24,2026-07-19 16:10:47,15990.76
3800,sess_000635,ADD_TO_CART,24,2026-07-19 16:11:32,15990.76
3801,sess_000635,PRODUCT_VIEW,2,2026-07-19 16:12:57,8878.17
3802,sess_000635,ADD_TO_CART,2,2026-07-19 16:13:19,8878.17
3803,sess_000636,PRODUCT_VIEW,5,2026-07-16 17:48:05,5973.44
3804,sess_000636,ADD_TO_CART,5,2026-07-16 17:48:51,5973.44
3805,sess_000636,PRODUCT_VIEW,2,2026-07-16 17:50:10,8878.17
3806,sess_000636,ADD_TO_CART,2,2026-07-16 17:50:49,8878.17
3807,sess_000636,PRODUCT_VIEW,14,2026-07-16 17:51:40,21714.55
3808,sess_000636,ADD_TO_CART,14,2026-07-16 17:52:33,21714.55
3809,sess_000637,PRODUCT_VIEW,1,2026-07-19 13:19:05,29947.02
3810,sess_000637,ADD_TO_CART,1,2026-07-19 13:20:02,29947.02
3811,sess_000637,CHECKOUT_START,1,2026-07-19 13:20:26,29947.02
3812,sess_000638,PRODUCT_VIEW,46,2026-07-26 22:13:05,3997.88
3813,sess_000638,ADD_TO_CART,46,2026-07-26 22:14:00,3997.88
3814,sess_000638,PRODUCT_VIEW,35,2026-07-26 22:15:37,33955.92
3815,sess_000638,ADD_TO_CART,35,2026-07-26 22:16:28,33955.92
3816,sess_000638,PRODUCT_VIEW,8,2026-07-26 22:17:56,27139.29
3817,sess_000638,ADD_TO_CART,8,2026-07-26 22:18:51,27139.29
3818,sess_000639,PRODUCT_VIEW,8,2026-07-12 23:16:05,27139.29
3819,sess_000639,ADD_TO_CART,8,2026-07-12 23:17:03,27139.29
3820,sess_000639,PRODUCT_VIEW,7,2026-07-12 23:18:37,23088.42
3821,sess_000639,ADD_TO_CART,7,2026-07-12 23:19:35,23088.42
3822,sess_000639,PRODUCT_VIEW,10,2026-07-12 23:20:09,8490.19
3823,sess_000639,ADD_TO_CART,10,2026-07-12 23:21:05,8490.19
3824,sess_000639,PRODUCT_VIEW,17,2026-07-12 23:21:46,23333.68
3825,sess_000639,ADD_TO_CART,17,2026-07-12 23:22:19,23333.68
3826,sess_000639,CHECKOUT_START,8,2026-07-12 23:23:31,82051.58
3827,sess_000640,PRODUCT_VIEW,30,2026-07-23 17:27:05,16078.93
3828,sess_000640,ADD_TO_CART,30,2026-07-23 17:28:00,16078.93
3829,sess_000640,CHECKOUT_START,30,2026-07-23 17:29:22,16078.93
3830,sess_000641,PRODUCT_VIEW,49,2026-07-24 13:20:05,30515.02
3831,sess_000641,ADD_TO_CART,49,2026-07-24 13:20:23,30515.02
3832,sess_000641,CHECKOUT_START,49,2026-07-24 13:21:01,30515.02
3833,sess_000642,PRODUCT_VIEW,37,2026-07-27 14:41:05,30424.4
3834,sess_000642,ADD_TO_CART,37,2026-07-27 14:41:34,30424.4
3835,sess_000642,PRODUCT_VIEW,41,2026-07-27 14:42:54,30450.87
3836,sess_000642,ADD_TO_CART,41,2026-07-27 14:43:49,30450.87
3837,sess_000643,PRODUCT_VIEW,2,2026-07-19 14:39:05,8878.17
3838,sess_000643,ADD_TO_CART,2,2026-07-19 14:39:52,8878.17
3839,sess_000643,PRODUCT_VIEW,14,2026-07-19 14:40:50,21714.55
3840,sess_000643,ADD_TO_CART,14,2026-07-19 14:41:09,21714.55
3841,sess_000643,CHECKOUT_START,2,2026-07-19 14:42:43,30592.72
3842,sess_000644,PRODUCT_VIEW,25,2026-07-19 18:49:05,11269.93
3843,sess_000644,ADD_TO_CART,25,2026-07-19 18:49:25,11269.93
3844,sess_000644,PRODUCT_VIEW,32,2026-07-19 18:50:52,5145.04
3845,sess_000644,ADD_TO_CART,32,2026-07-19 18:51:32,5145.04
3846,sess_000644,PRODUCT_VIEW,42,2026-07-19 18:52:14,1353.46
3847,sess_000644,ADD_TO_CART,42,2026-07-19 18:52:54,1353.46
3848,sess_000644,CHECKOUT_START,25,2026-07-19 18:54:02,17768.43
3849,sess_000645,PRODUCT_VIEW,32,2026-08-01 16:58:05,5145.04
3850,sess_000645,ADD_TO_CART,32,2026-08-01 16:58:55,5145.04
3851,sess_000645,PRODUCT_VIEW,30,2026-08-01 16:59:16,16078.93
3852,sess_000645,ADD_TO_CART,30,2026-08-01 17:00:13,16078.93
3853,sess_000645,PRODUCT_VIEW,37,2026-08-01 17:01:40,30424.4
3854,sess_000645,ADD_TO_CART,37,2026-08-01 17:02:04,30424.4
3855,sess_000645,CHECKOUT_START,32,2026-08-01 17:02:49,51648.37
3856,sess_000645,PAYMENT_FAILURE,32,2026-08-01 17:03:42,51648.37
3857,sess_000645,PAYMENT_FAILURE,32,2026-08-01 17:04:54,51648.37
3858,sess_000646,PRODUCT_VIEW,29,2026-08-05 15:22:05,22477.1
3859,sess_000646,ADD_TO_CART,29,2026-08-05 15:22:51,22477.1
3860,sess_000646,CHECKOUT_START,29,2026-08-05 15:24:17,22477.1
3861,sess_000647,PRODUCT_VIEW,3,2026-07-09 02:25:05,15751.54
3862,sess_000647,ADD_TO_CART,3,2026-07-09 02:25:32,15751.54
3863,sess_000647,PRODUCT_VIEW,39,2026-07-09 02:27:02,33078.06
3864,sess_000647,ADD_TO_CART,39,2026-07-09 02:27:29,33078.06
3865,sess_000647,CHECKOUT_START,3,2026-07-09 02:28:00,48829.6
3866,sess_000648,PRODUCT_VIEW,38,2026-07-29 22:33:05,24333.81
3867,sess_000648,ADD_TO_CART,38,2026-07-29 22:33:52,24333.81
3868,sess_000648,PRODUCT_VIEW,49,2026-07-29 22:35:13,30515.02
3869,sess_000648,ADD_TO_CART,49,2026-07-29 22:35:52,30515.02
3870,sess_000649,PRODUCT_VIEW,13,2026-07-23 20:39:05,15251.23
3871,sess_000649,ADD_TO_CART,13,2026-07-23 20:39:28,15251.23
3872,sess_000649,PRODUCT_VIEW,7,2026-07-23 20:41:04,23088.42
3873,sess_000649,ADD_TO_CART,7,2026-07-23 20:41:45,23088.42
3874,sess_000649,PRODUCT_VIEW,35,2026-07-23 20:42:43,33955.92
3875,sess_000649,ADD_TO_CART,35,2026-07-23 20:43:29,33955.92
3876,sess_000649,PRODUCT_VIEW,38,2026-07-23 20:43:50,24333.81
3877,sess_000649,ADD_TO_CART,38,2026-07-23 20:44:37,24333.81
3878,sess_000650,PRODUCT_VIEW,17,2026-07-13 02:57:05,23333.68
3879,sess_000650,ADD_TO_CART,17,2026-07-13 02:58:03,23333.68
3880,sess_000650,CHECKOUT_START,17,2026-07-13 02:59:15,23333.68
3881,sess_000651,PRODUCT_VIEW,17,2026-07-22 08:08:05,23333.68
3882,sess_000651,ADD_TO_CART,17,2026-07-22 08:08:36,23333.68
3883,sess_000651,PRODUCT_VIEW,35,2026-07-22 08:09:31,33955.92
3884,sess_000651,ADD_TO_CART,35,2026-07-22 08:10:24,33955.92
3885,sess_000651,PRODUCT_VIEW,16,2026-07-22 08:11:55,1571.54
3886,sess_000651,ADD_TO_CART,16,2026-07-22 08:12:37,1571.54
3887,sess_000652,PRODUCT_VIEW,5,2026-08-07 13:44:05,5973.44
3888,sess_000652,ADD_TO_CART,5,2026-08-07 13:44:42,5973.44
3889,sess_000652,PRODUCT_VIEW,49,2026-08-07 13:45:40,30515.02
3890,sess_000652,ADD_TO_CART,49,2026-08-07 13:45:56,30515.02
3891,sess_000652,CHECKOUT_START,5,2026-08-07 13:47:12,36488.46
3892,sess_000652,PAYMENT_FAILURE,5,2026-08-07 13:48:03,36488.46
3893,sess_000652,PAYMENT_FAILURE,5,2026-08-07 13:49:13,36488.46
3894,sess_000653,PRODUCT_VIEW,21,2026-07-31 17:21:05,9659.58
3895,sess_000653,ADD_TO_CART,21,2026-07-31 17:21:45,9659.58
3896,sess_000653,PRODUCT_VIEW,50,2026-07-31 17:22:18,19975.03
3897,sess_000653,ADD_TO_CART,50,2026-07-31 17:23:11,19975.03
3898,sess_000653,PRODUCT_VIEW,34,2026-07-31 17:24:09,7303.52
3899,sess_000653,ADD_TO_CART,34,2026-07-31 17:24:58,7303.52
3900,sess_000654,PRODUCT_VIEW,21,2026-07-14 11:06:05,9659.58
3901,sess_000654,ADD_TO_CART,21,2026-07-14 11:06:45,9659.58
3902,sess_000654,PRODUCT_VIEW,34,2026-07-14 11:08:21,7303.52
3903,sess_000654,ADD_TO_CART,34,2026-07-14 11:09:21,7303.52
3904,sess_000654,CHECKOUT_START,21,2026-07-14 11:10:34,16963.1
3905,sess_000655,PRODUCT_VIEW,22,2026-07-09 14:16:05,18731.11
3906,sess_000655,ADD_TO_CART,22,2026-07-09 14:17:02,18731.11
3907,sess_000655,PRODUCT_VIEW,47,2026-07-09 14:18:02,34979.66
3908,sess_000655,ADD_TO_CART,47,2026-07-09 14:18:40,34979.66
3909,sess_000655,PRODUCT_VIEW,23,2026-07-09 14:19:39,1664.26
3910,sess_000655,ADD_TO_CART,23,2026-07-09 14:20:16,1664.26
3911,sess_000655,CHECKOUT_START,22,2026-07-09 14:21:48,55375.030000000006
3912,sess_000656,PRODUCT_VIEW,2,2026-07-08 10:40:05,8878.17
3913,sess_000656,ADD_TO_CART,2,2026-07-08 10:40:28,8878.17
3914,sess_000656,PRODUCT_VIEW,46,2026-07-08 10:41:20,3997.88
3915,sess_000656,ADD_TO_CART,46,2026-07-08 10:41:48,3997.88
3916,sess_000656,PRODUCT_VIEW,13,2026-07-08 10:42:55,15251.23
3917,sess_000656,ADD_TO_CART,13,2026-07-08 10:43:06,15251.23
3918,sess_000656,CHECKOUT_START,2,2026-07-08 10:44:07,28127.28
3919,sess_000657,PRODUCT_VIEW,7,2026-08-01 03:33:05,23088.42
3920,sess_000657,ADD_TO_CART,7,2026-08-01 03:33:25,23088.42
3921,sess_000657,PRODUCT_VIEW,5,2026-08-01 03:34:26,5973.44
3922,sess_000657,ADD_TO_CART,5,2026-08-01 03:35:22,5973.44
3923,sess_000657,PRODUCT_VIEW,16,2026-08-01 03:36:43,1571.54
3924,sess_000657,ADD_TO_CART,16,2026-08-01 03:37:39,1571.54
3925,sess_000658,PRODUCT_VIEW,41,2026-07-30 03:55:05,30450.87
3926,sess_000658,ADD_TO_CART,41,2026-07-30 03:55:36,30450.87
3927,sess_000658,CHECKOUT_START,41,2026-07-30 03:56:31,30450.87
3928,sess_000658,PAYMENT_FAILURE,41,2026-07-30 03:57:35,30450.87
3929,sess_000658,PAYMENT_FAILURE,41,2026-07-30 03:58:28,30450.87
3930,sess_000659,PRODUCT_VIEW,38,2026-07-15 22:06:05,24333.81
3931,sess_000659,ADD_TO_CART,38,2026-07-15 22:06:51,24333.81
3932,sess_000659,PRODUCT_VIEW,20,2026-07-15 22:07:36,7441.9
3933,sess_000659,ADD_TO_CART,20,2026-07-15 22:08:21,7441.9
3934,sess_000659,CHECKOUT_START,38,2026-07-15 22:08:52,31775.71
3935,sess_000660,PRODUCT_VIEW,24,2026-07-22 14:41:05,15990.76
3936,sess_000660,ADD_TO_CART,24,2026-07-22 14:42:02,15990.76
3937,sess_000660,PRODUCT_VIEW,50,2026-07-22 14:42:49,19975.03
3938,sess_000660,ADD_TO_CART,50,2026-07-22 14:43:10,19975.03
3939,sess_000660,PRODUCT_VIEW,29,2026-07-22 14:44:11,22477.1
3940,sess_000660,ADD_TO_CART,29,2026-07-22 14:44:50,22477.1
3941,sess_000660,CHECKOUT_START,24,2026-07-22 14:45:39,58442.89
3942,sess_000661,PRODUCT_VIEW,28,2026-07-19 23:50:05,470.42
3943,sess_000661,ADD_TO_CART,28,2026-07-19 23:50:48,470.42
3944,sess_000661,PRODUCT_VIEW,26,2026-07-19 23:51:15,1741.62
3945,sess_000661,ADD_TO_CART,26,2026-07-19 23:51:57,1741.62
3946,sess_000661,PRODUCT_VIEW,32,2026-07-19 23:53:04,5145.04
3947,sess_000661,ADD_TO_CART,32,2026-07-19 23:53:15,5145.04
3948,sess_000661,PRODUCT_VIEW,4,2026-07-19 23:54:47,12764.76
3949,sess_000661,ADD_TO_CART,4,2026-07-19 23:55:24,12764.76
3950,sess_000661,CHECKOUT_START,28,2026-07-19 23:55:48,20121.84
3951,sess_000662,PRODUCT_VIEW,37,2026-07-20 13:14:05,30424.4
3952,sess_000662,ADD_TO_CART,37,2026-07-20 13:14:20,30424.4
3953,sess_000662,CHECKOUT_START,37,2026-07-20 13:15:51,30424.4
3954,sess_000663,PRODUCT_VIEW,49,2026-07-09 08:38:05,30515.02
3955,sess_000663,ADD_TO_CART,49,2026-07-09 08:39:04,30515.02
3956,sess_000663,PRODUCT_VIEW,5,2026-07-09 08:40:19,5973.44
3957,sess_000663,ADD_TO_CART,5,2026-07-09 08:40:46,5973.44
3958,sess_000664,PRODUCT_VIEW,34,2026-08-02 02:31:05,7303.52
3959,sess_000664,ADD_TO_CART,34,2026-08-02 02:31:42,7303.52
3960,sess_000664,PRODUCT_VIEW,50,2026-08-02 02:32:04,19975.03
3961,sess_000664,ADD_TO_CART,50,2026-08-02 02:32:39,19975.03
3962,sess_000664,PRODUCT_VIEW,45,2026-08-02 02:34:12,13966.49
3963,sess_000664,ADD_TO_CART,45,2026-08-02 02:34:40,13966.49
3964,sess_000664,PRODUCT_VIEW,48,2026-08-02 02:35:00,34207.92
3965,sess_000664,ADD_TO_CART,48,2026-08-02 02:35:49,34207.92
3966,sess_000665,PRODUCT_VIEW,50,2026-07-30 17:01:05,19975.03
3967,sess_000665,ADD_TO_CART,50,2026-07-30 17:01:37,19975.03
3968,sess_000665,PRODUCT_VIEW,37,2026-07-30 17:03:10,30424.4
3969,sess_000665,ADD_TO_CART,37,2026-07-30 17:03:29,30424.4
3970,sess_000665,CHECKOUT_START,50,2026-07-30 17:04:13,50399.43
3971,sess_000666,PRODUCT_VIEW,35,2026-08-07 06:25:05,33955.92
3972,sess_000666,ADD_TO_CART,35,2026-08-07 06:25:19,33955.92
3973,sess_000666,PRODUCT_VIEW,23,2026-08-07 06:26:20,1664.26
3974,sess_000666,ADD_TO_CART,23,2026-08-07 06:26:50,1664.26
3975,sess_000667,PRODUCT_VIEW,29,2026-07-30 16:40:05,22477.1
3976,sess_000667,ADD_TO_CART,29,2026-07-30 16:40:39,22477.1
3977,sess_000667,PRODUCT_VIEW,8,2026-07-30 16:41:02,27139.29
3978,sess_000667,ADD_TO_CART,8,2026-07-30 16:41:40,27139.29
3979,sess_000667,CHECKOUT_START,29,2026-07-30 16:42:26,49616.39
3980,sess_000668,PRODUCT_VIEW,12,2026-08-01 11:38:05,11993.35
3981,sess_000668,ADD_TO_CART,12,2026-08-01 11:38:47,11993.35
3982,sess_000669,PRODUCT_VIEW,48,2026-07-08 07:56:05,34207.92
3983,sess_000669,ADD_TO_CART,48,2026-07-08 07:56:27,34207.92
3984,sess_000669,PRODUCT_VIEW,21,2026-07-08 07:57:13,9659.58
3985,sess_000669,ADD_TO_CART,21,2026-07-08 07:57:28,9659.58
3986,sess_000669,PRODUCT_VIEW,27,2026-07-08 07:58:52,34536.05
3987,sess_000669,ADD_TO_CART,27,2026-07-08 07:59:25,34536.05
3988,sess_000670,PRODUCT_VIEW,23,2026-08-07 11:39:05,1664.26
3989,sess_000670,ADD_TO_CART,23,2026-08-07 11:39:38,1664.26
3990,sess_000670,CHECKOUT_START,23,2026-08-07 11:40:37,1664.26
3991,sess_000671,PRODUCT_VIEW,31,2026-07-16 21:45:05,17262.47
3992,sess_000671,ADD_TO_CART,31,2026-07-16 21:45:56,17262.47
3993,sess_000671,PRODUCT_VIEW,2,2026-07-16 21:46:57,8878.17
3994,sess_000671,ADD_TO_CART,2,2026-07-16 21:47:09,8878.17
3995,sess_000671,PRODUCT_VIEW,18,2026-07-16 21:47:47,29592.56
3996,sess_000671,ADD_TO_CART,18,2026-07-16 21:48:12,29592.56
3997,sess_000671,PRODUCT_VIEW,47,2026-07-16 21:48:54,34979.66
3998,sess_000671,ADD_TO_CART,47,2026-07-16 21:49:40,34979.66
3999,sess_000672,PRODUCT_VIEW,11,2026-08-06 22:32:05,6189.77
4000,sess_000672,ADD_TO_CART,11,2026-08-06 22:32:24,6189.77
4001,sess_000672,PRODUCT_VIEW,27,2026-08-06 22:33:07,34536.05
4002,sess_000672,ADD_TO_CART,27,2026-08-06 22:33:40,34536.05
4003,sess_000672,PRODUCT_VIEW,12,2026-08-06 22:34:14,11993.35
4004,sess_000672,ADD_TO_CART,12,2026-08-06 22:35:14,11993.35
4005,sess_000672,PRODUCT_VIEW,34,2026-08-06 22:35:54,7303.52
4006,sess_000672,ADD_TO_CART,34,2026-08-06 22:36:05,7303.52
4007,sess_000672,CHECKOUT_START,11,2026-08-06 22:37:28,60022.69
4008,sess_000673,PRODUCT_VIEW,2,2026-07-12 15:34:05,8878.17
4009,sess_000673,ADD_TO_CART,2,2026-07-12 15:35:02,8878.17
4010,sess_000673,PRODUCT_VIEW,31,2026-07-12 15:35:40,17262.47
4011,sess_000673,ADD_TO_CART,31,2026-07-12 15:36:16,17262.47
4012,sess_000673,PRODUCT_VIEW,3,2026-07-12 15:36:41,15751.54
4013,sess_000673,ADD_TO_CART,3,2026-07-12 15:37:25,15751.54
4014,sess_000673,CHECKOUT_START,2,2026-07-12 15:38:33,41892.18
4015,sess_000673,PAYMENT_FAILURE,2,2026-07-12 15:39:51,41892.18
4016,sess_000673,PAYMENT_FAILURE,2,2026-07-12 15:40:59,41892.18
4017,sess_000674,PRODUCT_VIEW,8,2026-07-27 17:01:05,27139.29
4018,sess_000674,ADD_TO_CART,8,2026-07-27 17:01:45,27139.29
4019,sess_000675,PRODUCT_VIEW,31,2026-07-23 08:36:05,17262.47
4020,sess_000675,ADD_TO_CART,31,2026-07-23 08:36:46,17262.47
4021,sess_000675,CHECKOUT_START,31,2026-07-23 08:38:19,17262.47
4022,sess_000675,PAYMENT_FAILURE,31,2026-07-23 08:39:01,17262.47
4023,sess_000676,PRODUCT_VIEW,16,2026-07-17 21:49:05,1571.54
4024,sess_000676,ADD_TO_CART,16,2026-07-17 21:49:29,1571.54
4025,sess_000676,CHECKOUT_START,16,2026-07-17 21:50:21,1571.54
4026,sess_000676,PAYMENT_FAILURE,16,2026-07-17 21:51:02,1571.54
4027,sess_000677,PRODUCT_VIEW,28,2026-07-20 06:53:05,470.42
4028,sess_000677,ADD_TO_CART,28,2026-07-20 06:53:24,470.42
4029,sess_000677,PRODUCT_VIEW,24,2026-07-20 06:54:58,15990.76
4030,sess_000677,ADD_TO_CART,24,2026-07-20 06:55:55,15990.76
4031,sess_000677,PRODUCT_VIEW,43,2026-07-20 06:56:19,24226.27
4032,sess_000677,ADD_TO_CART,43,2026-07-20 06:57:16,24226.27
4033,sess_000677,CHECKOUT_START,28,2026-07-20 06:58:25,40687.45
4034,sess_000677,PAYMENT_FAILURE,28,2026-07-20 06:59:35,40687.45
4035,sess_000677,PAYMENT_FAILURE,28,2026-07-20 07:00:08,40687.45
4036,sess_000677,PAYMENT_FAILURE,28,2026-07-20 07:01:28,40687.45
4037,sess_000678,PRODUCT_VIEW,1,2026-07-13 16:30:05,29947.02
4038,sess_000678,ADD_TO_CART,1,2026-07-13 16:30:45,29947.02
4039,sess_000678,PRODUCT_VIEW,37,2026-07-13 16:31:49,30424.4
4040,sess_000678,ADD_TO_CART,37,2026-07-13 16:32:11,30424.4
4041,sess_000678,PRODUCT_VIEW,31,2026-07-13 16:33:51,17262.47
4042,sess_000678,ADD_TO_CART,31,2026-07-13 16:34:37,17262.47
4043,sess_000679,PRODUCT_VIEW,12,2026-07-24 20:36:05,11993.35
4044,sess_000679,ADD_TO_CART,12,2026-07-24 20:36:46,11993.35
4045,sess_000679,PRODUCT_VIEW,17,2026-07-24 20:38:16,23333.68
4046,sess_000679,ADD_TO_CART,17,2026-07-24 20:38:55,23333.68
4047,sess_000679,PRODUCT_VIEW,22,2026-07-24 20:39:27,18731.11
4048,sess_000679,ADD_TO_CART,22,2026-07-24 20:40:19,18731.11
4049,sess_000679,CHECKOUT_START,12,2026-07-24 20:41:22,54058.14
4050,sess_000680,PRODUCT_VIEW,8,2026-07-18 23:45:05,27139.29
4051,sess_000680,ADD_TO_CART,8,2026-07-18 23:45:23,27139.29
4052,sess_000680,PRODUCT_VIEW,36,2026-07-18 23:46:27,23638.97
4053,sess_000680,ADD_TO_CART,36,2026-07-18 23:46:56,23638.97
4054,sess_000680,PRODUCT_VIEW,46,2026-07-18 23:48:13,3997.88
4055,sess_000680,ADD_TO_CART,46,2026-07-18 23:48:50,3997.88
4056,sess_000680,PRODUCT_VIEW,19,2026-07-18 23:50:20,20611.38
4057,sess_000680,ADD_TO_CART,19,2026-07-18 23:50:35,20611.38
4058,sess_000680,CHECKOUT_START,8,2026-07-18 23:51:59,75387.52
4059,sess_000681,PRODUCT_VIEW,34,2026-08-07 17:51:05,7303.52
4060,sess_000681,ADD_TO_CART,34,2026-08-07 17:51:24,7303.52
4061,sess_000681,PRODUCT_VIEW,39,2026-08-07 17:52:56,33078.06
4062,sess_000681,ADD_TO_CART,39,2026-08-07 17:53:39,33078.06
4063,sess_000681,PRODUCT_VIEW,50,2026-08-07 17:55:06,19975.03
4064,sess_000681,ADD_TO_CART,50,2026-08-07 17:55:19,19975.03
4065,sess_000682,PRODUCT_VIEW,49,2026-08-02 21:12:05,30515.02
4066,sess_000682,ADD_TO_CART,49,2026-08-02 21:12:24,30515.02
4067,sess_000682,PRODUCT_VIEW,46,2026-08-02 21:13:53,3997.88
4068,sess_000682,ADD_TO_CART,46,2026-08-02 21:14:42,3997.88
4069,sess_000683,PRODUCT_VIEW,9,2026-07-26 06:49:05,33952.76
4070,sess_000683,ADD_TO_CART,9,2026-07-26 06:49:15,33952.76
4071,sess_000683,PRODUCT_VIEW,47,2026-07-26 06:49:44,34979.66
4072,sess_000683,ADD_TO_CART,47,2026-07-26 06:50:10,34979.66
4073,sess_000683,PRODUCT_VIEW,20,2026-07-26 06:51:41,7441.9
4074,sess_000683,ADD_TO_CART,20,2026-07-26 06:52:33,7441.9
4075,sess_000683,CHECKOUT_START,9,2026-07-26 06:53:32,76374.32
4076,sess_000684,PRODUCT_VIEW,42,2026-08-03 08:13:05,1353.46
4077,sess_000684,ADD_TO_CART,42,2026-08-03 08:13:40,1353.46
4078,sess_000684,PRODUCT_VIEW,27,2026-08-03 08:15:15,34536.05
4079,sess_000684,ADD_TO_CART,27,2026-08-03 08:15:37,34536.05
4080,sess_000684,CHECKOUT_START,42,2026-08-03 08:16:28,35889.51
4081,sess_000685,PRODUCT_VIEW,29,2026-07-10 10:55:05,22477.1
4082,sess_000685,ADD_TO_CART,29,2026-07-10 10:55:58,22477.1
4083,sess_000685,PRODUCT_VIEW,10,2026-07-10 10:56:53,8490.19
4084,sess_000685,ADD_TO_CART,10,2026-07-10 10:57:51,8490.19
4085,sess_000685,CHECKOUT_START,29,2026-07-10 10:58:52,30967.29
4086,sess_000686,PRODUCT_VIEW,8,2026-08-04 03:10:05,27139.29
4087,sess_000686,ADD_TO_CART,8,2026-08-04 03:10:54,27139.29
4088,sess_000686,PRODUCT_VIEW,35,2026-08-04 03:12:12,33955.92
4089,sess_000686,ADD_TO_CART,35,2026-08-04 03:12:31,33955.92
4090,sess_000686,PRODUCT_VIEW,48,2026-08-04 03:13:00,34207.92
4091,sess_000686,ADD_TO_CART,48,2026-08-04 03:13:58,34207.92
4092,sess_000686,CHECKOUT_START,8,2026-08-04 03:15:01,95303.13
4093,sess_000687,PRODUCT_VIEW,15,2026-07-18 08:42:05,6095.52
4094,sess_000687,ADD_TO_CART,15,2026-07-18 08:42:20,6095.52
4095,sess_000687,PRODUCT_VIEW,34,2026-07-18 08:43:57,7303.52
4096,sess_000687,ADD_TO_CART,34,2026-07-18 08:44:45,7303.52
4097,sess_000687,PRODUCT_VIEW,7,2026-07-18 08:45:51,23088.42
4098,sess_000687,ADD_TO_CART,7,2026-07-18 08:46:16,23088.42
4099,sess_000687,CHECKOUT_START,15,2026-07-18 08:47:39,36487.46
4100,sess_000687,PAYMENT_FAILURE,15,2026-07-18 08:49:02,36487.46
4101,sess_000687,PAYMENT_FAILURE,15,2026-07-18 08:50:16,36487.46
4102,sess_000687,PAYMENT_FAILURE,15,2026-07-18 08:51:13,36487.46
4103,sess_000688,PRODUCT_VIEW,27,2026-07-15 15:13:05,34536.05
4104,sess_000688,ADD_TO_CART,27,2026-07-15 15:13:37,34536.05
4105,sess_000688,PRODUCT_VIEW,43,2026-07-15 15:14:07,24226.27
4106,sess_000688,ADD_TO_CART,43,2026-07-15 15:14:17,24226.27
4107,sess_000688,PRODUCT_VIEW,17,2026-07-15 15:14:49,23333.68
4108,sess_000688,ADD_TO_CART,17,2026-07-15 15:15:44,23333.68
4109,sess_000689,PRODUCT_VIEW,39,2026-07-30 21:05:05,33078.06
4110,sess_000689,ADD_TO_CART,39,2026-07-30 21:05:17,33078.06
4111,sess_000689,PRODUCT_VIEW,34,2026-07-30 21:06:54,7303.52
4112,sess_000689,ADD_TO_CART,34,2026-07-30 21:07:10,7303.52
4113,sess_000689,PRODUCT_VIEW,43,2026-07-30 21:08:45,24226.27
4114,sess_000689,ADD_TO_CART,43,2026-07-30 21:09:45,24226.27
4115,sess_000689,PRODUCT_VIEW,25,2026-07-30 21:10:17,11269.93
4116,sess_000689,ADD_TO_CART,25,2026-07-30 21:11:03,11269.93
4117,sess_000689,CHECKOUT_START,39,2026-07-30 21:11:35,75877.78
4118,sess_000690,PRODUCT_VIEW,37,2026-07-26 23:16:05,30424.4
4119,sess_000690,ADD_TO_CART,37,2026-07-26 23:16:55,30424.4
4120,sess_000690,PRODUCT_VIEW,34,2026-07-26 23:18:10,7303.52
4121,sess_000690,ADD_TO_CART,34,2026-07-26 23:19:02,7303.52
4122,sess_000690,PRODUCT_VIEW,3,2026-07-26 23:19:25,15751.54
4123,sess_000690,ADD_TO_CART,3,2026-07-26 23:19:48,15751.54
4124,sess_000690,PRODUCT_VIEW,26,2026-07-26 23:21:20,1741.62
4125,sess_000690,ADD_TO_CART,26,2026-07-26 23:21:41,1741.62
4126,sess_000690,CHECKOUT_START,37,2026-07-26 23:22:04,55221.08
4127,sess_000691,PRODUCT_VIEW,18,2026-08-07 09:02:05,29592.56
4128,sess_000691,ADD_TO_CART,18,2026-08-07 09:03:05,29592.56
4129,sess_000691,PRODUCT_VIEW,29,2026-08-07 09:03:31,22477.1
4130,sess_000691,ADD_TO_CART,29,2026-08-07 09:04:01,22477.1
4131,sess_000691,CHECKOUT_START,18,2026-08-07 09:05:19,52069.66
4132,sess_000691,PAYMENT_FAILURE,18,2026-08-07 09:06:33,52069.66
4133,sess_000691,PAYMENT_FAILURE,18,2026-08-07 09:07:43,52069.66
4134,sess_000692,PRODUCT_VIEW,6,2026-07-26 12:44:05,33938.58
4135,sess_000692,ADD_TO_CART,6,2026-07-26 12:44:49,33938.58
4136,sess_000692,PRODUCT_VIEW,22,2026-07-26 12:45:38,18731.11
4137,sess_000692,ADD_TO_CART,22,2026-07-26 12:46:08,18731.11
4138,sess_000692,PRODUCT_VIEW,23,2026-07-26 12:47:07,1664.26
4139,sess_000692,ADD_TO_CART,23,2026-07-26 12:47:23,1664.26
4140,sess_000692,PRODUCT_VIEW,40,2026-07-26 12:47:54,17551.46
4141,sess_000692,ADD_TO_CART,40,2026-07-26 12:48:44,17551.46
4142,sess_000693,PRODUCT_VIEW,29,2026-07-26 17:43:05,22477.1
4143,sess_000693,ADD_TO_CART,29,2026-07-26 17:43:25,22477.1
4144,sess_000693,PRODUCT_VIEW,24,2026-07-26 17:44:06,15990.76
4145,sess_000693,ADD_TO_CART,24,2026-07-26 17:44:36,15990.76
4146,sess_000693,PRODUCT_VIEW,49,2026-07-26 17:44:58,30515.02
4147,sess_000693,ADD_TO_CART,49,2026-07-26 17:45:15,30515.02
4148,sess_000693,CHECKOUT_START,29,2026-07-26 17:45:59,68982.88
4149,sess_000693,PAYMENT_FAILURE,29,2026-07-26 17:47:06,68982.88
4150,sess_000693,PAYMENT_FAILURE,29,2026-07-26 17:47:55,68982.88
4151,sess_000693,PAYMENT_FAILURE,29,2026-07-26 17:49:23,68982.88
4152,sess_000694,PRODUCT_VIEW,6,2026-07-19 00:53:05,33938.58
4153,sess_000694,ADD_TO_CART,6,2026-07-19 00:54:00,33938.58
4154,sess_000695,PRODUCT_VIEW,9,2026-07-16 13:01:05,33952.76
4155,sess_000695,ADD_TO_CART,9,2026-07-16 13:01:33,33952.76
4156,sess_000695,PRODUCT_VIEW,25,2026-07-16 13:03:11,11269.93
4157,sess_000695,ADD_TO_CART,25,2026-07-16 13:03:57,11269.93
4158,sess_000695,PRODUCT_VIEW,7,2026-07-16 13:04:27,23088.42
4159,sess_000695,ADD_TO_CART,7,2026-07-16 13:04:57,23088.42
4160,sess_000695,PRODUCT_VIEW,48,2026-07-16 13:05:45,34207.92
4161,sess_000695,ADD_TO_CART,48,2026-07-16 13:06:23,34207.92
4162,sess_000695,CHECKOUT_START,9,2026-07-16 13:06:48,102519.03
4163,sess_000696,PRODUCT_VIEW,42,2026-07-23 16:58:05,1353.46
4164,sess_000696,ADD_TO_CART,42,2026-07-23 16:58:33,1353.46
4165,sess_000696,PRODUCT_VIEW,14,2026-07-23 16:59:24,21714.55
4166,sess_000696,ADD_TO_CART,14,2026-07-23 16:59:35,21714.55
4167,sess_000696,PRODUCT_VIEW,10,2026-07-23 17:01:13,8490.19
4168,sess_000696,ADD_TO_CART,10,2026-07-23 17:01:53,8490.19
4169,sess_000696,PRODUCT_VIEW,1,2026-07-23 17:03:09,29947.02
4170,sess_000696,ADD_TO_CART,1,2026-07-23 17:03:45,29947.02
4171,sess_000696,CHECKOUT_START,42,2026-07-23 17:05:16,61505.22
4172,sess_000697,PRODUCT_VIEW,46,2026-07-22 04:48:05,3997.88
4173,sess_000697,ADD_TO_CART,46,2026-07-22 04:48:42,3997.88
4174,sess_000697,PRODUCT_VIEW,24,2026-07-22 04:49:49,15990.76
4175,sess_000697,ADD_TO_CART,24,2026-07-22 04:50:22,15990.76
4176,sess_000697,PRODUCT_VIEW,17,2026-07-22 04:51:12,23333.68
4177,sess_000697,ADD_TO_CART,17,2026-07-22 04:51:42,23333.68
4178,sess_000697,CHECKOUT_START,46,2026-07-22 04:53:11,43322.32
4179,sess_000698,PRODUCT_VIEW,7,2026-07-21 04:52:05,23088.42
4180,sess_000698,ADD_TO_CART,7,2026-07-21 04:53:01,23088.42
4181,sess_000698,PRODUCT_VIEW,39,2026-07-21 04:54:05,33078.06
4182,sess_000698,ADD_TO_CART,39,2026-07-21 04:55:00,33078.06
4183,sess_000698,PRODUCT_VIEW,15,2026-07-21 04:56:30,6095.52
4184,sess_000698,ADD_TO_CART,15,2026-07-21 04:56:54,6095.52
4185,sess_000698,CHECKOUT_START,7,2026-07-21 04:58:13,62262.0
4186,sess_000699,PRODUCT_VIEW,36,2026-07-20 09:44:05,23638.97
4187,sess_000699,ADD_TO_CART,36,2026-07-20 09:44:43,23638.97
4188,sess_000699,CHECKOUT_START,36,2026-07-20 09:46:14,23638.97
4189,sess_000700,PRODUCT_VIEW,46,2026-07-17 12:32:05,3997.88
4190,sess_000700,ADD_TO_CART,46,2026-07-17 12:32:53,3997.88
4191,sess_000700,CHECKOUT_START,46,2026-07-17 12:34:15,3997.88
4192,sess_000701,PRODUCT_VIEW,10,2026-07-24 14:03:05,8490.19
4193,sess_000701,ADD_TO_CART,10,2026-07-24 14:03:52,8490.19
4194,sess_000701,PRODUCT_VIEW,50,2026-07-24 14:04:52,19975.03
4195,sess_000701,ADD_TO_CART,50,2026-07-24 14:05:02,19975.03
4196,sess_000701,PRODUCT_VIEW,35,2026-07-24 14:06:40,33955.92
4197,sess_000701,ADD_TO_CART,35,2026-07-24 14:06:53,33955.92
4198,sess_000701,PRODUCT_VIEW,44,2026-07-24 14:07:58,7783.14
4199,sess_000701,ADD_TO_CART,44,2026-07-24 14:08:45,7783.14
4200,sess_000701,CHECKOUT_START,10,2026-07-24 14:09:20,70204.28
4201,sess_000702,PRODUCT_VIEW,12,2026-08-02 17:59:05,11993.35
4202,sess_000702,ADD_TO_CART,12,2026-08-02 17:59:56,11993.35
4203,sess_000702,PRODUCT_VIEW,2,2026-08-02 18:01:19,8878.17
4204,sess_000702,ADD_TO_CART,2,2026-08-02 18:02:15,8878.17
4205,sess_000703,PRODUCT_VIEW,9,2026-07-16 01:14:05,33952.76
4206,sess_000703,ADD_TO_CART,9,2026-07-16 01:14:34,33952.76
4207,sess_000703,PRODUCT_VIEW,22,2026-07-16 01:15:39,18731.11
4208,sess_000703,ADD_TO_CART,22,2026-07-16 01:16:00,18731.11
4209,sess_000703,PRODUCT_VIEW,12,2026-07-16 01:17:15,11993.35
4210,sess_000703,ADD_TO_CART,12,2026-07-16 01:17:41,11993.35
4211,sess_000703,PRODUCT_VIEW,7,2026-07-16 01:19:04,23088.42
4212,sess_000703,ADD_TO_CART,7,2026-07-16 01:19:19,23088.42
4213,sess_000703,CHECKOUT_START,9,2026-07-16 01:20:02,87765.64
4214,sess_000704,PRODUCT_VIEW,49,2026-07-18 03:01:05,30515.02
4215,sess_000704,ADD_TO_CART,49,2026-07-18 03:01:16,30515.02
4216,sess_000704,PRODUCT_VIEW,7,2026-07-18 03:02:53,23088.42
4217,sess_000704,ADD_TO_CART,7,2026-07-18 03:03:06,23088.42
4218,sess_000704,PRODUCT_VIEW,34,2026-07-18 03:04:37,7303.52
4219,sess_000704,ADD_TO_CART,34,2026-07-18 03:04:50,7303.52
4220,sess_000704,PRODUCT_VIEW,17,2026-07-18 03:05:57,23333.68
4221,sess_000704,ADD_TO_CART,17,2026-07-18 03:06:13,23333.68
4222,sess_000705,PRODUCT_VIEW,41,2026-07-29 23:41:05,30450.87
4223,sess_000705,ADD_TO_CART,41,2026-07-29 23:41:46,30450.87
4224,sess_000705,PRODUCT_VIEW,40,2026-07-29 23:42:29,17551.46
4225,sess_000705,ADD_TO_CART,40,2026-07-29 23:43:13,17551.46
4226,sess_000705,CHECKOUT_START,41,2026-07-29 23:44:00,48002.33
4227,sess_000706,PRODUCT_VIEW,33,2026-07-27 05:02:05,10984.48
4228,sess_000706,ADD_TO_CART,33,2026-07-27 05:02:43,10984.48
4229,sess_000706,PRODUCT_VIEW,10,2026-07-27 05:03:06,8490.19
4230,sess_000706,ADD_TO_CART,10,2026-07-27 05:03:55,8490.19
4231,sess_000706,CHECKOUT_START,33,2026-07-27 05:04:19,19474.67
4232,sess_000707,PRODUCT_VIEW,7,2026-07-29 20:57:05,23088.42
4233,sess_000707,ADD_TO_CART,7,2026-07-29 20:57:27,23088.42
4234,sess_000707,PRODUCT_VIEW,32,2026-07-29 20:59:04,5145.04
4235,sess_000707,ADD_TO_CART,32,2026-07-29 20:59:23,5145.04
4236,sess_000707,CHECKOUT_START,7,2026-07-29 21:01:01,28233.46
4237,sess_000708,PRODUCT_VIEW,16,2026-07-24 20:39:05,1571.54
4238,sess_000708,ADD_TO_CART,16,2026-07-24 20:39:30,1571.54
4239,sess_000708,PRODUCT_VIEW,24,2026-07-24 20:40:52,15990.76
4240,sess_000708,ADD_TO_CART,24,2026-07-24 20:41:14,15990.76
4241,sess_000708,PRODUCT_VIEW,10,2026-07-24 20:42:25,8490.19
4242,sess_000708,ADD_TO_CART,10,2026-07-24 20:42:37,8490.19
4243,sess_000708,CHECKOUT_START,16,2026-07-24 20:43:42,26052.489999999998
4244,sess_000709,PRODUCT_VIEW,21,2026-07-18 13:41:05,9659.58
4245,sess_000709,ADD_TO_CART,21,2026-07-18 13:42:03,9659.58
4246,sess_000709,PRODUCT_VIEW,9,2026-07-18 13:42:48,33952.76
4247,sess_000709,ADD_TO_CART,9,2026-07-18 13:43:16,33952.76
4248,sess_000709,PRODUCT_VIEW,29,2026-07-18 13:44:56,22477.1
4249,sess_000709,ADD_TO_CART,29,2026-07-18 13:45:33,22477.1
4250,sess_000709,CHECKOUT_START,21,2026-07-18 13:46:44,66089.44
4251,sess_000710,PRODUCT_VIEW,50,2026-08-04 13:39:05,19975.03
4252,sess_000710,ADD_TO_CART,50,2026-08-04 13:39:18,19975.03
4253,sess_000710,PRODUCT_VIEW,19,2026-08-04 13:40:45,20611.38
4254,sess_000710,ADD_TO_CART,19,2026-08-04 13:40:57,20611.38
4255,sess_000710,PRODUCT_VIEW,44,2026-08-04 13:41:41,7783.14
4256,sess_000710,ADD_TO_CART,44,2026-08-04 13:41:56,7783.14
4257,sess_000710,PRODUCT_VIEW,45,2026-08-04 13:42:55,13966.49
4258,sess_000710,ADD_TO_CART,45,2026-08-04 13:43:42,13966.49
4259,sess_000710,CHECKOUT_START,50,2026-08-04 13:45:15,62336.04
4260,sess_000711,PRODUCT_VIEW,35,2026-08-07 23:01:05,33955.92
4261,sess_000711,ADD_TO_CART,35,2026-08-07 23:01:42,33955.92
4262,sess_000711,PRODUCT_VIEW,4,2026-08-07 23:03:07,12764.76
4263,sess_000711,ADD_TO_CART,4,2026-08-07 23:03:50,12764.76
4264,sess_000711,PRODUCT_VIEW,44,2026-08-07 23:04:32,7783.14
4265,sess_000711,ADD_TO_CART,44,2026-08-07 23:05:14,7783.14
4266,sess_000711,CHECKOUT_START,35,2026-08-07 23:06:21,54503.82
4267,sess_000712,PRODUCT_VIEW,32,2026-07-24 18:17:05,5145.04
4268,sess_000712,ADD_TO_CART,32,2026-07-24 18:17:51,5145.04
4269,sess_000712,PRODUCT_VIEW,14,2026-07-24 18:19:29,21714.55
4270,sess_000712,ADD_TO_CART,14,2026-07-24 18:19:39,21714.55
4271,sess_000712,CHECKOUT_START,32,2026-07-24 18:20:04,26859.59
4272,sess_000713,PRODUCT_VIEW,25,2026-07-30 00:28:05,11269.93
4273,sess_000713,ADD_TO_CART,25,2026-07-30 00:28:38,11269.93
4274,sess_000713,PRODUCT_VIEW,15,2026-07-30 00:29:49,6095.52
4275,sess_000713,ADD_TO_CART,15,2026-07-30 00:30:01,6095.52
4276,sess_000713,CHECKOUT_START,25,2026-07-30 00:30:40,17365.45
4277,sess_000714,PRODUCT_VIEW,14,2026-07-09 10:12:05,21714.55
4278,sess_000714,ADD_TO_CART,14,2026-07-09 10:12:32,21714.55
4279,sess_000714,PRODUCT_VIEW,42,2026-07-09 10:13:44,1353.46
4280,sess_000714,ADD_TO_CART,42,2026-07-09 10:14:38,1353.46
4281,sess_000714,PRODUCT_VIEW,48,2026-07-09 10:14:59,34207.92
4282,sess_000714,ADD_TO_CART,48,2026-07-09 10:15:35,34207.92
4283,sess_000715,PRODUCT_VIEW,3,2026-07-20 00:16:05,15751.54
4284,sess_000715,ADD_TO_CART,3,2026-07-20 00:16:23,15751.54
4285,sess_000715,PRODUCT_VIEW,45,2026-07-20 00:17:11,13966.49
4286,sess_000715,ADD_TO_CART,45,2026-07-20 00:17:25,13966.49
4287,sess_000715,PRODUCT_VIEW,50,2026-07-20 00:17:59,19975.03
4288,sess_000715,ADD_TO_CART,50,2026-07-20 00:18:16,19975.03
4289,sess_000715,PRODUCT_VIEW,29,2026-07-20 00:18:56,22477.1
4290,sess_000715,ADD_TO_CART,29,2026-07-20 00:19:56,22477.1
4291,sess_000716,PRODUCT_VIEW,19,2026-07-17 00:54:05,20611.38
4292,sess_000716,ADD_TO_CART,19,2026-07-17 00:54:21,20611.38
4293,sess_000716,PRODUCT_VIEW,37,2026-07-17 00:54:56,30424.4
4294,sess_000716,ADD_TO_CART,37,2026-07-17 00:55:31,30424.4
4295,sess_000716,PRODUCT_VIEW,17,2026-07-17 00:56:16,23333.68
4296,sess_000716,ADD_TO_CART,17,2026-07-17 00:56:31,23333.68
4297,sess_000717,PRODUCT_VIEW,25,2026-07-23 20:54:05,11269.93
4298,sess_000717,ADD_TO_CART,25,2026-07-23 20:54:26,11269.93
4299,sess_000718,PRODUCT_VIEW,39,2026-07-27 09:40:05,33078.06
4300,sess_000718,ADD_TO_CART,39,2026-07-27 09:40:47,33078.06
4301,sess_000718,PRODUCT_VIEW,50,2026-07-27 09:41:31,19975.03
4302,sess_000718,ADD_TO_CART,50,2026-07-27 09:42:30,19975.03
4303,sess_000718,PRODUCT_VIEW,3,2026-07-27 09:43:16,15751.54
4304,sess_000718,ADD_TO_CART,3,2026-07-27 09:44:12,15751.54
4305,sess_000718,PRODUCT_VIEW,43,2026-07-27 09:45:12,24226.27
4306,sess_000718,ADD_TO_CART,43,2026-07-27 09:45:24,24226.27
4307,sess_000718,CHECKOUT_START,39,2026-07-27 09:46:56,93030.90000000001
4308,sess_000719,PRODUCT_VIEW,25,2026-08-02 12:40:05,11269.93
4309,sess_000719,ADD_TO_CART,25,2026-08-02 12:40:19,11269.93
4310,sess_000719,PRODUCT_VIEW,10,2026-08-02 12:41:07,8490.19
4311,sess_000719,ADD_TO_CART,10,2026-08-02 12:41:28,8490.19
4312,sess_000719,PRODUCT_VIEW,19,2026-08-02 12:43:08,20611.38
4313,sess_000719,ADD_TO_CART,19,2026-08-02 12:43:30,20611.38
4314,sess_000719,PRODUCT_VIEW,33,2026-08-02 12:44:32,10984.48
4315,sess_000719,ADD_TO_CART,33,2026-08-02 12:45:24,10984.48
4316,sess_000719,CHECKOUT_START,25,2026-08-02 12:46:40,51355.979999999996
4317,sess_000720,PRODUCT_VIEW,36,2026-07-22 14:48:05,23638.97
4318,sess_000720,ADD_TO_CART,36,2026-07-22 14:48:18,23638.97
4319,sess_000720,PRODUCT_VIEW,21,2026-07-22 14:48:52,9659.58
4320,sess_000720,ADD_TO_CART,21,2026-07-22 14:49:45,9659.58
4321,sess_000721,PRODUCT_VIEW,7,2026-07-09 13:39:05,23088.42
4322,sess_000721,ADD_TO_CART,7,2026-07-09 13:39:29,23088.42
4323,sess_000721,PRODUCT_VIEW,44,2026-07-09 13:39:49,7783.14
4324,sess_000721,ADD_TO_CART,44,2026-07-09 13:40:23,7783.14
4325,sess_000721,CHECKOUT_START,7,2026-07-09 13:40:43,30871.559999999998
4326,sess_000722,PRODUCT_VIEW,42,2026-07-31 03:11:05,1353.46
4327,sess_000722,ADD_TO_CART,42,2026-07-31 03:11:45,1353.46
4328,sess_000722,CHECKOUT_START,42,2026-07-31 03:13:18,1353.46
4329,sess_000723,PRODUCT_VIEW,31,2026-07-09 16:31:05,17262.47
4330,sess_000723,ADD_TO_CART,31,2026-07-09 16:31:38,17262.47
4331,sess_000723,PRODUCT_VIEW,10,2026-07-09 16:32:26,8490.19
4332,sess_000723,ADD_TO_CART,10,2026-07-09 16:32:45,8490.19
4333,sess_000723,PRODUCT_VIEW,30,2026-07-09 16:33:41,16078.93
4334,sess_000723,ADD_TO_CART,30,2026-07-09 16:34:31,16078.93
4335,sess_000723,PRODUCT_VIEW,35,2026-07-09 16:35:13,33955.92
4336,sess_000723,ADD_TO_CART,35,2026-07-09 16:35:47,33955.92
4337,sess_000723,CHECKOUT_START,31,2026-07-09 16:36:39,75787.51000000001
4338,sess_000724,PRODUCT_VIEW,26,2026-07-13 14:23:05,1741.62
4339,sess_000724,ADD_TO_CART,26,2026-07-13 14:23:55,1741.62
4340,sess_000724,PRODUCT_VIEW,9,2026-07-13 14:25:00,33952.76
4341,sess_000724,ADD_TO_CART,9,2026-07-13 14:25:23,33952.76
4342,sess_000724,CHECKOUT_START,26,2026-07-13 14:26:34,35694.380000000005
4343,sess_000724,PAYMENT_FAILURE,26,2026-07-13 14:27:30,35694.380000000005
4344,sess_000725,PRODUCT_VIEW,9,2026-07-08 11:22:05,33952.76
4345,sess_000725,ADD_TO_CART,9,2026-07-08 11:22:30,33952.76
4346,sess_000725,PRODUCT_VIEW,47,2026-07-08 11:23:17,34979.66
4347,sess_000725,ADD_TO_CART,47,2026-07-08 11:24:12,34979.66
4348,sess_000725,PRODUCT_VIEW,34,2026-07-08 11:24:56,7303.52
4349,sess_000725,ADD_TO_CART,34,2026-07-08 11:25:42,7303.52
4350,sess_000725,PRODUCT_VIEW,14,2026-07-08 11:26:26,21714.55
4351,sess_000725,ADD_TO_CART,14,2026-07-08 11:27:22,21714.55
4352,sess_000725,CHECKOUT_START,9,2026-07-08 11:29:01,97950.49000000002
4353,sess_000725,PAYMENT_FAILURE,9,2026-07-08 11:29:54,97950.49000000002
4354,sess_000725,PAYMENT_FAILURE,9,2026-07-08 11:31:21,97950.49000000002
4355,sess_000726,PRODUCT_VIEW,20,2026-07-26 19:48:05,7441.9
4356,sess_000726,ADD_TO_CART,20,2026-07-26 19:48:18,7441.9
4357,sess_000726,PRODUCT_VIEW,50,2026-07-26 19:49:03,19975.03
4358,sess_000726,ADD_TO_CART,50,2026-07-26 19:49:26,19975.03
4359,sess_000726,PRODUCT_VIEW,40,2026-07-26 19:50:29,17551.46
4360,sess_000726,ADD_TO_CART,40,2026-07-26 19:51:14,17551.46
4361,sess_000726,PRODUCT_VIEW,27,2026-07-26 19:51:54,34536.05
4362,sess_000726,ADD_TO_CART,27,2026-07-26 19:52:46,34536.05
4363,sess_000727,PRODUCT_VIEW,48,2026-07-16 17:35:05,34207.92
4364,sess_000727,ADD_TO_CART,48,2026-07-16 17:36:04,34207.92
4365,sess_000727,PRODUCT_VIEW,44,2026-07-16 17:36:43,7783.14
4366,sess_000727,ADD_TO_CART,44,2026-07-16 17:37:34,7783.14
4367,sess_000727,PRODUCT_VIEW,37,2026-07-16 17:38:45,30424.4
4368,sess_000727,ADD_TO_CART,37,2026-07-16 17:39:31,30424.4
4369,sess_000727,CHECKOUT_START,48,2026-07-16 17:40:16,72415.45999999999
4370,sess_000728,PRODUCT_VIEW,5,2026-07-15 20:10:05,5973.44
4371,sess_000728,ADD_TO_CART,5,2026-07-15 20:10:20,5973.44
4372,sess_000728,CHECKOUT_START,5,2026-07-15 20:10:42,5973.44
4373,sess_000728,PAYMENT_FAILURE,5,2026-07-15 20:11:12,5973.44
4374,sess_000728,PAYMENT_FAILURE,5,2026-07-15 20:12:40,5973.44
4375,sess_000729,PRODUCT_VIEW,14,2026-07-09 12:27:05,21714.55
4376,sess_000729,ADD_TO_CART,14,2026-07-09 12:27:19,21714.55
4377,sess_000729,PRODUCT_VIEW,20,2026-07-09 12:28:25,7441.9
4378,sess_000729,ADD_TO_CART,20,2026-07-09 12:29:14,7441.9
4379,sess_000730,PRODUCT_VIEW,8,2026-07-29 21:10:05,27139.29
4380,sess_000730,ADD_TO_CART,8,2026-07-29 21:10:25,27139.29
4381,sess_000730,PRODUCT_VIEW,35,2026-07-29 21:11:56,33955.92
4382,sess_000730,ADD_TO_CART,35,2026-07-29 21:12:41,33955.92
4383,sess_000730,PRODUCT_VIEW,40,2026-07-29 21:14:21,17551.46
4384,sess_000730,ADD_TO_CART,40,2026-07-29 21:15:01,17551.46
4385,sess_000730,PRODUCT_VIEW,27,2026-07-29 21:15:56,34536.05
4386,sess_000730,ADD_TO_CART,27,2026-07-29 21:16:50,34536.05
4387,sess_000730,CHECKOUT_START,8,2026-07-29 21:17:41,113182.72
4388,sess_000731,PRODUCT_VIEW,11,2026-07-14 23:17:05,6189.77
4389,sess_000731,ADD_TO_CART,11,2026-07-14 23:17:59,6189.77
4390,sess_000731,PRODUCT_VIEW,50,2026-07-14 23:19:05,19975.03
4391,sess_000731,ADD_TO_CART,50,2026-07-14 23:19:43,19975.03
4392,sess_000731,PRODUCT_VIEW,2,2026-07-14 23:21:17,8878.17
4393,sess_000731,ADD_TO_CART,2,2026-07-14 23:22:03,8878.17
4394,sess_000731,PRODUCT_VIEW,38,2026-07-14 23:22:46,24333.81
4395,sess_000731,ADD_TO_CART,38,2026-07-14 23:23:24,24333.81
4396,sess_000731,CHECKOUT_START,11,2026-07-14 23:23:46,59376.78
4397,sess_000731,PAYMENT_FAILURE,11,2026-07-14 23:24:47,59376.78
4398,sess_000731,PAYMENT_FAILURE,11,2026-07-14 23:26:17,59376.78
4399,sess_000732,PRODUCT_VIEW,44,2026-08-05 12:00:05,7783.14
4400,sess_000732,ADD_TO_CART,44,2026-08-05 12:00:22,7783.14
4401,sess_000732,PRODUCT_VIEW,26,2026-08-05 12:01:07,1741.62
4402,sess_000732,ADD_TO_CART,26,2026-08-05 12:01:57,1741.62
4403,sess_000732,PRODUCT_VIEW,10,2026-08-05 12:02:58,8490.19
4404,sess_000732,ADD_TO_CART,10,2026-08-05 12:03:26,8490.19
4405,sess_000732,CHECKOUT_START,44,2026-08-05 12:03:56,18014.95
4406,sess_000733,PRODUCT_VIEW,33,2026-08-02 12:10:05,10984.48
4407,sess_000733,ADD_TO_CART,33,2026-08-02 12:10:48,10984.48
4408,sess_000733,PRODUCT_VIEW,18,2026-08-02 12:11:11,29592.56
4409,sess_000733,ADD_TO_CART,18,2026-08-02 12:11:52,29592.56
4410,sess_000734,PRODUCT_VIEW,3,2026-07-29 15:39:05,15751.54
4411,sess_000734,ADD_TO_CART,3,2026-07-29 15:40:03,15751.54
4412,sess_000734,PRODUCT_VIEW,18,2026-07-29 15:41:21,29592.56
4413,sess_000734,ADD_TO_CART,18,2026-07-29 15:42:13,29592.56
4414,sess_000734,PRODUCT_VIEW,48,2026-07-29 15:42:43,34207.92
4415,sess_000734,ADD_TO_CART,48,2026-07-29 15:43:14,34207.92
4416,sess_000735,PRODUCT_VIEW,45,2026-07-26 17:49:05,13966.49
4417,sess_000735,ADD_TO_CART,45,2026-07-26 17:49:58,13966.49
4418,sess_000735,CHECKOUT_START,45,2026-07-26 17:50:52,13966.49
4419,sess_000736,PRODUCT_VIEW,36,2026-07-16 12:57:05,23638.97
4420,sess_000736,ADD_TO_CART,36,2026-07-16 12:57:33,23638.97
4421,sess_000736,PRODUCT_VIEW,13,2026-07-16 12:58:27,15251.23
4422,sess_000736,ADD_TO_CART,13,2026-07-16 12:58:42,15251.23
4423,sess_000736,PRODUCT_VIEW,32,2026-07-16 12:59:59,5145.04
4424,sess_000736,ADD_TO_CART,32,2026-07-16 13:00:51,5145.04
4425,sess_000737,PRODUCT_VIEW,24,2026-07-13 20:14:05,15990.76
4426,sess_000737,ADD_TO_CART,24,2026-07-13 20:14:24,15990.76
4427,sess_000737,PRODUCT_VIEW,5,2026-07-13 20:15:57,5973.44
4428,sess_000737,ADD_TO_CART,5,2026-07-13 20:16:22,5973.44
4429,sess_000737,CHECKOUT_START,24,2026-07-13 20:16:53,21964.2
4430,sess_000738,PRODUCT_VIEW,10,2026-07-13 12:59:05,8490.19
4431,sess_000738,ADD_TO_CART,10,2026-07-13 12:59:52,8490.19
4432,sess_000739,PRODUCT_VIEW,48,2026-08-04 22:42:05,34207.92
4433,sess_000739,ADD_TO_CART,48,2026-08-04 22:42:26,34207.92
4434,sess_000739,PRODUCT_VIEW,6,2026-08-04 22:42:57,33938.58
4435,sess_000739,ADD_TO_CART,6,2026-08-04 22:43:52,33938.58
4436,sess_000740,PRODUCT_VIEW,31,2026-08-05 11:25:05,17262.47
4437,sess_000740,ADD_TO_CART,31,2026-08-05 11:26:00,17262.47
4438,sess_000740,PRODUCT_VIEW,13,2026-08-05 11:27:23,15251.23
4439,sess_000740,ADD_TO_CART,13,2026-08-05 11:28:11,15251.23
4440,sess_000741,PRODUCT_VIEW,35,2026-08-07 21:55:05,33955.92
4441,sess_000741,ADD_TO_CART,35,2026-08-07 21:55:27,33955.92
4442,sess_000741,PRODUCT_VIEW,37,2026-08-07 21:56:02,30424.4
4443,sess_000741,ADD_TO_CART,37,2026-08-07 21:56:56,30424.4
4444,sess_000741,CHECKOUT_START,35,2026-08-07 21:57:25,64380.32
4445,sess_000742,PRODUCT_VIEW,39,2026-07-26 02:56:05,33078.06
4446,sess_000742,ADD_TO_CART,39,2026-07-26 02:56:55,33078.06
4447,sess_000742,PRODUCT_VIEW,27,2026-07-26 02:57:51,34536.05
4448,sess_000742,ADD_TO_CART,27,2026-07-26 02:58:14,34536.05
4449,sess_000742,PRODUCT_VIEW,33,2026-07-26 02:59:28,10984.48
4450,sess_000742,ADD_TO_CART,33,2026-07-26 02:59:54,10984.48
4451,sess_000743,PRODUCT_VIEW,32,2026-07-14 19:07:05,5145.04
4452,sess_000743,ADD_TO_CART,32,2026-07-14 19:07:37,5145.04
4453,sess_000744,PRODUCT_VIEW,37,2026-07-15 01:36:05,30424.4
4454,sess_000744,ADD_TO_CART,37,2026-07-15 01:36:31,30424.4
4455,sess_000744,CHECKOUT_START,37,2026-07-15 01:37:31,30424.4
4456,sess_000745,PRODUCT_VIEW,15,2026-07-14 07:56:05,6095.52
4457,sess_000745,ADD_TO_CART,15,2026-07-14 07:56:25,6095.52
4458,sess_000745,PRODUCT_VIEW,38,2026-07-14 07:56:50,24333.81
4459,sess_000745,ADD_TO_CART,38,2026-07-14 07:57:44,24333.81
4460,sess_000746,PRODUCT_VIEW,27,2026-07-11 08:46:05,34536.05
4461,sess_000746,ADD_TO_CART,27,2026-07-11 08:46:39,34536.05
4462,sess_000746,PRODUCT_VIEW,2,2026-07-11 08:48:19,8878.17
4463,sess_000746,ADD_TO_CART,2,2026-07-11 08:48:38,8878.17
4464,sess_000746,PRODUCT_VIEW,9,2026-07-11 08:49:49,33952.76
4465,sess_000746,ADD_TO_CART,9,2026-07-11 08:50:22,33952.76
4466,sess_000746,PRODUCT_VIEW,21,2026-07-11 08:50:43,9659.58
4467,sess_000746,ADD_TO_CART,21,2026-07-11 08:51:20,9659.58
4468,sess_000746,CHECKOUT_START,27,2026-07-11 08:52:02,87026.56000000001
4469,sess_000747,PRODUCT_VIEW,13,2026-07-26 08:30:05,15251.23
4470,sess_000747,ADD_TO_CART,13,2026-07-26 08:30:40,15251.23
4471,sess_000747,PRODUCT_VIEW,2,2026-07-26 08:31:20,8878.17
4472,sess_000747,ADD_TO_CART,2,2026-07-26 08:31:49,8878.17
4473,sess_000747,PRODUCT_VIEW,32,2026-07-26 08:33:19,5145.04
4474,sess_000747,ADD_TO_CART,32,2026-07-26 08:33:46,5145.04
4475,sess_000748,PRODUCT_VIEW,5,2026-07-11 19:10:05,5973.44
4476,sess_000748,ADD_TO_CART,5,2026-07-11 19:10:35,5973.44
4477,sess_000748,CHECKOUT_START,5,2026-07-11 19:11:56,5973.44
4478,sess_000749,PRODUCT_VIEW,41,2026-08-01 10:25:05,30450.87
4479,sess_000749,ADD_TO_CART,41,2026-08-01 10:25:55,30450.87
4480,sess_000749,PRODUCT_VIEW,11,2026-08-01 10:26:54,6189.77
4481,sess_000749,ADD_TO_CART,11,2026-08-01 10:27:47,6189.77
4482,sess_000749,PRODUCT_VIEW,22,2026-08-01 10:29:26,18731.11
4483,sess_000749,ADD_TO_CART,22,2026-08-01 10:30:03,18731.11
4484,sess_000750,PRODUCT_VIEW,37,2026-07-15 11:53:05,30424.4
4485,sess_000750,ADD_TO_CART,37,2026-07-15 11:53:16,30424.4
4486,sess_000750,PRODUCT_VIEW,31,2026-07-15 11:54:33,17262.47
4487,sess_000750,ADD_TO_CART,31,2026-07-15 11:55:06,17262.47
4488,sess_000750,PRODUCT_VIEW,5,2026-07-15 11:56:19,5973.44
4489,sess_000750,ADD_TO_CART,5,2026-07-15 11:56:44,5973.44
4490,sess_000750,CHECKOUT_START,37,2026-07-15 11:57:30,53660.310000000005
4491,sess_000751,PRODUCT_VIEW,45,2026-07-09 08:22:05,13966.49
4492,sess_000751,ADD_TO_CART,45,2026-07-09 08:22:35,13966.49
4493,sess_000751,PRODUCT_VIEW,13,2026-07-09 08:24:15,15251.23
4494,sess_000751,ADD_TO_CART,13,2026-07-09 08:25:01,15251.23
4495,sess_000751,PRODUCT_VIEW,9,2026-07-09 08:25:50,33952.76
4496,sess_000751,ADD_TO_CART,9,2026-07-09 08:26:45,33952.76
4497,sess_000751,CHECKOUT_START,45,2026-07-09 08:28:20,63170.48
4498,sess_000752,PRODUCT_VIEW,6,2026-08-07 13:56:05,33938.58
4499,sess_000752,ADD_TO_CART,6,2026-08-07 13:56:44,33938.58
4500,sess_000752,PRODUCT_VIEW,34,2026-08-07 13:58:21,7303.52
4501,sess_000752,ADD_TO_CART,34,2026-08-07 13:59:17,7303.52
4502,sess_000752,PRODUCT_VIEW,32,2026-08-07 14:00:11,5145.04
4503,sess_000752,ADD_TO_CART,32,2026-08-07 14:00:25,5145.04
4504,sess_000752,CHECKOUT_START,6,2026-08-07 14:01:42,46387.14000000001
4505,sess_000753,PRODUCT_VIEW,21,2026-07-11 22:37:05,9659.58
4506,sess_000753,ADD_TO_CART,21,2026-07-11 22:37:37,9659.58
4507,sess_000753,CHECKOUT_START,21,2026-07-11 22:39:16,9659.58
4508,sess_000754,PRODUCT_VIEW,39,2026-07-28 08:05:05,33078.06
4509,sess_000754,ADD_TO_CART,39,2026-07-28 08:05:33,33078.06
4510,sess_000754,PRODUCT_VIEW,8,2026-07-28 08:06:00,27139.29
4511,sess_000754,ADD_TO_CART,8,2026-07-28 08:06:57,27139.29
4512,sess_000754,CHECKOUT_START,39,2026-07-28 08:07:41,60217.35
4513,sess_000754,PAYMENT_FAILURE,39,2026-07-28 08:08:44,60217.35
4514,sess_000754,PAYMENT_FAILURE,39,2026-07-28 08:10:05,60217.35
4515,sess_000754,PAYMENT_FAILURE,39,2026-07-28 08:11:07,60217.35
4516,sess_000755,PRODUCT_VIEW,42,2026-07-30 17:39:05,1353.46
4517,sess_000755,ADD_TO_CART,42,2026-07-30 17:39:56,1353.46
4518,sess_000755,CHECKOUT_START,42,2026-07-30 17:41:09,1353.46
4519,sess_000756,PRODUCT_VIEW,49,2026-07-18 11:35:05,30515.02
4520,sess_000756,ADD_TO_CART,49,2026-07-18 11:35:44,30515.02
4521,sess_000756,PRODUCT_VIEW,21,2026-07-18 11:36:39,9659.58
4522,sess_000756,ADD_TO_CART,21,2026-07-18 11:37:01,9659.58
4523,sess_000756,PRODUCT_VIEW,7,2026-07-18 11:38:38,23088.42
4524,sess_000756,ADD_TO_CART,7,2026-07-18 11:39:17,23088.42
4525,sess_000756,PRODUCT_VIEW,18,2026-07-18 11:40:13,29592.56
4526,sess_000756,ADD_TO_CART,18,2026-07-18 11:40:33,29592.56
4527,sess_000756,CHECKOUT_START,49,2026-07-18 11:42:08,92855.58
4528,sess_000757,PRODUCT_VIEW,47,2026-07-28 05:46:05,34979.66
4529,sess_000757,ADD_TO_CART,47,2026-07-28 05:46:16,34979.66
4530,sess_000757,PRODUCT_VIEW,25,2026-07-28 05:47:56,11269.93
4531,sess_000757,ADD_TO_CART,25,2026-07-28 05:48:33,11269.93
4532,sess_000757,PRODUCT_VIEW,36,2026-07-28 05:49:34,23638.97
4533,sess_000757,ADD_TO_CART,36,2026-07-28 05:50:09,23638.97
4534,sess_000757,CHECKOUT_START,47,2026-07-28 05:50:51,69888.56
4535,sess_000758,PRODUCT_VIEW,32,2026-07-20 05:13:05,5145.04
4536,sess_000758,ADD_TO_CART,32,2026-07-20 05:13:19,5145.04
4537,sess_000758,PRODUCT_VIEW,5,2026-07-20 05:13:56,5973.44
4538,sess_000758,ADD_TO_CART,5,2026-07-20 05:14:15,5973.44
4539,sess_000758,CHECKOUT_START,32,2026-07-20 05:14:48,11118.48
4540,sess_000759,PRODUCT_VIEW,49,2026-07-27 13:05:05,30515.02
4541,sess_000759,ADD_TO_CART,49,2026-07-27 13:05:40,30515.02
4542,sess_000759,PRODUCT_VIEW,5,2026-07-27 13:07:09,5973.44
4543,sess_000759,ADD_TO_CART,5,2026-07-27 13:07:22,5973.44
4544,sess_000759,PRODUCT_VIEW,32,2026-07-27 13:08:49,5145.04
4545,sess_000759,ADD_TO_CART,32,2026-07-27 13:09:25,5145.04
4546,sess_000760,PRODUCT_VIEW,42,2026-08-02 20:41:05,1353.46
4547,sess_000760,ADD_TO_CART,42,2026-08-02 20:41:58,1353.46
4548,sess_000760,CHECKOUT_START,42,2026-08-02 20:43:29,1353.46
4549,sess_000761,PRODUCT_VIEW,21,2026-07-31 16:41:05,9659.58
4550,sess_000761,ADD_TO_CART,21,2026-07-31 16:41:55,9659.58
4551,sess_000761,PRODUCT_VIEW,25,2026-07-31 16:43:05,11269.93
4552,sess_000761,ADD_TO_CART,25,2026-07-31 16:43:16,11269.93
4553,sess_000761,PRODUCT_VIEW,49,2026-07-31 16:44:41,30515.02
4554,sess_000761,ADD_TO_CART,49,2026-07-31 16:45:39,30515.02
4555,sess_000762,PRODUCT_VIEW,38,2026-08-01 04:30:05,24333.81
4556,sess_000762,ADD_TO_CART,38,2026-08-01 04:30:15,24333.81
4557,sess_000762,PRODUCT_VIEW,32,2026-08-01 04:31:19,5145.04
4558,sess_000762,ADD_TO_CART,32,2026-08-01 04:32:13,5145.04
4559,sess_000763,PRODUCT_VIEW,36,2026-07-22 00:22:05,23638.97
4560,sess_000763,ADD_TO_CART,36,2026-07-22 00:22:39,23638.97
4561,sess_000763,PRODUCT_VIEW,24,2026-07-22 00:23:19,15990.76
4562,sess_000763,ADD_TO_CART,24,2026-07-22 00:23:41,15990.76
4563,sess_000763,PRODUCT_VIEW,33,2026-07-22 00:25:18,10984.48
4564,sess_000763,ADD_TO_CART,33,2026-07-22 00:25:44,10984.48
4565,sess_000763,CHECKOUT_START,36,2026-07-22 00:26:46,50614.21000000001
4566,sess_000764,PRODUCT_VIEW,14,2026-07-29 09:13:05,21714.55
4567,sess_000764,ADD_TO_CART,14,2026-07-29 09:13:39,21714.55
4568,sess_000764,PRODUCT_VIEW,12,2026-07-29 09:14:12,11993.35
4569,sess_000764,ADD_TO_CART,12,2026-07-29 09:15:09,11993.35
4570,sess_000764,PRODUCT_VIEW,8,2026-07-29 09:15:55,27139.29
4571,sess_000764,ADD_TO_CART,8,2026-07-29 09:16:17,27139.29
4572,sess_000764,PRODUCT_VIEW,3,2026-07-29 09:17:49,15751.54
4573,sess_000764,ADD_TO_CART,3,2026-07-29 09:18:46,15751.54
4574,sess_000764,CHECKOUT_START,14,2026-07-29 09:19:44,76598.73000000001
4575,sess_000765,PRODUCT_VIEW,37,2026-07-24 22:46:05,30424.4
4576,sess_000765,ADD_TO_CART,37,2026-07-24 22:46:28,30424.4
4577,sess_000765,PRODUCT_VIEW,17,2026-07-24 22:47:53,23333.68
4578,sess_000765,ADD_TO_CART,17,2026-07-24 22:48:04,23333.68
4579,sess_000766,PRODUCT_VIEW,32,2026-07-23 11:22:05,5145.04
4580,sess_000766,ADD_TO_CART,32,2026-07-23 11:22:50,5145.04
4581,sess_000766,PRODUCT_VIEW,31,2026-07-23 11:24:26,17262.47
4582,sess_000766,ADD_TO_CART,31,2026-07-23 11:24:54,17262.47
4583,sess_000766,CHECKOUT_START,32,2026-07-23 11:25:45,22407.510000000002
4584,sess_000767,PRODUCT_VIEW,20,2026-08-07 03:29:05,7441.9
4585,sess_000767,ADD_TO_CART,20,2026-08-07 03:29:43,7441.9
4586,sess_000767,CHECKOUT_START,20,2026-08-07 03:30:51,7441.9
4587,sess_000768,PRODUCT_VIEW,18,2026-08-01 02:35:05,29592.56
4588,sess_000768,ADD_TO_CART,18,2026-08-01 02:35:41,29592.56
4589,sess_000768,CHECKOUT_START,18,2026-08-01 02:36:03,29592.56
4590,sess_000769,PRODUCT_VIEW,31,2026-07-24 17:38:05,17262.47
4591,sess_000769,ADD_TO_CART,31,2026-07-24 17:38:26,17262.47
4592,sess_000770,PRODUCT_VIEW,5,2026-08-07 00:38:05,5973.44
4593,sess_000770,ADD_TO_CART,5,2026-08-07 00:38:58,5973.44
4594,sess_000770,PRODUCT_VIEW,26,2026-08-07 00:40:06,1741.62
4595,sess_000770,ADD_TO_CART,26,2026-08-07 00:40:17,1741.62
4596,sess_000770,CHECKOUT_START,5,2026-08-07 00:40:41,7715.0599999999995
4597,sess_000771,PRODUCT_VIEW,46,2026-08-07 04:56:05,3997.88
4598,sess_000771,ADD_TO_CART,46,2026-08-07 04:56:45,3997.88
4599,sess_000771,PRODUCT_VIEW,19,2026-08-07 04:57:30,20611.38
4600,sess_000771,ADD_TO_CART,19,2026-08-07 04:57:57,20611.38
4601,sess_000771,PRODUCT_VIEW,47,2026-08-07 04:58:20,34979.66
4602,sess_000771,ADD_TO_CART,47,2026-08-07 04:59:12,34979.66
4603,sess_000771,CHECKOUT_START,46,2026-08-07 05:00:06,59588.920000000006
4604,sess_000772,PRODUCT_VIEW,36,2026-08-07 02:26:05,23638.97
4605,sess_000772,ADD_TO_CART,36,2026-08-07 02:27:00,23638.97
4606,sess_000772,PRODUCT_VIEW,45,2026-08-07 02:27:26,13966.49
4607,sess_000772,ADD_TO_CART,45,2026-08-07 02:27:54,13966.49
4608,sess_000772,PRODUCT_VIEW,32,2026-08-07 02:29:00,5145.04
4609,sess_000772,ADD_TO_CART,32,2026-08-07 02:29:15,5145.04
4610,sess_000772,PRODUCT_VIEW,15,2026-08-07 02:30:51,6095.52
4611,sess_000772,ADD_TO_CART,15,2026-08-07 02:31:24,6095.52
4612,sess_000773,PRODUCT_VIEW,27,2026-07-21 06:10:05,34536.05
4613,sess_000773,ADD_TO_CART,27,2026-07-21 06:10:40,34536.05
4614,sess_000773,PRODUCT_VIEW,12,2026-07-21 06:11:47,11993.35
4615,sess_000773,ADD_TO_CART,12,2026-07-21 06:12:26,11993.35
4616,sess_000773,PRODUCT_VIEW,38,2026-07-21 06:13:30,24333.81
4617,sess_000773,ADD_TO_CART,38,2026-07-21 06:14:29,24333.81
4618,sess_000774,PRODUCT_VIEW,22,2026-07-08 09:53:05,18731.11
4619,sess_000774,ADD_TO_CART,22,2026-07-08 09:53:56,18731.11
4620,sess_000774,PRODUCT_VIEW,23,2026-07-08 09:55:15,1664.26
4621,sess_000774,ADD_TO_CART,23,2026-07-08 09:55:53,1664.26
4622,sess_000774,CHECKOUT_START,22,2026-07-08 09:57:22,20395.37
4623,sess_000775,PRODUCT_VIEW,14,2026-07-22 03:17:05,21714.55
4624,sess_000775,ADD_TO_CART,14,2026-07-22 03:17:40,21714.55
4625,sess_000775,PRODUCT_VIEW,45,2026-07-22 03:18:10,13966.49
4626,sess_000775,ADD_TO_CART,45,2026-07-22 03:18:46,13966.49
4627,sess_000775,CHECKOUT_START,14,2026-07-22 03:19:20,35681.04
4628,sess_000776,PRODUCT_VIEW,48,2026-08-07 15:56:05,34207.92
4629,sess_000776,ADD_TO_CART,48,2026-08-07 15:56:58,34207.92
4630,sess_000776,PRODUCT_VIEW,15,2026-08-07 15:58:00,6095.52
4631,sess_000776,ADD_TO_CART,15,2026-08-07 15:58:41,6095.52
4632,sess_000777,PRODUCT_VIEW,45,2026-07-17 11:13:05,13966.49
4633,sess_000777,ADD_TO_CART,45,2026-07-17 11:13:55,13966.49
4634,sess_000777,PRODUCT_VIEW,49,2026-07-17 11:15:13,30515.02
4635,sess_000777,ADD_TO_CART,49,2026-07-17 11:15:32,30515.02
4636,sess_000777,PRODUCT_VIEW,7,2026-07-17 11:16:16,23088.42
4637,sess_000777,ADD_TO_CART,7,2026-07-17 11:17:11,23088.42
4638,sess_000777,PRODUCT_VIEW,15,2026-07-17 11:17:31,6095.52
4639,sess_000777,ADD_TO_CART,15,2026-07-17 11:18:31,6095.52
4640,sess_000777,CHECKOUT_START,45,2026-07-17 11:19:55,73665.45
4641,sess_000778,PRODUCT_VIEW,35,2026-07-08 14:10:05,33955.92
4642,sess_000778,ADD_TO_CART,35,2026-07-08 14:10:21,33955.92
4643,sess_000778,PRODUCT_VIEW,41,2026-07-08 14:11:05,30450.87
4644,sess_000778,ADD_TO_CART,41,2026-07-08 14:11:16,30450.87
4645,sess_000778,CHECKOUT_START,35,2026-07-08 14:11:38,64406.78999999999
4646,sess_000779,PRODUCT_VIEW,8,2026-07-14 01:24:05,27139.29
4647,sess_000779,ADD_TO_CART,8,2026-07-14 01:24:40,27139.29
4648,sess_000779,PRODUCT_VIEW,28,2026-07-14 01:25:01,470.42
4649,sess_000779,ADD_TO_CART,28,2026-07-14 01:25:55,470.42
4650,sess_000779,PRODUCT_VIEW,23,2026-07-14 01:27:31,1664.26
4651,sess_000779,ADD_TO_CART,23,2026-07-14 01:28:00,1664.26
4652,sess_000779,PRODUCT_VIEW,43,2026-07-14 01:29:03,24226.27
4653,sess_000779,ADD_TO_CART,43,2026-07-14 01:29:37,24226.27
4654,sess_000779,CHECKOUT_START,8,2026-07-14 01:30:44,53500.24
4655,sess_000780,PRODUCT_VIEW,3,2026-07-19 04:22:05,15751.54
4656,sess_000780,ADD_TO_CART,3,2026-07-19 04:22:16,15751.54
4657,sess_000780,PRODUCT_VIEW,32,2026-07-19 04:23:08,5145.04
4658,sess_000780,ADD_TO_CART,32,2026-07-19 04:24:02,5145.04
4659,sess_000780,PRODUCT_VIEW,21,2026-07-19 04:25:22,9659.58
4660,sess_000780,ADD_TO_CART,21,2026-07-19 04:25:56,9659.58
4661,sess_000780,PRODUCT_VIEW,23,2026-07-19 04:27:24,1664.26
4662,sess_000780,ADD_TO_CART,23,2026-07-19 04:28:23,1664.26
4663,sess_000781,PRODUCT_VIEW,17,2026-07-26 23:18:05,23333.68
4664,sess_000781,ADD_TO_CART,17,2026-07-26 23:19:01,23333.68
4665,sess_000781,PRODUCT_VIEW,35,2026-07-26 23:20:41,33955.92
4666,sess_000781,ADD_TO_CART,35,2026-07-26 23:20:57,33955.92
4667,sess_000781,PRODUCT_VIEW,6,2026-07-26 23:22:15,33938.58
4668,sess_000781,ADD_TO_CART,6,2026-07-26 23:22:49,33938.58
4669,sess_000781,PRODUCT_VIEW,16,2026-07-26 23:23:52,1571.54
4670,sess_000781,ADD_TO_CART,16,2026-07-26 23:24:17,1571.54
4671,sess_000781,CHECKOUT_START,17,2026-07-26 23:25:54,92799.71999999999
4672,sess_000782,PRODUCT_VIEW,38,2026-07-19 10:37:05,24333.81
4673,sess_000782,ADD_TO_CART,38,2026-07-19 10:38:04,24333.81
4674,sess_000782,PRODUCT_VIEW,44,2026-07-19 10:38:27,7783.14
4675,sess_000782,ADD_TO_CART,44,2026-07-19 10:39:09,7783.14
4676,sess_000783,PRODUCT_VIEW,17,2026-07-20 11:23:05,23333.68
4677,sess_000783,ADD_TO_CART,17,2026-07-20 11:23:52,23333.68
4678,sess_000784,PRODUCT_VIEW,28,2026-07-11 19:04:05,470.42
4679,sess_000784,ADD_TO_CART,28,2026-07-11 19:04:24,470.42
4680,sess_000784,PRODUCT_VIEW,8,2026-07-11 19:04:53,27139.29
4681,sess_000784,ADD_TO_CART,8,2026-07-11 19:05:15,27139.29
4682,sess_000784,PRODUCT_VIEW,44,2026-07-11 19:06:36,7783.14
4683,sess_000784,ADD_TO_CART,44,2026-07-11 19:07:17,7783.14
4684,sess_000784,CHECKOUT_START,28,2026-07-11 19:08:08,35392.85
4685,sess_000785,PRODUCT_VIEW,15,2026-07-29 18:23:05,6095.52
4686,sess_000785,ADD_TO_CART,15,2026-07-29 18:23:22,6095.52
4687,sess_000785,PRODUCT_VIEW,46,2026-07-29 18:23:54,3997.88
4688,sess_000785,ADD_TO_CART,46,2026-07-29 18:24:14,3997.88
4689,sess_000785,PRODUCT_VIEW,29,2026-07-29 18:24:51,22477.1
4690,sess_000785,ADD_TO_CART,29,2026-07-29 18:25:09,22477.1
4691,sess_000785,PRODUCT_VIEW,45,2026-07-29 18:26:46,13966.49
4692,sess_000785,ADD_TO_CART,45,2026-07-29 18:27:32,13966.49
4693,sess_000785,CHECKOUT_START,15,2026-07-29 18:27:55,46536.99
4694,sess_000786,PRODUCT_VIEW,31,2026-07-16 06:42:05,17262.47
4695,sess_000786,ADD_TO_CART,31,2026-07-16 06:42:50,17262.47
4696,sess_000786,PRODUCT_VIEW,3,2026-07-16 06:44:04,15751.54
4697,sess_000786,ADD_TO_CART,3,2026-07-16 06:44:18,15751.54
4698,sess_000786,PRODUCT_VIEW,18,2026-07-16 06:44:46,29592.56
4699,sess_000786,ADD_TO_CART,18,2026-07-16 06:45:01,29592.56
4700,sess_000786,PRODUCT_VIEW,28,2026-07-16 06:45:54,470.42
4701,sess_000786,ADD_TO_CART,28,2026-07-16 06:46:46,470.42
4702,sess_000786,CHECKOUT_START,31,2026-07-16 06:47:51,63076.990000000005
4703,sess_000786,PAYMENT_FAILURE,31,2026-07-16 06:48:51,63076.990000000005
4704,sess_000786,PAYMENT_FAILURE,31,2026-07-16 06:49:46,63076.990000000005
4705,sess_000787,PRODUCT_VIEW,36,2026-08-05 05:09:05,23638.97
4706,sess_000787,ADD_TO_CART,36,2026-08-05 05:09:19,23638.97
4707,sess_000787,PRODUCT_VIEW,17,2026-08-05 05:10:02,23333.68
4708,sess_000787,ADD_TO_CART,17,2026-08-05 05:10:49,23333.68
4709,sess_000787,PRODUCT_VIEW,31,2026-08-05 05:12:01,17262.47
4710,sess_000787,ADD_TO_CART,31,2026-08-05 05:12:18,17262.47
4711,sess_000787,CHECKOUT_START,36,2026-08-05 05:13:49,64235.12
4712,sess_000788,PRODUCT_VIEW,8,2026-07-15 00:41:05,27139.29
4713,sess_000788,ADD_TO_CART,8,2026-07-15 00:41:48,27139.29
4714,sess_000788,CHECKOUT_START,8,2026-07-15 00:42:42,27139.29
4715,sess_000788,PAYMENT_FAILURE,8,2026-07-15 00:43:49,27139.29
4716,sess_000789,PRODUCT_VIEW,13,2026-07-09 16:18:05,15251.23
4717,sess_000789,ADD_TO_CART,13,2026-07-09 16:18:45,15251.23
4718,sess_000789,PRODUCT_VIEW,43,2026-07-09 16:20:06,24226.27
4719,sess_000789,ADD_TO_CART,43,2026-07-09 16:20:46,24226.27
4720,sess_000790,PRODUCT_VIEW,31,2026-07-17 20:17:05,17262.47
4721,sess_000790,ADD_TO_CART,31,2026-07-17 20:17:47,17262.47
4722,sess_000790,CHECKOUT_START,31,2026-07-17 20:18:16,17262.47
4723,sess_000791,PRODUCT_VIEW,27,2026-07-18 12:17:05,34536.05
4724,sess_000791,ADD_TO_CART,27,2026-07-18 12:17:42,34536.05
4725,sess_000791,PRODUCT_VIEW,4,2026-07-18 12:18:07,12764.76
4726,sess_000791,ADD_TO_CART,4,2026-07-18 12:18:37,12764.76
4727,sess_000791,PRODUCT_VIEW,49,2026-07-18 12:19:47,30515.02
4728,sess_000791,ADD_TO_CART,49,2026-07-18 12:19:58,30515.02
4729,sess_000792,PRODUCT_VIEW,16,2026-07-12 16:57:05,1571.54
4730,sess_000792,ADD_TO_CART,16,2026-07-12 16:57:48,1571.54
4731,sess_000792,PRODUCT_VIEW,39,2026-07-12 16:58:44,33078.06
4732,sess_000792,ADD_TO_CART,39,2026-07-12 16:59:25,33078.06
4733,sess_000792,CHECKOUT_START,16,2026-07-12 16:59:54,34649.6
4734,sess_000792,PAYMENT_FAILURE,16,2026-07-12 17:00:51,34649.6
4735,sess_000793,PRODUCT_VIEW,18,2026-07-10 19:39:05,29592.56
4736,sess_000793,ADD_TO_CART,18,2026-07-10 19:39:56,29592.56
4737,sess_000793,PRODUCT_VIEW,26,2026-07-10 19:40:59,1741.62
4738,sess_000793,ADD_TO_CART,26,2026-07-10 19:41:28,1741.62
4739,sess_000793,PRODUCT_VIEW,30,2026-07-10 19:42:56,16078.93
4740,sess_000793,ADD_TO_CART,30,2026-07-10 19:43:44,16078.93
4741,sess_000793,CHECKOUT_START,18,2026-07-10 19:44:45,47413.11
4742,sess_000794,PRODUCT_VIEW,22,2026-07-14 01:08:05,18731.11
4743,sess_000794,ADD_TO_CART,22,2026-07-14 01:08:36,18731.11
4744,sess_000794,PRODUCT_VIEW,6,2026-07-14 01:10:04,33938.58
4745,sess_000794,ADD_TO_CART,6,2026-07-14 01:10:47,33938.58
4746,sess_000794,PRODUCT_VIEW,45,2026-07-14 01:12:25,13966.49
4747,sess_000794,ADD_TO_CART,45,2026-07-14 01:13:15,13966.49
4748,sess_000794,PRODUCT_VIEW,32,2026-07-14 01:13:43,5145.04
4749,sess_000794,ADD_TO_CART,32,2026-07-14 01:14:09,5145.04
4750,sess_000794,CHECKOUT_START,22,2026-07-14 01:15:49,71781.22
4751,sess_000795,PRODUCT_VIEW,20,2026-07-09 13:34:05,7441.9
4752,sess_000795,ADD_TO_CART,20,2026-07-09 13:34:48,7441.9
4753,sess_000795,PRODUCT_VIEW,13,2026-07-09 13:36:00,15251.23
4754,sess_000795,ADD_TO_CART,13,2026-07-09 13:36:27,15251.23
4755,sess_000795,PRODUCT_VIEW,22,2026-07-09 13:37:20,18731.11
4756,sess_000795,ADD_TO_CART,22,2026-07-09 13:38:08,18731.11
4757,sess_000795,CHECKOUT_START,20,2026-07-09 13:39:22,41424.24
4758,sess_000796,PRODUCT_VIEW,46,2026-07-14 01:08:05,3997.88
4759,sess_000796,ADD_TO_CART,46,2026-07-14 01:08:35,3997.88
4760,sess_000796,PRODUCT_VIEW,35,2026-07-14 01:09:21,33955.92
4761,sess_000796,ADD_TO_CART,35,2026-07-14 01:10:00,33955.92
4762,sess_000796,PRODUCT_VIEW,36,2026-07-14 01:11:34,23638.97
4763,sess_000796,ADD_TO_CART,36,2026-07-14 01:12:17,23638.97
4764,sess_000797,PRODUCT_VIEW,16,2026-07-19 03:00:05,1571.54
4765,sess_000797,ADD_TO_CART,16,2026-07-19 03:01:00,1571.54
4766,sess_000797,PRODUCT_VIEW,26,2026-07-19 03:01:54,1741.62
4767,sess_000797,ADD_TO_CART,26,2026-07-19 03:02:40,1741.62
4768,sess_000797,PRODUCT_VIEW,31,2026-07-19 03:03:58,17262.47
4769,sess_000797,ADD_TO_CART,31,2026-07-19 03:04:42,17262.47
4770,sess_000797,CHECKOUT_START,16,2026-07-19 03:05:45,20575.63
4771,sess_000798,PRODUCT_VIEW,13,2026-07-26 05:50:05,15251.23
4772,sess_000798,ADD_TO_CART,13,2026-07-26 05:50:31,15251.23
4773,sess_000798,CHECKOUT_START,13,2026-07-26 05:51:54,15251.23
4774,sess_000799,PRODUCT_VIEW,28,2026-07-30 22:53:05,470.42
4775,sess_000799,ADD_TO_CART,28,2026-07-30 22:53:23,470.42
4776,sess_000799,PRODUCT_VIEW,25,2026-07-30 22:54:06,11269.93
4777,sess_000799,ADD_TO_CART,25,2026-07-30 22:54:23,11269.93
4778,sess_000799,PRODUCT_VIEW,21,2026-07-30 22:55:29,9659.58
4779,sess_000799,ADD_TO_CART,21,2026-07-30 22:56:27,9659.58
4780,sess_000799,PRODUCT_VIEW,8,2026-07-30 22:56:53,27139.29
4781,sess_000799,ADD_TO_CART,8,2026-07-30 22:57:05,27139.29
4782,sess_000799,CHECKOUT_START,28,2026-07-30 22:57:33,48539.22
4783,sess_000800,PRODUCT_VIEW,8,2026-07-15 01:11:05,27139.29
4784,sess_000800,ADD_TO_CART,8,2026-07-15 01:11:36,27139.29
4785,sess_000800,CHECKOUT_START,8,2026-07-15 01:13:15,27139.29
4786,sess_000800,PAYMENT_FAILURE,8,2026-07-15 01:14:31,27139.29
4787,sess_000801,PRODUCT_VIEW,10,2026-07-19 04:01:05,8490.19
4788,sess_000801,ADD_TO_CART,10,2026-07-19 04:01:50,8490.19
4789,sess_000801,PRODUCT_VIEW,2,2026-07-19 04:03:24,8878.17
4790,sess_000801,ADD_TO_CART,2,2026-07-19 04:03:54,8878.17
4791,sess_000801,CHECKOUT_START,10,2026-07-19 04:04:42,17368.36
4792,sess_000801,PAYMENT_FAILURE,10,2026-07-19 04:05:22,17368.36
4793,sess_000801,PAYMENT_FAILURE,10,2026-07-19 04:06:43,17368.36
4794,sess_000802,PRODUCT_VIEW,8,2026-08-02 21:31:05,27139.29
4795,sess_000802,ADD_TO_CART,8,2026-08-02 21:31:29,27139.29
4796,sess_000802,PRODUCT_VIEW,7,2026-08-02 21:32:19,23088.42
4797,sess_000802,ADD_TO_CART,7,2026-08-02 21:32:58,23088.42
4798,sess_000802,PRODUCT_VIEW,16,2026-08-02 21:34:36,1571.54
4799,sess_000802,ADD_TO_CART,16,2026-08-02 21:34:56,1571.54
4800,sess_000802,PRODUCT_VIEW,27,2026-08-02 21:35:38,34536.05
4801,sess_000802,ADD_TO_CART,27,2026-08-02 21:36:02,34536.05
4802,sess_000802,CHECKOUT_START,8,2026-08-02 21:36:57,86335.3
4803,sess_000803,PRODUCT_VIEW,14,2026-07-20 04:09:05,21714.55
4804,sess_000803,ADD_TO_CART,14,2026-07-20 04:09:41,21714.55
4805,sess_000803,PRODUCT_VIEW,15,2026-07-20 04:10:57,6095.52
4806,sess_000803,ADD_TO_CART,15,2026-07-20 04:11:35,6095.52
4807,sess_000803,PRODUCT_VIEW,7,2026-07-20 04:12:14,23088.42
4808,sess_000803,ADD_TO_CART,7,2026-07-20 04:13:11,23088.42
4809,sess_000803,PRODUCT_VIEW,6,2026-07-20 04:14:20,33938.58
4810,sess_000803,ADD_TO_CART,6,2026-07-20 04:15:09,33938.58
4811,sess_000804,PRODUCT_VIEW,32,2026-07-13 06:44:05,5145.04
4812,sess_000804,ADD_TO_CART,32,2026-07-13 06:44:47,5145.04
4813,sess_000804,CHECKOUT_START,32,2026-07-13 06:46:25,5145.04
4814,sess_000805,PRODUCT_VIEW,11,2026-08-05 04:07:05,6189.77
4815,sess_000805,ADD_TO_CART,11,2026-08-05 04:07:37,6189.77
4816,sess_000805,PRODUCT_VIEW,26,2026-08-05 04:08:48,1741.62
4817,sess_000805,ADD_TO_CART,26,2026-08-05 04:09:15,1741.62
4818,sess_000805,PRODUCT_VIEW,14,2026-08-05 04:10:06,21714.55
4819,sess_000805,ADD_TO_CART,14,2026-08-05 04:11:01,21714.55
4820,sess_000805,PRODUCT_VIEW,21,2026-08-05 04:11:58,9659.58
4821,sess_000805,ADD_TO_CART,21,2026-08-05 04:12:22,9659.58
4822,sess_000806,PRODUCT_VIEW,37,2026-07-16 22:25:05,30424.4
4823,sess_000806,ADD_TO_CART,37,2026-07-16 22:25:16,30424.4
4824,sess_000806,PRODUCT_VIEW,23,2026-07-16 22:26:38,1664.26
4825,sess_000806,ADD_TO_CART,23,2026-07-16 22:27:15,1664.26
4826,sess_000806,PRODUCT_VIEW,24,2026-07-16 22:28:32,15990.76
4827,sess_000806,ADD_TO_CART,24,2026-07-16 22:29:09,15990.76
4828,sess_000806,PRODUCT_VIEW,25,2026-07-16 22:29:40,11269.93
4829,sess_000806,ADD_TO_CART,25,2026-07-16 22:30:17,11269.93
4830,sess_000806,CHECKOUT_START,37,2026-07-16 22:31:09,59349.35
4831,sess_000807,PRODUCT_VIEW,25,2026-08-02 18:52:05,11269.93
4832,sess_000807,ADD_TO_CART,25,2026-08-02 18:52:38,11269.93
4833,sess_000807,CHECKOUT_START,25,2026-08-02 18:53:04,11269.93
4834,sess_000808,PRODUCT_VIEW,29,2026-07-19 00:53:05,22477.1
4835,sess_000808,ADD_TO_CART,29,2026-07-19 00:53:24,22477.1
4836,sess_000808,PRODUCT_VIEW,10,2026-07-19 00:54:39,8490.19
4837,sess_000808,ADD_TO_CART,10,2026-07-19 00:55:06,8490.19
4838,sess_000808,PRODUCT_VIEW,19,2026-07-19 00:55:49,20611.38
4839,sess_000808,ADD_TO_CART,19,2026-07-19 00:56:13,20611.38
4840,sess_000808,CHECKOUT_START,29,2026-07-19 00:57:25,51578.67
4841,sess_000809,PRODUCT_VIEW,11,2026-08-06 05:05:05,6189.77
4842,sess_000809,ADD_TO_CART,11,2026-08-06 05:05:53,6189.77
4843,sess_000809,PRODUCT_VIEW,16,2026-08-06 05:06:22,1571.54
4844,sess_000809,ADD_TO_CART,16,2026-08-06 05:06:36,1571.54
4845,sess_000809,PRODUCT_VIEW,2,2026-08-06 05:07:08,8878.17
4846,sess_000809,ADD_TO_CART,2,2026-08-06 05:07:35,8878.17
4847,sess_000809,PRODUCT_VIEW,13,2026-08-06 05:08:17,15251.23
4848,sess_000809,ADD_TO_CART,13,2026-08-06 05:09:01,15251.23
4849,sess_000809,CHECKOUT_START,11,2026-08-06 05:09:36,31890.71
4850,sess_000810,PRODUCT_VIEW,33,2026-07-21 18:15:05,10984.48
4851,sess_000810,ADD_TO_CART,33,2026-07-21 18:15:40,10984.48
4852,sess_000810,PRODUCT_VIEW,2,2026-07-21 18:16:17,8878.17
4853,sess_000810,ADD_TO_CART,2,2026-07-21 18:16:37,8878.17
4854,sess_000810,PRODUCT_VIEW,4,2026-07-21 18:17:03,12764.76
4855,sess_000810,ADD_TO_CART,4,2026-07-21 18:17:43,12764.76
4856,sess_000810,CHECKOUT_START,33,2026-07-21 18:18:22,32627.410000000003
4857,sess_000810,PAYMENT_FAILURE,33,2026-07-21 18:19:46,32627.410000000003
4858,sess_000811,PRODUCT_VIEW,41,2026-07-31 09:06:05,30450.87
4859,sess_000811,ADD_TO_CART,41,2026-07-31 09:07:03,30450.87
4860,sess_000811,PRODUCT_VIEW,39,2026-07-31 09:07:28,33078.06
4861,sess_000811,ADD_TO_CART,39,2026-07-31 09:07:42,33078.06
4862,sess_000811,CHECKOUT_START,41,2026-07-31 09:08:50,63528.92999999999
4863,sess_000811,PAYMENT_FAILURE,41,2026-07-31 09:09:28,63528.92999999999
4864,sess_000811,PAYMENT_FAILURE,41,2026-07-31 09:09:58,63528.92999999999
4865,sess_000811,PAYMENT_FAILURE,41,2026-07-31 09:10:46,63528.92999999999
4866,sess_000812,PRODUCT_VIEW,49,2026-07-21 10:50:05,30515.02
4867,sess_000812,ADD_TO_CART,49,2026-07-21 10:50:25,30515.02
4868,sess_000812,PRODUCT_VIEW,17,2026-07-21 10:51:49,23333.68
4869,sess_000812,ADD_TO_CART,17,2026-07-21 10:52:30,23333.68
4870,sess_000812,PRODUCT_VIEW,34,2026-07-21 10:53:06,7303.52
4871,sess_000812,ADD_TO_CART,34,2026-07-21 10:53:18,7303.52
4872,sess_000812,PRODUCT_VIEW,27,2026-07-21 10:54:04,34536.05
4873,sess_000812,ADD_TO_CART,27,2026-07-21 10:54:18,34536.05
4874,sess_000812,CHECKOUT_START,49,2026-07-21 10:55:54,95688.27
4875,sess_000813,PRODUCT_VIEW,13,2026-07-26 14:24:05,15251.23
4876,sess_000813,ADD_TO_CART,13,2026-07-26 14:24:42,15251.23
4877,sess_000813,PRODUCT_VIEW,49,2026-07-26 14:25:20,30515.02
4878,sess_000813,ADD_TO_CART,49,2026-07-26 14:25:58,30515.02
4879,sess_000813,PRODUCT_VIEW,2,2026-07-26 14:27:33,8878.17
4880,sess_000813,ADD_TO_CART,2,2026-07-26 14:28:33,8878.17
4881,sess_000813,PRODUCT_VIEW,14,2026-07-26 14:29:10,21714.55
4882,sess_000813,ADD_TO_CART,14,2026-07-26 14:30:01,21714.55
4883,sess_000813,CHECKOUT_START,13,2026-07-26 14:30:59,76358.97
4884,sess_000814,PRODUCT_VIEW,24,2026-07-24 16:00:05,15990.76
4885,sess_000814,ADD_TO_CART,24,2026-07-24 16:00:41,15990.76
4886,sess_000814,PRODUCT_VIEW,14,2026-07-24 16:01:07,21714.55
4887,sess_000814,ADD_TO_CART,14,2026-07-24 16:01:32,21714.55
4888,sess_000814,PRODUCT_VIEW,30,2026-07-24 16:02:10,16078.93
4889,sess_000814,ADD_TO_CART,30,2026-07-24 16:03:00,16078.93
4890,sess_000814,PRODUCT_VIEW,9,2026-07-24 16:03:32,33952.76
4891,sess_000814,ADD_TO_CART,9,2026-07-24 16:04:00,33952.76
4892,sess_000814,CHECKOUT_START,24,2026-07-24 16:05:07,87737.0
4893,sess_000815,PRODUCT_VIEW,23,2026-07-18 09:50:05,1664.26
4894,sess_000815,ADD_TO_CART,23,2026-07-18 09:50:45,1664.26
4895,sess_000815,PRODUCT_VIEW,33,2026-07-18 09:51:10,10984.48
4896,sess_000815,ADD_TO_CART,33,2026-07-18 09:51:50,10984.48
4897,sess_000815,PRODUCT_VIEW,36,2026-07-18 09:52:18,23638.97
4898,sess_000815,ADD_TO_CART,36,2026-07-18 09:52:50,23638.97
4899,sess_000816,PRODUCT_VIEW,41,2026-07-15 05:27:05,30450.87
4900,sess_000816,ADD_TO_CART,41,2026-07-15 05:27:38,30450.87
4901,sess_000816,PRODUCT_VIEW,34,2026-07-15 05:28:01,7303.52
4902,sess_000816,ADD_TO_CART,34,2026-07-15 05:28:39,7303.52
4903,sess_000816,CHECKOUT_START,41,2026-07-15 05:29:50,37754.39
4904,sess_000817,PRODUCT_VIEW,28,2026-07-27 22:53:05,470.42
4905,sess_000817,ADD_TO_CART,28,2026-07-27 22:53:57,470.42
4906,sess_000817,PRODUCT_VIEW,49,2026-07-27 22:55:27,30515.02
4907,sess_000817,ADD_TO_CART,49,2026-07-27 22:56:23,30515.02
4908,sess_000817,PRODUCT_VIEW,33,2026-07-27 22:57:55,10984.48
4909,sess_000817,ADD_TO_CART,33,2026-07-27 22:58:37,10984.48
4910,sess_000817,PRODUCT_VIEW,3,2026-07-27 22:59:05,15751.54
4911,sess_000817,ADD_TO_CART,3,2026-07-27 22:59:24,15751.54
4912,sess_000817,CHECKOUT_START,28,2026-07-27 23:00:32,57721.46
4913,sess_000817,PAYMENT_FAILURE,28,2026-07-27 23:01:23,57721.46
4914,sess_000817,PAYMENT_FAILURE,28,2026-07-27 23:02:35,57721.46
4915,sess_000817,PAYMENT_FAILURE,28,2026-07-27 23:03:50,57721.46
4916,sess_000818,PRODUCT_VIEW,15,2026-07-09 17:55:05,6095.52
4917,sess_000818,ADD_TO_CART,15,2026-07-09 17:55:23,6095.52
4918,sess_000818,PRODUCT_VIEW,3,2026-07-09 17:56:07,15751.54
4919,sess_000818,ADD_TO_CART,3,2026-07-09 17:56:43,15751.54
4920,sess_000818,PRODUCT_VIEW,20,2026-07-09 17:58:15,7441.9
4921,sess_000818,ADD_TO_CART,20,2026-07-09 17:58:37,7441.9
4922,sess_000818,PRODUCT_VIEW,1,2026-07-09 17:59:50,29947.02
4923,sess_000818,ADD_TO_CART,1,2026-07-09 18:00:09,29947.02
4924,sess_000818,CHECKOUT_START,15,2026-07-09 18:01:23,59235.979999999996
4925,sess_000819,PRODUCT_VIEW,5,2026-08-05 19:03:05,5973.44
4926,sess_000819,ADD_TO_CART,5,2026-08-05 19:03:58,5973.44
4927,sess_000819,PRODUCT_VIEW,15,2026-08-05 19:05:21,6095.52
4928,sess_000819,ADD_TO_CART,15,2026-08-05 19:05:38,6095.52
4929,sess_000819,PRODUCT_VIEW,30,2026-08-05 19:06:08,16078.93
4930,sess_000819,ADD_TO_CART,30,2026-08-05 19:07:00,16078.93
4931,sess_000819,PRODUCT_VIEW,11,2026-08-05 19:08:18,6189.77
4932,sess_000819,ADD_TO_CART,11,2026-08-05 19:08:49,6189.77
4933,sess_000819,CHECKOUT_START,5,2026-08-05 19:10:27,34337.66
4934,sess_000820,PRODUCT_VIEW,39,2026-07-21 05:55:05,33078.06
4935,sess_000820,ADD_TO_CART,39,2026-07-21 05:55:29,33078.06
4936,sess_000820,PRODUCT_VIEW,50,2026-07-21 05:55:51,19975.03
4937,sess_000820,ADD_TO_CART,50,2026-07-21 05:56:28,19975.03
4938,sess_000820,PRODUCT_VIEW,16,2026-07-21 05:57:49,1571.54
4939,sess_000820,ADD_TO_CART,16,2026-07-21 05:58:16,1571.54
4940,sess_000820,CHECKOUT_START,39,2026-07-21 05:59:18,54624.63
4941,sess_000821,PRODUCT_VIEW,36,2026-07-08 04:26:05,23638.97
4942,sess_000821,ADD_TO_CART,36,2026-07-08 04:27:05,23638.97
4943,sess_000821,PRODUCT_VIEW,15,2026-07-08 04:27:53,6095.52
4944,sess_000821,ADD_TO_CART,15,2026-07-08 04:28:18,6095.52
4945,sess_000821,CHECKOUT_START,36,2026-07-08 04:29:37,29734.49
4946,sess_000822,PRODUCT_VIEW,6,2026-07-15 10:59:05,33938.58
4947,sess_000822,ADD_TO_CART,6,2026-07-15 10:59:54,33938.58
4948,sess_000822,PRODUCT_VIEW,16,2026-07-15 11:01:15,1571.54
4949,sess_000822,ADD_TO_CART,16,2026-07-15 11:02:07,1571.54
4950,sess_000822,PRODUCT_VIEW,11,2026-07-15 11:02:35,6189.77
4951,sess_000822,ADD_TO_CART,11,2026-07-15 11:03:34,6189.77
4952,sess_000822,CHECKOUT_START,6,2026-07-15 11:04:34,41699.89
4953,sess_000823,PRODUCT_VIEW,20,2026-07-25 08:28:05,7441.9
4954,sess_000823,ADD_TO_CART,20,2026-07-25 08:28:30,7441.9
4955,sess_000823,CHECKOUT_START,20,2026-07-25 08:29:52,7441.9
4956,sess_000824,PRODUCT_VIEW,11,2026-07-25 16:36:05,6189.77
4957,sess_000824,ADD_TO_CART,11,2026-07-25 16:36:52,6189.77
4958,sess_000824,PRODUCT_VIEW,39,2026-07-25 16:38:00,33078.06
4959,sess_000824,ADD_TO_CART,39,2026-07-25 16:38:15,33078.06
4960,sess_000824,PRODUCT_VIEW,21,2026-07-25 16:38:47,9659.58
4961,sess_000824,ADD_TO_CART,21,2026-07-25 16:39:02,9659.58
4962,sess_000824,CHECKOUT_START,11,2026-07-25 16:39:32,48927.41
4963,sess_000825,PRODUCT_VIEW,12,2026-07-10 21:28:05,11993.35
4964,sess_000825,ADD_TO_CART,12,2026-07-10 21:28:38,11993.35
4965,sess_000825,PRODUCT_VIEW,3,2026-07-10 21:29:43,15751.54
4966,sess_000825,ADD_TO_CART,3,2026-07-10 21:30:35,15751.54
4967,sess_000825,PRODUCT_VIEW,9,2026-07-10 21:32:08,33952.76
4968,sess_000825,ADD_TO_CART,9,2026-07-10 21:32:23,33952.76
4969,sess_000825,PRODUCT_VIEW,19,2026-07-10 21:32:48,20611.38
4970,sess_000825,ADD_TO_CART,19,2026-07-10 21:33:08,20611.38
4971,sess_000825,CHECKOUT_START,12,2026-07-10 21:34:07,82309.03
4972,sess_000826,PRODUCT_VIEW,32,2026-08-06 03:39:05,5145.04
4973,sess_000826,ADD_TO_CART,32,2026-08-06 03:39:33,5145.04
4974,sess_000826,PRODUCT_VIEW,7,2026-08-06 03:41:11,23088.42
4975,sess_000826,ADD_TO_CART,7,2026-08-06 03:41:54,23088.42
4976,sess_000826,PRODUCT_VIEW,18,2026-08-06 03:42:23,29592.56
4977,sess_000826,ADD_TO_CART,18,2026-08-06 03:43:12,29592.56
4978,sess_000826,PRODUCT_VIEW,38,2026-08-06 03:44:08,24333.81
4979,sess_000826,ADD_TO_CART,38,2026-08-06 03:44:26,24333.81
4980,sess_000826,CHECKOUT_START,32,2026-08-06 03:44:54,82159.83
4981,sess_000827,PRODUCT_VIEW,43,2026-07-19 16:59:05,24226.27
4982,sess_000827,ADD_TO_CART,43,2026-07-19 16:59:45,24226.27
4983,sess_000827,PRODUCT_VIEW,11,2026-07-19 17:01:02,6189.77
4984,sess_000827,ADD_TO_CART,11,2026-07-19 17:01:34,6189.77
4985,sess_000827,PRODUCT_VIEW,45,2026-07-19 17:02:59,13966.49
4986,sess_000827,ADD_TO_CART,45,2026-07-19 17:03:28,13966.49
4987,sess_000827,CHECKOUT_START,43,2026-07-19 17:04:25,44382.53
4988,sess_000828,PRODUCT_VIEW,10,2026-07-11 14:04:05,8490.19
4989,sess_000828,ADD_TO_CART,10,2026-07-11 14:04:18,8490.19
4990,sess_000828,PRODUCT_VIEW,46,2026-07-11 14:05:53,3997.88
4991,sess_000828,ADD_TO_CART,46,2026-07-11 14:06:10,3997.88
4992,sess_000828,PRODUCT_VIEW,3,2026-07-11 14:06:48,15751.54
4993,sess_000828,ADD_TO_CART,3,2026-07-11 14:07:04,15751.54
4994,sess_000828,PRODUCT_VIEW,6,2026-07-11 14:08:21,33938.58
4995,sess_000828,ADD_TO_CART,6,2026-07-11 14:08:39,33938.58
4996,sess_000828,CHECKOUT_START,10,2026-07-11 14:09:18,62178.19
4997,sess_000829,PRODUCT_VIEW,28,2026-07-28 04:51:05,470.42
4998,sess_000829,ADD_TO_CART,28,2026-07-28 04:51:57,470.42
4999,sess_000829,PRODUCT_VIEW,27,2026-07-28 04:53:27,34536.05
5000,sess_000829,ADD_TO_CART,27,2026-07-28 04:54:23,34536.05
5001,sess_000829,PRODUCT_VIEW,8,2026-07-28 04:55:58,27139.29
5002,sess_000829,ADD_TO_CART,8,2026-07-28 04:56:27,27139.29
5003,sess_000829,PRODUCT_VIEW,42,2026-07-28 04:57:13,1353.46
5004,sess_000829,ADD_TO_CART,42,2026-07-28 04:57:53,1353.46
5005,sess_000830,PRODUCT_VIEW,32,2026-08-06 23:33:05,5145.04
5006,sess_000830,ADD_TO_CART,32,2026-08-06 23:33:57,5145.04
5007,sess_000830,PRODUCT_VIEW,30,2026-08-06 23:35:07,16078.93
5008,sess_000830,ADD_TO_CART,30,2026-08-06 23:36:07,16078.93
5009,sess_000830,CHECKOUT_START,32,2026-08-06 23:37:08,21223.97
5010,sess_000831,PRODUCT_VIEW,11,2026-07-28 05:17:05,6189.77
5011,sess_000831,ADD_TO_CART,11,2026-07-28 05:17:31,6189.77
5012,sess_000831,CHECKOUT_START,11,2026-07-28 05:18:44,6189.77
5013,sess_000832,PRODUCT_VIEW,27,2026-08-03 16:26:05,34536.05
5014,sess_000832,ADD_TO_CART,27,2026-08-03 16:27:04,34536.05
5015,sess_000832,PRODUCT_VIEW,3,2026-08-03 16:27:25,15751.54
5016,sess_000832,ADD_TO_CART,3,2026-08-03 16:28:15,15751.54
5017,sess_000832,CHECKOUT_START,27,2026-08-03 16:29:21,50287.590000000004
5018,sess_000833,PRODUCT_VIEW,22,2026-07-23 07:31:05,18731.11
5019,sess_000833,ADD_TO_CART,22,2026-07-23 07:31:57,18731.11
5020,sess_000833,PRODUCT_VIEW,44,2026-07-23 07:33:21,7783.14
5021,sess_000833,ADD_TO_CART,44,2026-07-23 07:33:48,7783.14
5022,sess_000834,PRODUCT_VIEW,19,2026-07-08 04:27:05,20611.38
5023,sess_000834,ADD_TO_CART,19,2026-07-08 04:27:36,20611.38
5024,sess_000834,CHECKOUT_START,19,2026-07-08 04:27:58,20611.38
5025,sess_000834,PAYMENT_FAILURE,19,2026-07-08 04:28:54,20611.38
5026,sess_000834,PAYMENT_FAILURE,19,2026-07-08 04:30:01,20611.38
5027,sess_000835,PRODUCT_VIEW,17,2026-07-24 03:51:05,23333.68
5028,sess_000835,ADD_TO_CART,17,2026-07-24 03:51:29,23333.68
5029,sess_000835,PRODUCT_VIEW,20,2026-07-24 03:53:03,7441.9
5030,sess_000835,ADD_TO_CART,20,2026-07-24 03:53:29,7441.9
5031,sess_000835,PRODUCT_VIEW,42,2026-07-24 03:54:39,1353.46
5032,sess_000835,ADD_TO_CART,42,2026-07-24 03:55:05,1353.46
5033,sess_000835,PRODUCT_VIEW,3,2026-07-24 03:55:25,15751.54
5034,sess_000835,ADD_TO_CART,3,2026-07-24 03:56:08,15751.54
5035,sess_000835,CHECKOUT_START,17,2026-07-24 03:56:57,47880.58
5036,sess_000836,PRODUCT_VIEW,2,2026-07-25 23:00:05,8878.17
5037,sess_000836,ADD_TO_CART,2,2026-07-25 23:00:55,8878.17
5038,sess_000836,PRODUCT_VIEW,33,2026-07-25 23:01:54,10984.48
5039,sess_000836,ADD_TO_CART,33,2026-07-25 23:02:53,10984.48
5040,sess_000836,PRODUCT_VIEW,47,2026-07-25 23:04:29,34979.66
5041,sess_000836,ADD_TO_CART,47,2026-07-25 23:05:21,34979.66
5042,sess_000836,PRODUCT_VIEW,50,2026-07-25 23:05:47,19975.03
5043,sess_000836,ADD_TO_CART,50,2026-07-25 23:06:28,19975.03
5044,sess_000836,CHECKOUT_START,2,2026-07-25 23:08:02,74817.34
5045,sess_000837,PRODUCT_VIEW,44,2026-07-31 11:21:05,7783.14
5046,sess_000837,ADD_TO_CART,44,2026-07-31 11:21:42,7783.14
5047,sess_000837,CHECKOUT_START,44,2026-07-31 11:22:12,7783.14
5048,sess_000838,PRODUCT_VIEW,27,2026-08-04 20:12:05,34536.05
5049,sess_000838,ADD_TO_CART,27,2026-08-04 20:12:28,34536.05
5050,sess_000838,PRODUCT_VIEW,11,2026-08-04 20:13:08,6189.77
5051,sess_000838,ADD_TO_CART,11,2026-08-04 20:13:41,6189.77
5052,sess_000838,PRODUCT_VIEW,28,2026-08-04 20:14:13,470.42
5053,sess_000838,ADD_TO_CART,28,2026-08-04 20:15:11,470.42
5054,sess_000838,CHECKOUT_START,27,2026-08-04 20:16:07,41196.240000000005
5055,sess_000839,PRODUCT_VIEW,12,2026-08-05 00:31:05,11993.35
5056,sess_000839,ADD_TO_CART,12,2026-08-05 00:31:43,11993.35
5057,sess_000839,PRODUCT_VIEW,8,2026-08-05 00:32:46,27139.29
5058,sess_000839,ADD_TO_CART,8,2026-08-05 00:33:03,27139.29
5059,sess_000839,PRODUCT_VIEW,49,2026-08-05 00:34:27,30515.02
5060,sess_000839,ADD_TO_CART,49,2026-08-05 00:35:26,30515.02
5061,sess_000839,CHECKOUT_START,12,2026-08-05 00:36:54,69647.66
5062,sess_000840,PRODUCT_VIEW,12,2026-08-05 12:28:05,11993.35
5063,sess_000840,ADD_TO_CART,12,2026-08-05 12:28:49,11993.35
5064,sess_000840,PRODUCT_VIEW,25,2026-08-05 12:29:41,11269.93
5065,sess_000840,ADD_TO_CART,25,2026-08-05 12:30:37,11269.93
5066,sess_000840,PRODUCT_VIEW,13,2026-08-05 12:30:59,15251.23
5067,sess_000840,ADD_TO_CART,13,2026-08-05 12:31:48,15251.23
5068,sess_000841,PRODUCT_VIEW,22,2026-07-12 01:05:05,18731.11
5069,sess_000841,ADD_TO_CART,22,2026-07-12 01:05:39,18731.11
5070,sess_000841,CHECKOUT_START,22,2026-07-12 01:06:54,18731.11
5071,sess_000841,PAYMENT_FAILURE,22,2026-07-12 01:07:30,18731.11
5072,sess_000842,PRODUCT_VIEW,48,2026-07-19 02:52:05,34207.92
5073,sess_000842,ADD_TO_CART,48,2026-07-19 02:52:29,34207.92
5074,sess_000843,PRODUCT_VIEW,1,2026-07-10 23:12:05,29947.02
5075,sess_000843,ADD_TO_CART,1,2026-07-10 23:12:37,29947.02
5076,sess_000843,PRODUCT_VIEW,37,2026-07-10 23:12:59,30424.4
5077,sess_000843,ADD_TO_CART,37,2026-07-10 23:13:51,30424.4
5078,sess_000844,PRODUCT_VIEW,38,2026-07-28 08:48:05,24333.81
5079,sess_000844,ADD_TO_CART,38,2026-07-28 08:48:23,24333.81
5080,sess_000844,CHECKOUT_START,38,2026-07-28 08:49:43,24333.81
5081,sess_000845,PRODUCT_VIEW,19,2026-07-12 02:51:05,20611.38
5082,sess_000845,ADD_TO_CART,19,2026-07-12 02:51:34,20611.38
5083,sess_000845,PRODUCT_VIEW,3,2026-07-12 02:52:11,15751.54
5084,sess_000845,ADD_TO_CART,3,2026-07-12 02:53:05,15751.54
5085,sess_000845,PRODUCT_VIEW,7,2026-07-12 02:53:58,23088.42
5086,sess_000845,ADD_TO_CART,7,2026-07-12 02:54:32,23088.42
5087,sess_000845,PRODUCT_VIEW,4,2026-07-12 02:55:11,12764.76
5088,sess_000845,ADD_TO_CART,4,2026-07-12 02:55:38,12764.76
5089,sess_000845,CHECKOUT_START,19,2026-07-12 02:56:41,72216.09999999999
5090,sess_000846,PRODUCT_VIEW,19,2026-07-23 14:06:05,20611.38
5091,sess_000846,ADD_TO_CART,19,2026-07-23 14:06:35,20611.38
5092,sess_000846,CHECKOUT_START,19,2026-07-23 14:07:18,20611.38
5093,sess_000846,PAYMENT_FAILURE,19,2026-07-23 14:08:33,20611.38
5094,sess_000846,PAYMENT_FAILURE,19,2026-07-23 14:09:08,20611.38
5095,sess_000847,PRODUCT_VIEW,15,2026-07-30 13:14:05,6095.52
5096,sess_000847,ADD_TO_CART,15,2026-07-30 13:14:18,6095.52
5097,sess_000847,CHECKOUT_START,15,2026-07-30 13:15:13,6095.52
5098,sess_000847,PAYMENT_FAILURE,15,2026-07-30 13:16:02,6095.52
5099,sess_000848,PRODUCT_VIEW,27,2026-07-21 02:10:05,34536.05
5100,sess_000848,ADD_TO_CART,27,2026-07-21 02:10:36,34536.05
5101,sess_000848,PRODUCT_VIEW,6,2026-07-21 02:11:30,33938.58
5102,sess_000848,ADD_TO_CART,6,2026-07-21 02:12:27,33938.58
5103,sess_000848,PRODUCT_VIEW,43,2026-07-21 02:12:53,24226.27
5104,sess_000848,ADD_TO_CART,43,2026-07-21 02:13:11,24226.27
5105,sess_000848,CHECKOUT_START,27,2026-07-21 02:13:39,92700.90000000001
5106,sess_000848,PAYMENT_FAILURE,27,2026-07-21 02:14:15,92700.90000000001
5107,sess_000849,PRODUCT_VIEW,17,2026-07-23 12:18:05,23333.68
5108,sess_000849,ADD_TO_CART,17,2026-07-23 12:18:25,23333.68
5109,sess_000850,PRODUCT_VIEW,41,2026-08-02 02:29:05,30450.87
5110,sess_000850,ADD_TO_CART,41,2026-08-02 02:29:16,30450.87
5111,sess_000851,PRODUCT_VIEW,32,2026-07-26 00:27:05,5145.04
5112,sess_000851,ADD_TO_CART,32,2026-07-26 00:27:30,5145.04
5113,sess_000851,PRODUCT_VIEW,36,2026-07-26 00:27:57,23638.97
5114,sess_000851,ADD_TO_CART,36,2026-07-26 00:28:34,23638.97
5115,sess_000851,CHECKOUT_START,32,2026-07-26 00:29:21,28784.010000000002
5116,sess_000852,PRODUCT_VIEW,16,2026-08-03 10:49:05,1571.54
5117,sess_000852,ADD_TO_CART,16,2026-08-03 10:50:00,1571.54
5118,sess_000852,PRODUCT_VIEW,40,2026-08-03 10:51:13,17551.46
5119,sess_000852,ADD_TO_CART,40,2026-08-03 10:51:39,17551.46
5120,sess_000852,PRODUCT_VIEW,8,2026-08-03 10:53:16,27139.29
5121,sess_000852,ADD_TO_CART,8,2026-08-03 10:53:57,27139.29
5122,sess_000852,CHECKOUT_START,16,2026-08-03 10:54:17,46262.29
5123,sess_000853,PRODUCT_VIEW,43,2026-08-03 04:57:05,24226.27
5124,sess_000853,ADD_TO_CART,43,2026-08-03 04:57:30,24226.27
5125,sess_000854,PRODUCT_VIEW,18,2026-08-05 01:17:05,29592.56
5126,sess_000854,ADD_TO_CART,18,2026-08-05 01:17:51,29592.56
5127,sess_000854,PRODUCT_VIEW,8,2026-08-05 01:18:11,27139.29
5128,sess_000854,ADD_TO_CART,8,2026-08-05 01:19:02,27139.29
5129,sess_000855,PRODUCT_VIEW,24,2026-08-01 09:22:05,15990.76
5130,sess_000855,ADD_TO_CART,24,2026-08-01 09:22:35,15990.76
5131,sess_000856,PRODUCT_VIEW,43,2026-07-18 19:39:05,24226.27
5132,sess_000856,ADD_TO_CART,43,2026-07-18 19:39:46,24226.27
5133,sess_000856,PRODUCT_VIEW,16,2026-07-18 19:41:08,1571.54
5134,sess_000856,ADD_TO_CART,16,2026-07-18 19:41:35,1571.54
5135,sess_000856,CHECKOUT_START,43,2026-07-18 19:42:50,25797.81
5136,sess_000857,PRODUCT_VIEW,14,2026-08-06 22:35:05,21714.55
5137,sess_000857,ADD_TO_CART,14,2026-08-06 22:35:33,21714.55
5138,sess_000857,PRODUCT_VIEW,27,2026-08-06 22:36:11,34536.05
5139,sess_000857,ADD_TO_CART,27,2026-08-06 22:36:39,34536.05
5140,sess_000857,PRODUCT_VIEW,8,2026-08-06 22:37:34,27139.29
5141,sess_000857,ADD_TO_CART,8,2026-08-06 22:37:55,27139.29
5142,sess_000857,CHECKOUT_START,14,2026-08-06 22:39:09,83389.89000000001
5143,sess_000858,PRODUCT_VIEW,45,2026-07-24 12:45:05,13966.49
5144,sess_000858,ADD_TO_CART,45,2026-07-24 12:45:45,13966.49
5145,sess_000858,PRODUCT_VIEW,18,2026-07-24 12:46:54,29592.56
5146,sess_000858,ADD_TO_CART,18,2026-07-24 12:47:21,29592.56
5147,sess_000858,CHECKOUT_START,45,2026-07-24 12:48:01,43559.05
5148,sess_000859,PRODUCT_VIEW,8,2026-07-14 16:37:05,27139.29
5149,sess_000859,ADD_TO_CART,8,2026-07-14 16:38:01,27139.29
5150,sess_000859,PRODUCT_VIEW,18,2026-07-14 16:39:08,29592.56
5151,sess_000859,ADD_TO_CART,18,2026-07-14 16:39:51,29592.56
5152,sess_000859,CHECKOUT_START,8,2026-07-14 16:40:43,56731.850000000006
5153,sess_000860,PRODUCT_VIEW,19,2026-07-26 23:56:05,20611.38
5154,sess_000860,ADD_TO_CART,19,2026-07-26 23:56:30,20611.38
5155,sess_000860,PRODUCT_VIEW,17,2026-07-26 23:58:01,23333.68
5156,sess_000860,ADD_TO_CART,17,2026-07-26 23:58:50,23333.68
5157,sess_000860,CHECKOUT_START,19,2026-07-27 00:00:23,43945.06
5158,sess_000861,PRODUCT_VIEW,50,2026-07-23 00:31:05,19975.03
5159,sess_000861,ADD_TO_CART,50,2026-07-23 00:31:41,19975.03
5160,sess_000861,PRODUCT_VIEW,45,2026-07-23 00:33:13,13966.49
5161,sess_000861,ADD_TO_CART,45,2026-07-23 00:33:44,13966.49
5162,sess_000861,PRODUCT_VIEW,36,2026-07-23 00:34:04,23638.97
5163,sess_000861,ADD_TO_CART,36,2026-07-23 00:34:44,23638.97
5164,sess_000861,CHECKOUT_START,50,2026-07-23 00:35:28,57580.49
5165,sess_000862,PRODUCT_VIEW,43,2026-07-16 15:21:05,24226.27
5166,sess_000862,ADD_TO_CART,43,2026-07-16 15:21:21,24226.27
5167,sess_000862,PRODUCT_VIEW,39,2026-07-16 15:22:29,33078.06
5168,sess_000862,ADD_TO_CART,39,2026-07-16 15:23:09,33078.06
5169,sess_000862,PRODUCT_VIEW,37,2026-07-16 15:24:48,30424.4
5170,sess_000862,ADD_TO_CART,37,2026-07-16 15:25:10,30424.4
5171,sess_000862,PRODUCT_VIEW,23,2026-07-16 15:26:01,1664.26
5172,sess_000862,ADD_TO_CART,23,2026-07-16 15:26:31,1664.26
5173,sess_000862,CHECKOUT_START,43,2026-07-16 15:26:56,89392.99
5174,sess_000863,PRODUCT_VIEW,7,2026-07-28 07:48:05,23088.42
5175,sess_000863,ADD_TO_CART,7,2026-07-28 07:48:51,23088.42
5176,sess_000863,CHECKOUT_START,7,2026-07-28 07:49:28,23088.42
5177,sess_000864,PRODUCT_VIEW,15,2026-07-21 22:09:05,6095.52
5178,sess_000864,ADD_TO_CART,15,2026-07-21 22:09:28,6095.52
5179,sess_000864,PRODUCT_VIEW,48,2026-07-21 22:10:15,34207.92
5180,sess_000864,ADD_TO_CART,48,2026-07-21 22:10:48,34207.92
5181,sess_000864,CHECKOUT_START,15,2026-07-21 22:11:20,40303.44
5182,sess_000864,PAYMENT_FAILURE,15,2026-07-21 22:11:52,40303.44
5183,sess_000864,PAYMENT_FAILURE,15,2026-07-21 22:12:38,40303.44
5184,sess_000864,PAYMENT_FAILURE,15,2026-07-21 22:13:08,40303.44
5185,sess_000865,PRODUCT_VIEW,6,2026-07-20 09:16:05,33938.58
5186,sess_000865,ADD_TO_CART,6,2026-07-20 09:16:31,33938.58
5187,sess_000865,CHECKOUT_START,6,2026-07-20 09:18:07,33938.58
5188,sess_000865,PAYMENT_FAILURE,6,2026-07-20 09:19:11,33938.58
5189,sess_000866,PRODUCT_VIEW,27,2026-07-30 06:09:05,34536.05
5190,sess_000866,ADD_TO_CART,27,2026-07-30 06:09:21,34536.05
5191,sess_000866,PRODUCT_VIEW,22,2026-07-30 06:09:52,18731.11
5192,sess_000866,ADD_TO_CART,22,2026-07-30 06:10:34,18731.11
5193,sess_000866,CHECKOUT_START,27,2026-07-30 06:12:08,53267.16
5194,sess_000866,PAYMENT_FAILURE,27,2026-07-30 06:12:52,53267.16
5195,sess_000866,PAYMENT_FAILURE,27,2026-07-30 06:14:21,53267.16
5196,sess_000866,PAYMENT_FAILURE,27,2026-07-30 06:15:27,53267.16
5197,sess_000867,PRODUCT_VIEW,43,2026-07-27 09:11:05,24226.27
5198,sess_000867,ADD_TO_CART,43,2026-07-27 09:11:32,24226.27
5199,sess_000867,CHECKOUT_START,43,2026-07-27 09:12:16,24226.27
5200,sess_000868,PRODUCT_VIEW,4,2026-08-02 17:56:05,12764.76
5201,sess_000868,ADD_TO_CART,4,2026-08-02 17:56:54,12764.76
5202,sess_000868,PRODUCT_VIEW,43,2026-08-02 17:57:31,24226.27
5203,sess_000868,ADD_TO_CART,43,2026-08-02 17:57:43,24226.27
5204,sess_000868,PRODUCT_VIEW,29,2026-08-02 17:58:18,22477.1
5205,sess_000868,ADD_TO_CART,29,2026-08-02 17:59:14,22477.1
5206,sess_000868,PRODUCT_VIEW,15,2026-08-02 18:00:00,6095.52
5207,sess_000868,ADD_TO_CART,15,2026-08-02 18:00:33,6095.52
5208,sess_000868,CHECKOUT_START,4,2026-08-02 18:02:13,65563.65
5209,sess_000868,PAYMENT_FAILURE,4,2026-08-02 18:03:31,65563.65
5210,sess_000869,PRODUCT_VIEW,11,2026-07-10 19:12:05,6189.77
5211,sess_000869,ADD_TO_CART,11,2026-07-10 19:12:38,6189.77
5212,sess_000870,PRODUCT_VIEW,28,2026-08-02 17:24:05,470.42
5213,sess_000870,ADD_TO_CART,28,2026-08-02 17:24:29,470.42
5214,sess_000870,CHECKOUT_START,28,2026-08-02 17:25:10,470.42
5215,sess_000871,PRODUCT_VIEW,40,2026-07-12 04:20:05,17551.46
5216,sess_000871,ADD_TO_CART,40,2026-07-12 04:20:32,17551.46
5217,sess_000871,PRODUCT_VIEW,29,2026-07-12 04:21:32,22477.1
5218,sess_000871,ADD_TO_CART,29,2026-07-12 04:21:58,22477.1
5219,sess_000871,CHECKOUT_START,40,2026-07-12 04:23:35,40028.56
5220,sess_000872,PRODUCT_VIEW,4,2026-07-26 06:21:05,12764.76
5221,sess_000872,ADD_TO_CART,4,2026-07-26 06:22:02,12764.76
5222,sess_000872,PRODUCT_VIEW,15,2026-07-26 06:23:30,6095.52
5223,sess_000872,ADD_TO_CART,15,2026-07-26 06:23:47,6095.52
5224,sess_000872,CHECKOUT_START,4,2026-07-26 06:25:18,18860.28
5225,sess_000872,PAYMENT_FAILURE,4,2026-07-26 06:26:18,18860.28
5226,sess_000873,PRODUCT_VIEW,4,2026-07-10 16:43:05,12764.76
5227,sess_000873,ADD_TO_CART,4,2026-07-10 16:43:53,12764.76
5228,sess_000873,PRODUCT_VIEW,33,2026-07-10 16:45:22,10984.48
5229,sess_000873,ADD_TO_CART,33,2026-07-10 16:45:36,10984.48
5230,sess_000874,PRODUCT_VIEW,3,2026-07-30 13:17:05,15751.54
5231,sess_000874,ADD_TO_CART,3,2026-07-30 13:17:46,15751.54
5232,sess_000874,PRODUCT_VIEW,28,2026-07-30 13:18:32,470.42
5233,sess_000874,ADD_TO_CART,28,2026-07-30 13:18:50,470.42
5234,sess_000874,CHECKOUT_START,3,2026-07-30 13:19:38,16221.960000000001
5235,sess_000875,PRODUCT_VIEW,30,2026-07-24 22:11:05,16078.93
5236,sess_000875,ADD_TO_CART,30,2026-07-24 22:11:32,16078.93
5237,sess_000875,PRODUCT_VIEW,11,2026-07-24 22:12:35,6189.77
5238,sess_000875,ADD_TO_CART,11,2026-07-24 22:12:46,6189.77
5239,sess_000875,PRODUCT_VIEW,44,2026-07-24 22:13:10,7783.14
5240,sess_000875,ADD_TO_CART,44,2026-07-24 22:14:08,7783.14
5241,sess_000875,CHECKOUT_START,30,2026-07-24 22:14:29,30051.84
5242,sess_000876,PRODUCT_VIEW,45,2026-07-28 19:00:05,13966.49
5243,sess_000876,ADD_TO_CART,45,2026-07-28 19:00:27,13966.49
5244,sess_000876,CHECKOUT_START,45,2026-07-28 19:01:48,13966.49
5245,sess_000876,PAYMENT_FAILURE,45,2026-07-28 19:03:18,13966.49
5246,sess_000876,PAYMENT_FAILURE,45,2026-07-28 19:04:39,13966.49
5247,sess_000876,PAYMENT_FAILURE,45,2026-07-28 19:05:15,13966.49
5248,sess_000877,PRODUCT_VIEW,33,2026-08-03 12:34:05,10984.48
5249,sess_000877,ADD_TO_CART,33,2026-08-03 12:34:56,10984.48
5250,sess_000877,CHECKOUT_START,33,2026-08-03 12:35:53,10984.48
5251,sess_000878,PRODUCT_VIEW,10,2026-07-12 19:35:05,8490.19
5252,sess_000878,ADD_TO_CART,10,2026-07-12 19:35:26,8490.19
5253,sess_000878,CHECKOUT_START,10,2026-07-12 19:36:22,8490.19
5254,sess_000879,PRODUCT_VIEW,3,2026-08-06 07:19:05,15751.54
5255,sess_000879,ADD_TO_CART,3,2026-08-06 07:19:53,15751.54
5256,sess_000879,CHECKOUT_START,3,2026-08-06 07:20:19,15751.54
5257,sess_000880,PRODUCT_VIEW,47,2026-07-27 02:54:05,34979.66
5258,sess_000880,ADD_TO_CART,47,2026-07-27 02:54:48,34979.66
5259,sess_000880,PRODUCT_VIEW,34,2026-07-27 02:55:27,7303.52
5260,sess_000880,ADD_TO_CART,34,2026-07-27 02:56:02,7303.52
5261,sess_000880,PRODUCT_VIEW,18,2026-07-27 02:57:10,29592.56
5262,sess_000880,ADD_TO_CART,18,2026-07-27 02:57:56,29592.56
5263,sess_000881,PRODUCT_VIEW,20,2026-07-31 13:39:05,7441.9
5264,sess_000881,ADD_TO_CART,20,2026-07-31 13:39:39,7441.9
5265,sess_000881,PRODUCT_VIEW,11,2026-07-31 13:40:04,6189.77
5266,sess_000881,ADD_TO_CART,11,2026-07-31 13:40:49,6189.77
5267,sess_000881,PRODUCT_VIEW,37,2026-07-31 13:41:14,30424.4
5268,sess_000881,ADD_TO_CART,37,2026-07-31 13:42:04,30424.4
5269,sess_000881,CHECKOUT_START,20,2026-07-31 13:43:24,44056.07
5270,sess_000882,PRODUCT_VIEW,2,2026-07-11 03:40:05,8878.17
5271,sess_000882,ADD_TO_CART,2,2026-07-11 03:41:04,8878.17
5272,sess_000882,PRODUCT_VIEW,50,2026-07-11 03:42:31,19975.03
5273,sess_000882,ADD_TO_CART,50,2026-07-11 03:42:52,19975.03
5274,sess_000882,PRODUCT_VIEW,40,2026-07-11 03:43:28,17551.46
5275,sess_000882,ADD_TO_CART,40,2026-07-11 03:43:42,17551.46
5276,sess_000883,PRODUCT_VIEW,17,2026-07-12 06:35:05,23333.68
5277,sess_000883,ADD_TO_CART,17,2026-07-12 06:35:55,23333.68
5278,sess_000884,PRODUCT_VIEW,26,2026-07-10 16:08:05,1741.62
5279,sess_000884,ADD_TO_CART,26,2026-07-10 16:08:32,1741.62
5280,sess_000884,CHECKOUT_START,26,2026-07-10 16:09:23,1741.62
5281,sess_000885,PRODUCT_VIEW,27,2026-07-17 14:33:05,34536.05
5282,sess_000885,ADD_TO_CART,27,2026-07-17 14:33:16,34536.05
5283,sess_000885,PRODUCT_VIEW,20,2026-07-17 14:34:07,7441.9
5284,sess_000885,ADD_TO_CART,20,2026-07-17 14:34:43,7441.9
5285,sess_000885,PRODUCT_VIEW,11,2026-07-17 14:35:19,6189.77
5286,sess_000885,ADD_TO_CART,11,2026-07-17 14:35:52,6189.77
5287,sess_000886,PRODUCT_VIEW,23,2026-07-24 23:14:05,1664.26
5288,sess_000886,ADD_TO_CART,23,2026-07-24 23:14:38,1664.26
5289,sess_000886,PRODUCT_VIEW,49,2026-07-24 23:15:35,30515.02
5290,sess_000886,ADD_TO_CART,49,2026-07-24 23:15:47,30515.02
5291,sess_000886,CHECKOUT_START,23,2026-07-24 23:16:30,32179.28
5292,sess_000887,PRODUCT_VIEW,25,2026-08-01 23:50:05,11269.93
5293,sess_000887,ADD_TO_CART,25,2026-08-01 23:50:33,11269.93
5294,sess_000887,PRODUCT_VIEW,20,2026-08-01 23:51:58,7441.9
5295,sess_000887,ADD_TO_CART,20,2026-08-01 23:52:44,7441.9
5296,sess_000887,PRODUCT_VIEW,27,2026-08-01 23:54:11,34536.05
5297,sess_000887,ADD_TO_CART,27,2026-08-01 23:54:53,34536.05
5298,sess_000887,PRODUCT_VIEW,18,2026-08-01 23:55:15,29592.56
5299,sess_000887,ADD_TO_CART,18,2026-08-01 23:56:14,29592.56
5300,sess_000887,CHECKOUT_START,25,2026-08-01 23:57:02,82840.44
5301,sess_000888,PRODUCT_VIEW,3,2026-07-30 13:18:05,15751.54
5302,sess_000888,ADD_TO_CART,3,2026-07-30 13:18:55,15751.54
5303,sess_000888,PRODUCT_VIEW,19,2026-07-30 13:19:22,20611.38
5304,sess_000888,ADD_TO_CART,19,2026-07-30 13:19:50,20611.38
5305,sess_000888,PRODUCT_VIEW,44,2026-07-30 13:20:40,7783.14
5306,sess_000888,ADD_TO_CART,44,2026-07-30 13:21:03,7783.14
5307,sess_000888,CHECKOUT_START,3,2026-07-30 13:21:50,44146.06
5308,sess_000889,PRODUCT_VIEW,6,2026-07-28 20:27:05,33938.58
5309,sess_000889,ADD_TO_CART,6,2026-07-28 20:27:21,33938.58
5310,sess_000889,CHECKOUT_START,6,2026-07-28 20:28:57,33938.58
5311,sess_000890,PRODUCT_VIEW,14,2026-08-06 03:55:05,21714.55
5312,sess_000890,ADD_TO_CART,14,2026-08-06 03:55:35,21714.55
5313,sess_000890,PRODUCT_VIEW,9,2026-08-06 03:56:23,33952.76
5314,sess_000890,ADD_TO_CART,9,2026-08-06 03:56:35,33952.76
5315,sess_000890,PRODUCT_VIEW,26,2026-08-06 03:57:47,1741.62
5316,sess_000890,ADD_TO_CART,26,2026-08-06 03:57:59,1741.62
5317,sess_000890,PRODUCT_VIEW,42,2026-08-06 03:58:28,1353.46
5318,sess_000890,ADD_TO_CART,42,2026-08-06 03:58:43,1353.46
5319,sess_000890,CHECKOUT_START,14,2026-08-06 04:00:21,58762.39
5320,sess_000890,PAYMENT_FAILURE,14,2026-08-06 04:01:39,58762.39
5321,sess_000891,PRODUCT_VIEW,12,2026-07-08 07:32:05,11993.35
5322,sess_000891,ADD_TO_CART,12,2026-07-08 07:32:28,11993.35
5323,sess_000891,CHECKOUT_START,12,2026-07-08 07:32:51,11993.35
5324,sess_000892,PRODUCT_VIEW,22,2026-07-21 20:16:05,18731.11
5325,sess_000892,ADD_TO_CART,22,2026-07-21 20:16:46,18731.11
5326,sess_000892,PRODUCT_VIEW,31,2026-07-21 20:17:39,17262.47
5327,sess_000892,ADD_TO_CART,31,2026-07-21 20:18:35,17262.47
5328,sess_000892,PRODUCT_VIEW,41,2026-07-21 20:19:31,30450.87
5329,sess_000892,ADD_TO_CART,41,2026-07-21 20:20:19,30450.87
5330,sess_000892,PRODUCT_VIEW,45,2026-07-21 20:20:54,13966.49
5331,sess_000892,ADD_TO_CART,45,2026-07-21 20:21:50,13966.49
5332,sess_000892,CHECKOUT_START,22,2026-07-21 20:23:03,80410.94
5333,sess_000892,PAYMENT_FAILURE,22,2026-07-21 20:24:31,80410.94
5334,sess_000892,PAYMENT_FAILURE,22,2026-07-21 20:25:01,80410.94
5335,sess_000892,PAYMENT_FAILURE,22,2026-07-21 20:26:27,80410.94
5336,sess_000893,PRODUCT_VIEW,20,2026-07-13 12:49:05,7441.9
5337,sess_000893,ADD_TO_CART,20,2026-07-13 12:49:53,7441.9
5338,sess_000893,CHECKOUT_START,20,2026-07-13 12:50:22,7441.9
5339,sess_000894,PRODUCT_VIEW,49,2026-07-31 11:04:05,30515.02
5340,sess_000894,ADD_TO_CART,49,2026-07-31 11:04:27,30515.02
5341,sess_000894,PRODUCT_VIEW,27,2026-07-31 11:05:08,34536.05
5342,sess_000894,ADD_TO_CART,27,2026-07-31 11:06:04,34536.05
5343,sess_000894,CHECKOUT_START,49,2026-07-31 11:06:44,65051.07000000001
5344,sess_000895,PRODUCT_VIEW,17,2026-07-30 13:11:05,23333.68
5345,sess_000895,ADD_TO_CART,17,2026-07-30 13:11:17,23333.68
5346,sess_000895,CHECKOUT_START,17,2026-07-30 13:12:14,23333.68
5347,sess_000896,PRODUCT_VIEW,32,2026-07-27 03:06:05,5145.04
5348,sess_000896,ADD_TO_CART,32,2026-07-27 03:06:42,5145.04
5349,sess_000896,PRODUCT_VIEW,26,2026-07-27 03:07:57,1741.62
5350,sess_000896,ADD_TO_CART,26,2026-07-27 03:08:57,1741.62
5351,sess_000896,CHECKOUT_START,32,2026-07-27 03:09:22,6886.66
5352,sess_000897,PRODUCT_VIEW,24,2026-07-15 00:01:05,15990.76
5353,sess_000897,ADD_TO_CART,24,2026-07-15 00:01:40,15990.76
5354,sess_000897,PRODUCT_VIEW,25,2026-07-15 00:03:17,11269.93
5355,sess_000897,ADD_TO_CART,25,2026-07-15 00:03:32,11269.93
5356,sess_000897,CHECKOUT_START,24,2026-07-15 00:03:55,27260.690000000002
5357,sess_000898,PRODUCT_VIEW,17,2026-07-15 17:22:05,23333.68
5358,sess_000898,ADD_TO_CART,17,2026-07-15 17:22:37,23333.68
5359,sess_000898,PRODUCT_VIEW,22,2026-07-15 17:23:03,18731.11
5360,sess_000898,ADD_TO_CART,22,2026-07-15 17:23:40,18731.11
5361,sess_000899,PRODUCT_VIEW,34,2026-07-18 08:04:05,7303.52
5362,sess_000899,ADD_TO_CART,34,2026-07-18 08:04:33,7303.52
5363,sess_000899,PRODUCT_VIEW,17,2026-07-18 08:04:58,23333.68
5364,sess_000899,ADD_TO_CART,17,2026-07-18 08:05:15,23333.68
5365,sess_000899,CHECKOUT_START,34,2026-07-18 08:06:05,30637.2
5366,sess_000900,PRODUCT_VIEW,43,2026-08-01 12:56:05,24226.27
5367,sess_000900,ADD_TO_CART,43,2026-08-01 12:56:23,24226.27
5368,sess_000900,PRODUCT_VIEW,36,2026-08-01 12:57:35,23638.97
5369,sess_000900,ADD_TO_CART,36,2026-08-01 12:57:47,23638.97
5370,sess_000900,PRODUCT_VIEW,48,2026-08-01 12:58:34,34207.92
5371,sess_000900,ADD_TO_CART,48,2026-08-01 12:58:58,34207.92
5372,sess_000900,PRODUCT_VIEW,34,2026-08-01 13:00:05,7303.52
5373,sess_000900,ADD_TO_CART,34,2026-08-01 13:00:54,7303.52
5374,sess_000901,PRODUCT_VIEW,19,2026-07-12 23:00:05,20611.38
5375,sess_000901,ADD_TO_CART,19,2026-07-12 23:00:33,20611.38
5376,sess_000901,CHECKOUT_START,19,2026-07-12 23:02:06,20611.38
5377,sess_000902,PRODUCT_VIEW,36,2026-07-14 04:13:05,23638.97
5378,sess_000902,ADD_TO_CART,36,2026-07-14 04:14:03,23638.97
5379,sess_000902,PRODUCT_VIEW,42,2026-07-14 04:15:39,1353.46
5380,sess_000902,ADD_TO_CART,42,2026-07-14 04:16:36,1353.46
5381,sess_000902,PRODUCT_VIEW,39,2026-07-14 04:17:54,33078.06
5382,sess_000902,ADD_TO_CART,39,2026-07-14 04:18:09,33078.06
5383,sess_000902,CHECKOUT_START,36,2026-07-14 04:19:35,58070.49
5384,sess_000902,PAYMENT_FAILURE,36,2026-07-14 04:20:23,58070.49
5385,sess_000902,PAYMENT_FAILURE,36,2026-07-14 04:21:02,58070.49
5386,sess_000902,PAYMENT_FAILURE,36,2026-07-14 04:22:06,58070.49
5387,sess_000903,PRODUCT_VIEW,50,2026-07-28 05:20:05,19975.03
5388,sess_000903,ADD_TO_CART,50,2026-07-28 05:20:47,19975.03
5389,sess_000903,CHECKOUT_START,50,2026-07-28 05:21:46,19975.03
5390,sess_000904,PRODUCT_VIEW,50,2026-08-01 20:56:05,19975.03
5391,sess_000904,ADD_TO_CART,50,2026-08-01 20:56:40,19975.03
5392,sess_000904,PRODUCT_VIEW,28,2026-08-01 20:58:12,470.42
5393,sess_000904,ADD_TO_CART,28,2026-08-01 20:58:57,470.42
5394,sess_000904,CHECKOUT_START,50,2026-08-01 20:59:24,20445.449999999997
5395,sess_000905,PRODUCT_VIEW,42,2026-07-26 02:46:05,1353.46
5396,sess_000905,ADD_TO_CART,42,2026-07-26 02:46:43,1353.46
5397,sess_000905,CHECKOUT_START,42,2026-07-26 02:47:25,1353.46
5398,sess_000906,PRODUCT_VIEW,42,2026-07-19 17:06:05,1353.46
5399,sess_000906,ADD_TO_CART,42,2026-07-19 17:06:23,1353.46
5400,sess_000906,PRODUCT_VIEW,16,2026-07-19 17:07:54,1571.54
5401,sess_000906,ADD_TO_CART,16,2026-07-19 17:08:52,1571.54
5402,sess_000906,PRODUCT_VIEW,34,2026-07-19 17:09:14,7303.52
5403,sess_000906,ADD_TO_CART,34,2026-07-19 17:09:42,7303.52
5404,sess_000907,PRODUCT_VIEW,36,2026-08-03 00:54:05,23638.97
5405,sess_000907,ADD_TO_CART,36,2026-08-03 00:55:05,23638.97
5406,sess_000907,CHECKOUT_START,36,2026-08-03 00:55:43,23638.97
5407,sess_000907,PAYMENT_FAILURE,36,2026-08-03 00:56:38,23638.97
5408,sess_000907,PAYMENT_FAILURE,36,2026-08-03 00:57:45,23638.97
5409,sess_000907,PAYMENT_FAILURE,36,2026-08-03 00:59:03,23638.97
5410,sess_000908,PRODUCT_VIEW,23,2026-07-13 05:50:05,1664.26
5411,sess_000908,ADD_TO_CART,23,2026-07-13 05:50:28,1664.26
5412,sess_000908,PRODUCT_VIEW,27,2026-07-13 05:50:49,34536.05
5413,sess_000908,ADD_TO_CART,27,2026-07-13 05:51:34,34536.05
5414,sess_000908,PRODUCT_VIEW,41,2026-07-13 05:52:55,30450.87
5415,sess_000908,ADD_TO_CART,41,2026-07-13 05:53:32,30450.87
5416,sess_000908,PRODUCT_VIEW,5,2026-07-13 05:54:04,5973.44
5417,sess_000908,ADD_TO_CART,5,2026-07-13 05:54:57,5973.44
5418,sess_000909,PRODUCT_VIEW,26,2026-07-09 20:31:05,1741.62
5419,sess_000909,ADD_TO_CART,26,2026-07-09 20:31:30,1741.62
5420,sess_000909,PRODUCT_VIEW,35,2026-07-09 20:33:05,33955.92
5421,sess_000909,ADD_TO_CART,35,2026-07-09 20:34:05,33955.92
5422,sess_000909,PRODUCT_VIEW,10,2026-07-09 20:35:04,8490.19
5423,sess_000909,ADD_TO_CART,10,2026-07-09 20:35:46,8490.19
5424,sess_000910,PRODUCT_VIEW,39,2026-07-14 16:59:05,33078.06
5425,sess_000910,ADD_TO_CART,39,2026-07-14 16:59:18,33078.06
5426,sess_000910,PRODUCT_VIEW,26,2026-07-14 16:59:52,1741.62
5427,sess_000910,ADD_TO_CART,26,2026-07-14 17:00:50,1741.62
5428,sess_000910,PRODUCT_VIEW,25,2026-07-14 17:01:59,11269.93
5429,sess_000910,ADD_TO_CART,25,2026-07-14 17:02:41,11269.93
5430,sess_000910,PRODUCT_VIEW,5,2026-07-14 17:03:26,5973.44
5431,sess_000910,ADD_TO_CART,5,2026-07-14 17:03:40,5973.44
5432,sess_000911,PRODUCT_VIEW,40,2026-07-08 22:22:05,17551.46
5433,sess_000911,ADD_TO_CART,40,2026-07-08 22:22:56,17551.46
5434,sess_000912,PRODUCT_VIEW,42,2026-07-24 10:42:05,1353.46
5435,sess_000912,ADD_TO_CART,42,2026-07-24 10:42:18,1353.46
5436,sess_000912,PRODUCT_VIEW,27,2026-07-24 10:43:25,34536.05
5437,sess_000912,ADD_TO_CART,27,2026-07-24 10:43:49,34536.05
5438,sess_000912,PRODUCT_VIEW,41,2026-07-24 10:44:44,30450.87
5439,sess_000912,ADD_TO_CART,41,2026-07-24 10:45:11,30450.87
5440,sess_000912,PRODUCT_VIEW,10,2026-07-24 10:45:33,8490.19
5441,sess_000912,ADD_TO_CART,10,2026-07-24 10:46:14,8490.19
5442,sess_000912,CHECKOUT_START,42,2026-07-24 10:47:30,74830.57
5443,sess_000912,PAYMENT_FAILURE,42,2026-07-24 10:48:28,74830.57
5444,sess_000912,PAYMENT_FAILURE,42,2026-07-24 10:49:36,74830.57
5445,sess_000912,PAYMENT_FAILURE,42,2026-07-24 10:50:24,74830.57
5446,sess_000913,PRODUCT_VIEW,2,2026-08-03 10:52:05,8878.17
5447,sess_000913,ADD_TO_CART,2,2026-08-03 10:53:02,8878.17
5448,sess_000913,PRODUCT_VIEW,36,2026-08-03 10:54:24,23638.97
5449,sess_000913,ADD_TO_CART,36,2026-08-03 10:55:20,23638.97
5450,sess_000913,PRODUCT_VIEW,6,2026-08-03 10:57:00,33938.58
5451,sess_000913,ADD_TO_CART,6,2026-08-03 10:57:40,33938.58
5452,sess_000913,CHECKOUT_START,2,2026-08-03 10:58:49,66455.72
5453,sess_000914,PRODUCT_VIEW,5,2026-07-14 15:38:05,5973.44
5454,sess_000914,ADD_TO_CART,5,2026-07-14 15:38:29,5973.44
5455,sess_000914,PRODUCT_VIEW,13,2026-07-14 15:39:00,15251.23
5456,sess_000914,ADD_TO_CART,13,2026-07-14 15:39:18,15251.23
5457,sess_000914,PRODUCT_VIEW,30,2026-07-14 15:40:18,16078.93
5458,sess_000914,ADD_TO_CART,30,2026-07-14 15:40:50,16078.93
5459,sess_000914,CHECKOUT_START,5,2026-07-14 15:41:31,37303.6
5460,sess_000915,PRODUCT_VIEW,6,2026-07-09 21:55:05,33938.58
5461,sess_000915,ADD_TO_CART,6,2026-07-09 21:55:53,33938.58
5462,sess_000915,CHECKOUT_START,6,2026-07-09 21:56:33,33938.58
5463,sess_000915,PAYMENT_FAILURE,6,2026-07-09 21:57:03,33938.58
5464,sess_000916,PRODUCT_VIEW,30,2026-07-12 07:06:05,16078.93
5465,sess_000916,ADD_TO_CART,30,2026-07-12 07:06:49,16078.93
5466,sess_000916,PRODUCT_VIEW,32,2026-07-12 07:08:22,5145.04
5467,sess_000916,ADD_TO_CART,32,2026-07-12 07:08:54,5145.04
5468,sess_000916,CHECKOUT_START,30,2026-07-12 07:10:02,21223.97
5469,sess_000917,PRODUCT_VIEW,38,2026-07-17 06:01:05,24333.81
5470,sess_000917,ADD_TO_CART,38,2026-07-17 06:01:25,24333.81
5471,sess_000917,PRODUCT_VIEW,4,2026-07-17 06:02:59,12764.76
5472,sess_000917,ADD_TO_CART,4,2026-07-17 06:03:29,12764.76
5473,sess_000917,PRODUCT_VIEW,47,2026-07-17 06:03:55,34979.66
5474,sess_000917,ADD_TO_CART,47,2026-07-17 06:04:14,34979.66
5475,sess_000918,PRODUCT_VIEW,14,2026-07-30 14:54:05,21714.55
5476,sess_000918,ADD_TO_CART,14,2026-07-30 14:54:40,21714.55
5477,sess_000918,PRODUCT_VIEW,44,2026-07-30 14:56:00,7783.14
5478,sess_000918,ADD_TO_CART,44,2026-07-30 14:56:44,7783.14
5479,sess_000918,PRODUCT_VIEW,17,2026-07-30 14:57:17,23333.68
5480,sess_000918,ADD_TO_CART,17,2026-07-30 14:57:36,23333.68
5481,sess_000918,PRODUCT_VIEW,7,2026-07-30 14:58:55,23088.42
5482,sess_000918,ADD_TO_CART,7,2026-07-30 14:59:52,23088.42
5483,sess_000918,CHECKOUT_START,14,2026-07-30 15:01:15,75919.79
5484,sess_000919,PRODUCT_VIEW,41,2026-08-07 19:07:05,30450.87
5485,sess_000919,ADD_TO_CART,41,2026-08-07 19:07:27,30450.87
5486,sess_000919,CHECKOUT_START,41,2026-08-07 19:08:20,30450.87
5487,sess_000919,PAYMENT_FAILURE,41,2026-08-07 19:09:23,30450.87
5488,sess_000920,PRODUCT_VIEW,35,2026-07-12 07:51:05,33955.92
5489,sess_000920,ADD_TO_CART,35,2026-07-12 07:51:22,33955.92
5490,sess_000920,PRODUCT_VIEW,16,2026-07-12 07:52:47,1571.54
5491,sess_000920,ADD_TO_CART,16,2026-07-12 07:53:08,1571.54
5492,sess_000920,CHECKOUT_START,35,2026-07-12 07:54:37,35527.46
5493,sess_000921,PRODUCT_VIEW,44,2026-07-20 09:17:05,7783.14
5494,sess_000921,ADD_TO_CART,44,2026-07-20 09:17:59,7783.14
5495,sess_000921,PRODUCT_VIEW,8,2026-07-20 09:18:26,27139.29
5496,sess_000921,ADD_TO_CART,8,2026-07-20 09:19:01,27139.29
5497,sess_000921,PRODUCT_VIEW,30,2026-07-20 09:20:24,16078.93
5498,sess_000921,ADD_TO_CART,30,2026-07-20 09:20:49,16078.93
5499,sess_000921,PRODUCT_VIEW,31,2026-07-20 09:22:00,17262.47
5500,sess_000921,ADD_TO_CART,31,2026-07-20 09:22:43,17262.47
5501,sess_000921,CHECKOUT_START,44,2026-07-20 09:23:21,68263.83
5502,sess_000921,PAYMENT_FAILURE,44,2026-07-20 09:24:46,68263.83
5503,sess_000922,PRODUCT_VIEW,41,2026-07-21 19:43:05,30450.87
5504,sess_000922,ADD_TO_CART,41,2026-07-21 19:43:35,30450.87
5505,sess_000922,PRODUCT_VIEW,23,2026-07-21 19:44:15,1664.26
5506,sess_000922,ADD_TO_CART,23,2026-07-21 19:44:30,1664.26
5507,sess_000922,CHECKOUT_START,41,2026-07-21 19:45:40,32115.129999999997
5508,sess_000923,PRODUCT_VIEW,37,2026-07-24 21:03:05,30424.4
5509,sess_000923,ADD_TO_CART,37,2026-07-24 21:03:48,30424.4
5510,sess_000923,PRODUCT_VIEW,10,2026-07-24 21:04:30,8490.19
5511,sess_000923,ADD_TO_CART,10,2026-07-24 21:04:44,8490.19
5512,sess_000923,PRODUCT_VIEW,47,2026-07-24 21:06:17,34979.66
5513,sess_000923,ADD_TO_CART,47,2026-07-24 21:06:35,34979.66
5514,sess_000923,PRODUCT_VIEW,5,2026-07-24 21:07:36,5973.44
5515,sess_000923,ADD_TO_CART,5,2026-07-24 21:08:22,5973.44
5516,sess_000924,PRODUCT_VIEW,9,2026-07-25 03:21:05,33952.76
5517,sess_000924,ADD_TO_CART,9,2026-07-25 03:21:36,33952.76
5518,sess_000924,PRODUCT_VIEW,3,2026-07-25 03:22:00,15751.54
5519,sess_000924,ADD_TO_CART,3,2026-07-25 03:22:48,15751.54
5520,sess_000924,CHECKOUT_START,9,2026-07-25 03:23:37,49704.3
5521,sess_000925,PRODUCT_VIEW,42,2026-07-29 02:30:05,1353.46
5522,sess_000925,ADD_TO_CART,42,2026-07-29 02:30:20,1353.46
5523,sess_000925,CHECKOUT_START,42,2026-07-29 02:31:16,1353.46
5524,sess_000926,PRODUCT_VIEW,35,2026-07-18 09:34:05,33955.92
5525,sess_000926,ADD_TO_CART,35,2026-07-18 09:34:43,33955.92
5526,sess_000926,PRODUCT_VIEW,26,2026-07-18 09:35:52,1741.62
5527,sess_000926,ADD_TO_CART,26,2026-07-18 09:36:32,1741.62
5528,sess_000926,CHECKOUT_START,35,2026-07-18 09:37:17,35697.54
5529,sess_000927,PRODUCT_VIEW,32,2026-07-26 21:58:05,5145.04
5530,sess_000927,ADD_TO_CART,32,2026-07-26 21:58:49,5145.04
5531,sess_000927,PRODUCT_VIEW,40,2026-07-26 21:59:28,17551.46
5532,sess_000927,ADD_TO_CART,40,2026-07-26 22:00:17,17551.46
5533,sess_000927,PRODUCT_VIEW,35,2026-07-26 22:01:50,33955.92
5534,sess_000927,ADD_TO_CART,35,2026-07-26 22:02:27,33955.92
5535,sess_000927,PRODUCT_VIEW,25,2026-07-26 22:03:51,11269.93
5536,sess_000927,ADD_TO_CART,25,2026-07-26 22:04:32,11269.93
5537,sess_000927,CHECKOUT_START,32,2026-07-26 22:05:11,67922.35
5538,sess_000928,PRODUCT_VIEW,26,2026-07-15 23:19:05,1741.62
5539,sess_000928,ADD_TO_CART,26,2026-07-15 23:19:56,1741.62
5540,sess_000928,CHECKOUT_START,26,2026-07-15 23:20:39,1741.62
5541,sess_000929,PRODUCT_VIEW,44,2026-07-30 23:36:05,7783.14
5542,sess_000929,ADD_TO_CART,44,2026-07-30 23:36:17,7783.14
5543,sess_000929,PRODUCT_VIEW,30,2026-07-30 23:36:40,16078.93
5544,sess_000929,ADD_TO_CART,30,2026-07-30 23:37:33,16078.93
5545,sess_000929,PRODUCT_VIEW,37,2026-07-30 23:38:08,30424.4
5546,sess_000929,ADD_TO_CART,37,2026-07-30 23:38:28,30424.4
5547,sess_000929,CHECKOUT_START,44,2026-07-30 23:39:23,54286.47
5548,sess_000930,PRODUCT_VIEW,38,2026-07-27 15:28:05,24333.81
5549,sess_000930,ADD_TO_CART,38,2026-07-27 15:28:37,24333.81
5550,sess_000930,PRODUCT_VIEW,26,2026-07-27 15:30:15,1741.62
5551,sess_000930,ADD_TO_CART,26,2026-07-27 15:30:43,1741.62
5552,sess_000930,PRODUCT_VIEW,13,2026-07-27 15:31:26,15251.23
5553,sess_000930,ADD_TO_CART,13,2026-07-27 15:32:16,15251.23
5554,sess_000930,PRODUCT_VIEW,9,2026-07-27 15:33:07,33952.76
5555,sess_000930,ADD_TO_CART,9,2026-07-27 15:33:57,33952.76
5556,sess_000930,CHECKOUT_START,38,2026-07-27 15:34:34,75279.42000000001
5557,sess_000931,PRODUCT_VIEW,26,2026-07-11 17:02:05,1741.62
5558,sess_000931,ADD_TO_CART,26,2026-07-11 17:02:20,1741.62
5559,sess_000931,PRODUCT_VIEW,11,2026-07-11 17:03:21,6189.77
5560,sess_000931,ADD_TO_CART,11,2026-07-11 17:03:42,6189.77
5561,sess_000931,PRODUCT_VIEW,17,2026-07-11 17:05:10,23333.68
5562,sess_000931,ADD_TO_CART,17,2026-07-11 17:06:08,23333.68
5563,sess_000931,CHECKOUT_START,26,2026-07-11 17:07:11,31265.07
5564,sess_000931,PAYMENT_FAILURE,26,2026-07-11 17:08:27,31265.07
5565,sess_000931,PAYMENT_FAILURE,26,2026-07-11 17:09:56,31265.07
5566,sess_000931,PAYMENT_FAILURE,26,2026-07-11 17:10:56,31265.07
5567,sess_000932,PRODUCT_VIEW,7,2026-07-08 04:31:05,23088.42
5568,sess_000932,ADD_TO_CART,7,2026-07-08 04:31:21,23088.42
5569,sess_000932,PRODUCT_VIEW,15,2026-07-08 04:32:52,6095.52
5570,sess_000932,ADD_TO_CART,15,2026-07-08 04:33:47,6095.52
5571,sess_000932,PRODUCT_VIEW,33,2026-07-08 04:34:57,10984.48
5572,sess_000932,ADD_TO_CART,33,2026-07-08 04:35:30,10984.48
5573,sess_000932,CHECKOUT_START,7,2026-07-08 04:36:36,40168.42
5574,sess_000933,PRODUCT_VIEW,49,2026-07-26 05:33:05,30515.02
5575,sess_000933,ADD_TO_CART,49,2026-07-26 05:33:58,30515.02
5576,sess_000933,PRODUCT_VIEW,32,2026-07-26 05:34:54,5145.04
5577,sess_000933,ADD_TO_CART,32,2026-07-26 05:35:20,5145.04
5578,sess_000933,PRODUCT_VIEW,50,2026-07-26 05:36:08,19975.03
5579,sess_000933,ADD_TO_CART,50,2026-07-26 05:36:18,19975.03
5580,sess_000933,CHECKOUT_START,49,2026-07-26 05:37:02,55635.09
5581,sess_000934,PRODUCT_VIEW,4,2026-07-12 20:46:05,12764.76
5582,sess_000934,ADD_TO_CART,4,2026-07-12 20:46:48,12764.76
5583,sess_000934,PRODUCT_VIEW,13,2026-07-12 20:47:50,15251.23
5584,sess_000934,ADD_TO_CART,13,2026-07-12 20:48:37,15251.23
5585,sess_000934,CHECKOUT_START,4,2026-07-12 20:49:27,28015.989999999998
5586,sess_000935,PRODUCT_VIEW,21,2026-07-26 14:08:05,9659.58
5587,sess_000935,ADD_TO_CART,21,2026-07-26 14:08:35,9659.58
5588,sess_000935,CHECKOUT_START,21,2026-07-26 14:09:20,9659.58
5589,sess_000935,PAYMENT_FAILURE,21,2026-07-26 14:09:56,9659.58
5590,sess_000935,PAYMENT_FAILURE,21,2026-07-26 14:10:39,9659.58
5591,sess_000936,PRODUCT_VIEW,21,2026-07-25 08:23:05,9659.58
5592,sess_000936,ADD_TO_CART,21,2026-07-25 08:23:32,9659.58
5593,sess_000936,PRODUCT_VIEW,3,2026-07-25 08:24:11,15751.54
5594,sess_000936,ADD_TO_CART,3,2026-07-25 08:25:05,15751.54
5595,sess_000936,PRODUCT_VIEW,2,2026-07-25 08:25:38,8878.17
5596,sess_000936,ADD_TO_CART,2,2026-07-25 08:26:06,8878.17
5597,sess_000936,PRODUCT_VIEW,40,2026-07-25 08:26:37,17551.46
5598,sess_000936,ADD_TO_CART,40,2026-07-25 08:26:49,17551.46
5599,sess_000936,CHECKOUT_START,21,2026-07-25 08:27:54,51840.75
5600,sess_000937,PRODUCT_VIEW,39,2026-07-20 06:45:05,33078.06
5601,sess_000937,ADD_TO_CART,39,2026-07-20 06:46:01,33078.06
5602,sess_000938,PRODUCT_VIEW,9,2026-07-31 07:04:05,33952.76
5603,sess_000938,ADD_TO_CART,9,2026-07-31 07:04:50,33952.76
5604,sess_000938,PRODUCT_VIEW,22,2026-07-31 07:06:04,18731.11
5605,sess_000938,ADD_TO_CART,22,2026-07-31 07:06:40,18731.11
5606,sess_000938,CHECKOUT_START,9,2026-07-31 07:07:07,52683.87
5607,sess_000938,PAYMENT_FAILURE,9,2026-07-31 07:07:57,52683.87
5608,sess_000938,PAYMENT_FAILURE,9,2026-07-31 07:09:22,52683.87
5609,sess_000938,PAYMENT_FAILURE,9,2026-07-31 07:10:41,52683.87
5610,sess_000939,PRODUCT_VIEW,32,2026-07-24 15:05:05,5145.04
5611,sess_000939,ADD_TO_CART,32,2026-07-24 15:05:36,5145.04
5612,sess_000939,PRODUCT_VIEW,46,2026-07-24 15:07:01,3997.88
5613,sess_000939,ADD_TO_CART,46,2026-07-24 15:07:32,3997.88
5614,sess_000939,CHECKOUT_START,32,2026-07-24 15:08:27,9142.92
5615,sess_000940,PRODUCT_VIEW,40,2026-07-27 13:48:05,17551.46
5616,sess_000940,ADD_TO_CART,40,2026-07-27 13:48:59,17551.46
5617,sess_000940,PRODUCT_VIEW,8,2026-07-27 13:50:13,27139.29
5618,sess_000940,ADD_TO_CART,8,2026-07-27 13:50:44,27139.29
5619,sess_000940,PRODUCT_VIEW,6,2026-07-27 13:51:07,33938.58
5620,sess_000940,ADD_TO_CART,6,2026-07-27 13:51:25,33938.58
5621,sess_000940,CHECKOUT_START,40,2026-07-27 13:51:45,78629.33
5622,sess_000941,PRODUCT_VIEW,9,2026-07-18 16:47:05,33952.76
5623,sess_000941,ADD_TO_CART,9,2026-07-18 16:47:22,33952.76
5624,sess_000941,PRODUCT_VIEW,42,2026-07-18 16:48:23,1353.46
5625,sess_000941,ADD_TO_CART,42,2026-07-18 16:48:53,1353.46
5626,sess_000941,CHECKOUT_START,9,2026-07-18 16:49:21,35306.22
5627,sess_000941,PAYMENT_FAILURE,9,2026-07-18 16:50:04,35306.22
5628,sess_000941,PAYMENT_FAILURE,9,2026-07-18 16:50:34,35306.22
5629,sess_000941,PAYMENT_FAILURE,9,2026-07-18 16:51:24,35306.22
5630,sess_000942,PRODUCT_VIEW,19,2026-07-18 10:06:05,20611.38
5631,sess_000942,ADD_TO_CART,19,2026-07-18 10:06:39,20611.38
5632,sess_000942,PRODUCT_VIEW,34,2026-07-18 10:07:48,7303.52
5633,sess_000942,ADD_TO_CART,34,2026-07-18 10:08:35,7303.52
5634,sess_000942,PRODUCT_VIEW,40,2026-07-18 10:10:14,17551.46
5635,sess_000942,ADD_TO_CART,40,2026-07-18 10:11:09,17551.46
5636,sess_000942,CHECKOUT_START,19,2026-07-18 10:12:31,45466.36
5637,sess_000943,PRODUCT_VIEW,10,2026-07-18 09:34:05,8490.19
5638,sess_000943,ADD_TO_CART,10,2026-07-18 09:34:38,8490.19
5639,sess_000943,PRODUCT_VIEW,48,2026-07-18 09:36:03,34207.92
5640,sess_000943,ADD_TO_CART,48,2026-07-18 09:37:00,34207.92
5641,sess_000943,PRODUCT_VIEW,1,2026-07-18 09:37:41,29947.02
5642,sess_000943,ADD_TO_CART,1,2026-07-18 09:38:14,29947.02
5643,sess_000943,PRODUCT_VIEW,9,2026-07-18 09:39:10,33952.76
5644,sess_000943,ADD_TO_CART,9,2026-07-18 09:39:33,33952.76
5645,sess_000943,CHECKOUT_START,10,2026-07-18 09:40:01,106597.89000000001
5646,sess_000944,PRODUCT_VIEW,13,2026-08-03 18:08:05,15251.23
5647,sess_000944,ADD_TO_CART,13,2026-08-03 18:08:24,15251.23
5648,sess_000944,PRODUCT_VIEW,39,2026-08-03 18:08:44,33078.06
5649,sess_000944,ADD_TO_CART,39,2026-08-03 18:09:34,33078.06
5650,sess_000945,PRODUCT_VIEW,14,2026-08-05 06:53:05,21714.55
5651,sess_000945,ADD_TO_CART,14,2026-08-05 06:53:50,21714.55
5652,sess_000945,PRODUCT_VIEW,46,2026-08-05 06:55:09,3997.88
5653,sess_000945,ADD_TO_CART,46,2026-08-05 06:55:41,3997.88
5654,sess_000945,CHECKOUT_START,14,2026-08-05 06:56:04,25712.43
5655,sess_000945,PAYMENT_FAILURE,14,2026-08-05 06:57:08,25712.43
5656,sess_000945,PAYMENT_FAILURE,14,2026-08-05 06:57:48,25712.43
5657,sess_000946,PRODUCT_VIEW,21,2026-07-24 18:35:05,9659.58
5658,sess_000946,ADD_TO_CART,21,2026-07-24 18:35:50,9659.58
5659,sess_000946,PRODUCT_VIEW,17,2026-07-24 18:37:30,23333.68
5660,sess_000946,ADD_TO_CART,17,2026-07-24 18:37:57,23333.68
5661,sess_000946,PRODUCT_VIEW,48,2026-07-24 18:39:18,34207.92
5662,sess_000946,ADD_TO_CART,48,2026-07-24 18:39:36,34207.92
5663,sess_000946,PRODUCT_VIEW,24,2026-07-24 18:40:44,15990.76
5664,sess_000946,ADD_TO_CART,24,2026-07-24 18:41:03,15990.76
5665,sess_000946,CHECKOUT_START,21,2026-07-24 18:42:36,83191.93999999999
5666,sess_000947,PRODUCT_VIEW,26,2026-07-12 01:46:05,1741.62
5667,sess_000947,ADD_TO_CART,26,2026-07-12 01:46:18,1741.62
5668,sess_000947,CHECKOUT_START,26,2026-07-12 01:47:48,1741.62
5669,sess_000948,PRODUCT_VIEW,46,2026-07-23 18:38:05,3997.88
5670,sess_000948,ADD_TO_CART,46,2026-07-23 18:38:56,3997.88
5671,sess_000948,PRODUCT_VIEW,47,2026-07-23 18:40:30,34979.66
5672,sess_000948,ADD_TO_CART,47,2026-07-23 18:40:51,34979.66
5673,sess_000948,PRODUCT_VIEW,14,2026-07-23 18:41:14,21714.55
5674,sess_000948,ADD_TO_CART,14,2026-07-23 18:41:44,21714.55
5675,sess_000948,PRODUCT_VIEW,37,2026-07-23 18:42:27,30424.4
5676,sess_000948,ADD_TO_CART,37,2026-07-23 18:42:48,30424.4
5677,sess_000948,CHECKOUT_START,46,2026-07-23 18:43:27,91116.48999999999
5678,sess_000948,PAYMENT_FAILURE,46,2026-07-23 18:44:33,91116.48999999999
5679,sess_000948,PAYMENT_FAILURE,46,2026-07-23 18:45:39,91116.48999999999
5680,sess_000949,PRODUCT_VIEW,16,2026-08-02 21:11:05,1571.54
5681,sess_000949,ADD_TO_CART,16,2026-08-02 21:11:30,1571.54
5682,sess_000949,PRODUCT_VIEW,36,2026-08-02 21:12:11,23638.97
5683,sess_000949,ADD_TO_CART,36,2026-08-02 21:12:41,23638.97
5684,sess_000949,PRODUCT_VIEW,10,2026-08-02 21:13:47,8490.19
5685,sess_000949,ADD_TO_CART,10,2026-08-02 21:14:41,8490.19
5686,sess_000949,CHECKOUT_START,16,2026-08-02 21:15:32,33700.700000000004
5687,sess_000950,PRODUCT_VIEW,11,2026-07-25 20:27:05,6189.77
5688,sess_000950,ADD_TO_CART,11,2026-07-25 20:27:33,6189.77
5689,sess_000950,PRODUCT_VIEW,26,2026-07-25 20:28:24,1741.62
5690,sess_000950,ADD_TO_CART,26,2026-07-25 20:28:35,1741.62
5691,sess_000950,CHECKOUT_START,11,2026-07-25 20:30:08,7931.39
5692,sess_000951,PRODUCT_VIEW,1,2026-07-16 20:39:05,29947.02
5693,sess_000951,ADD_TO_CART,1,2026-07-16 20:39:19,29947.02
5694,sess_000951,PRODUCT_VIEW,12,2026-07-16 20:39:59,11993.35
5695,sess_000951,ADD_TO_CART,12,2026-07-16 20:40:12,11993.35
5696,sess_000951,PRODUCT_VIEW,37,2026-07-16 20:41:14,30424.4
5697,sess_000951,ADD_TO_CART,37,2026-07-16 20:41:39,30424.4
5698,sess_000951,PRODUCT_VIEW,29,2026-07-16 20:43:15,22477.1
5699,sess_000951,ADD_TO_CART,29,2026-07-16 20:43:54,22477.1
5700,sess_000952,PRODUCT_VIEW,10,2026-07-10 13:28:05,8490.19
5701,sess_000952,ADD_TO_CART,10,2026-07-10 13:28:58,8490.19
5702,sess_000952,PRODUCT_VIEW,2,2026-07-10 13:29:30,8878.17
5703,sess_000952,ADD_TO_CART,2,2026-07-10 13:29:48,8878.17
5704,sess_000952,CHECKOUT_START,10,2026-07-10 13:30:54,17368.36
5705,sess_000952,PAYMENT_FAILURE,10,2026-07-10 13:31:49,17368.36
5706,sess_000952,PAYMENT_FAILURE,10,2026-07-10 13:33:05,17368.36
5707,sess_000952,PAYMENT_FAILURE,10,2026-07-10 13:34:25,17368.36
5708,sess_000953,PRODUCT_VIEW,44,2026-08-06 15:34:05,7783.14
5709,sess_000953,ADD_TO_CART,44,2026-08-06 15:35:02,7783.14
5710,sess_000953,PRODUCT_VIEW,14,2026-08-06 15:36:09,21714.55
5711,sess_000953,ADD_TO_CART,14,2026-08-06 15:37:01,21714.55
5712,sess_000953,PRODUCT_VIEW,45,2026-08-06 15:38:26,13966.49
5713,sess_000953,ADD_TO_CART,45,2026-08-06 15:38:58,13966.49
5714,sess_000953,CHECKOUT_START,44,2026-08-06 15:39:41,43464.18
5715,sess_000954,PRODUCT_VIEW,20,2026-07-12 23:15:05,7441.9
5716,sess_000954,ADD_TO_CART,20,2026-07-12 23:15:56,7441.9
5717,sess_000954,PRODUCT_VIEW,16,2026-07-12 23:16:26,1571.54
5718,sess_000954,ADD_TO_CART,16,2026-07-12 23:17:12,1571.54
5719,sess_000954,PRODUCT_VIEW,25,2026-07-12 23:18:45,11269.93
5720,sess_000954,ADD_TO_CART,25,2026-07-12 23:19:15,11269.93
5721,sess_000955,PRODUCT_VIEW,50,2026-08-01 05:09:05,19975.03
5722,sess_000955,ADD_TO_CART,50,2026-08-01 05:09:52,19975.03
5723,sess_000955,PRODUCT_VIEW,47,2026-08-01 05:10:56,34979.66
5724,sess_000955,ADD_TO_CART,47,2026-08-01 05:11:48,34979.66
5725,sess_000955,CHECKOUT_START,50,2026-08-01 05:12:11,54954.69
5726,sess_000956,PRODUCT_VIEW,1,2026-07-11 07:10:05,29947.02
5727,sess_000956,ADD_TO_CART,1,2026-07-11 07:10:41,29947.02
5728,sess_000956,PRODUCT_VIEW,37,2026-07-11 07:12:01,30424.4
5729,sess_000956,ADD_TO_CART,37,2026-07-11 07:12:16,30424.4
5730,sess_000957,PRODUCT_VIEW,11,2026-07-26 22:58:05,6189.77
5731,sess_000957,ADD_TO_CART,11,2026-07-26 22:58:58,6189.77
5732,sess_000957,PRODUCT_VIEW,8,2026-07-26 23:00:16,27139.29
5733,sess_000957,ADD_TO_CART,8,2026-07-26 23:00:52,27139.29
5734,sess_000957,CHECKOUT_START,11,2026-07-26 23:02:11,33329.06
5735,sess_000958,PRODUCT_VIEW,25,2026-07-14 01:38:05,11269.93
5736,sess_000958,ADD_TO_CART,25,2026-07-14 01:38:40,11269.93
5737,sess_000959,PRODUCT_VIEW,13,2026-08-03 12:55:05,15251.23
5738,sess_000959,ADD_TO_CART,13,2026-08-03 12:56:02,15251.23
5739,sess_000959,PRODUCT_VIEW,40,2026-08-03 12:56:49,17551.46
5740,sess_000959,ADD_TO_CART,40,2026-08-03 12:57:01,17551.46
5741,sess_000959,CHECKOUT_START,13,2026-08-03 12:57:58,32802.69
5742,sess_000960,PRODUCT_VIEW,42,2026-07-22 00:10:05,1353.46
5743,sess_000960,ADD_TO_CART,42,2026-07-22 00:10:48,1353.46
5744,sess_000960,PRODUCT_VIEW,43,2026-07-22 00:11:21,24226.27
5745,sess_000960,ADD_TO_CART,43,2026-07-22 00:11:40,24226.27
5746,sess_000960,PRODUCT_VIEW,20,2026-07-22 00:12:36,7441.9
5747,sess_000960,ADD_TO_CART,20,2026-07-22 00:12:57,7441.9
5748,sess_000960,PRODUCT_VIEW,50,2026-07-22 00:13:29,19975.03
5749,sess_000960,ADD_TO_CART,50,2026-07-22 00:13:44,19975.03
5750,sess_000961,PRODUCT_VIEW,9,2026-07-29 00:20:05,33952.76
5751,sess_000961,ADD_TO_CART,9,2026-07-29 00:20:33,33952.76
5752,sess_000961,PRODUCT_VIEW,10,2026-07-29 00:21:41,8490.19
5753,sess_000961,ADD_TO_CART,10,2026-07-29 00:21:59,8490.19
5754,sess_000961,PRODUCT_VIEW,39,2026-07-29 00:22:21,33078.06
5755,sess_000961,ADD_TO_CART,39,2026-07-29 00:23:08,33078.06
5756,sess_000962,PRODUCT_VIEW,50,2026-07-13 22:22:05,19975.03
5757,sess_000962,ADD_TO_CART,50,2026-07-13 22:22:52,19975.03
5758,sess_000962,PRODUCT_VIEW,45,2026-07-13 22:24:15,13966.49
5759,sess_000962,ADD_TO_CART,45,2026-07-13 22:24:26,13966.49
5760,sess_000962,CHECKOUT_START,50,2026-07-13 22:24:58,33941.52
5761,sess_000963,PRODUCT_VIEW,25,2026-07-25 12:22:05,11269.93
5762,sess_000963,ADD_TO_CART,25,2026-07-25 12:22:23,11269.93
5763,sess_000963,PRODUCT_VIEW,20,2026-07-25 12:23:10,7441.9
5764,sess_000963,ADD_TO_CART,20,2026-07-25 12:23:21,7441.9
5765,sess_000963,PRODUCT_VIEW,49,2026-07-25 12:24:14,30515.02
5766,sess_000963,ADD_TO_CART,49,2026-07-25 12:24:28,30515.02
5767,sess_000964,PRODUCT_VIEW,18,2026-08-04 12:16:05,29592.56
5768,sess_000964,ADD_TO_CART,18,2026-08-04 12:16:54,29592.56
5769,sess_000964,PRODUCT_VIEW,4,2026-08-04 12:17:21,12764.76
5770,sess_000964,ADD_TO_CART,4,2026-08-04 12:17:59,12764.76
5771,sess_000964,PRODUCT_VIEW,11,2026-08-04 12:18:29,6189.77
5772,sess_000964,ADD_TO_CART,11,2026-08-04 12:19:06,6189.77
5773,sess_000964,PRODUCT_VIEW,39,2026-08-04 12:20:20,33078.06
5774,sess_000964,ADD_TO_CART,39,2026-08-04 12:21:07,33078.06
5775,sess_000964,CHECKOUT_START,18,2026-08-04 12:21:29,81625.15
5776,sess_000964,PAYMENT_FAILURE,18,2026-08-04 12:22:25,81625.15
5777,sess_000965,PRODUCT_VIEW,15,2026-07-18 20:58:05,6095.52
5778,sess_000965,ADD_TO_CART,15,2026-07-18 20:58:59,6095.52
5779,sess_000965,CHECKOUT_START,15,2026-07-18 20:59:55,6095.52
5780,sess_000965,PAYMENT_FAILURE,15,2026-07-18 21:00:27,6095.52
5781,sess_000965,PAYMENT_FAILURE,15,2026-07-18 21:01:12,6095.52
5782,sess_000966,PRODUCT_VIEW,28,2026-07-10 10:47:05,470.42
5783,sess_000966,ADD_TO_CART,28,2026-07-10 10:47:19,470.42
5784,sess_000966,PRODUCT_VIEW,20,2026-07-10 10:48:26,7441.9
5785,sess_000966,ADD_TO_CART,20,2026-07-10 10:49:04,7441.9
5786,sess_000966,PRODUCT_VIEW,40,2026-07-10 10:50:39,17551.46
5787,sess_000966,ADD_TO_CART,40,2026-07-10 10:51:32,17551.46
5788,sess_000966,CHECKOUT_START,28,2026-07-10 10:52:36,25463.78
5789,sess_000967,PRODUCT_VIEW,17,2026-07-31 16:03:05,23333.68
5790,sess_000967,ADD_TO_CART,17,2026-07-31 16:03:42,23333.68
5791,sess_000967,PRODUCT_VIEW,30,2026-07-31 16:04:02,16078.93
5792,sess_000967,ADD_TO_CART,30,2026-07-31 16:04:19,16078.93
5793,sess_000967,CHECKOUT_START,17,2026-07-31 16:04:44,39412.61
5794,sess_000968,PRODUCT_VIEW,29,2026-08-01 23:43:05,22477.1
5795,sess_000968,ADD_TO_CART,29,2026-08-01 23:43:40,22477.1
5796,sess_000968,CHECKOUT_START,29,2026-08-01 23:44:35,22477.1
5797,sess_000969,PRODUCT_VIEW,29,2026-08-06 06:03:05,22477.1
5798,sess_000969,ADD_TO_CART,29,2026-08-06 06:03:52,22477.1
5799,sess_000969,PRODUCT_VIEW,7,2026-08-06 06:04:15,23088.42
5800,sess_000969,ADD_TO_CART,7,2026-08-06 06:05:11,23088.42
5801,sess_000969,PRODUCT_VIEW,10,2026-08-06 06:05:44,8490.19
5802,sess_000969,ADD_TO_CART,10,2026-08-06 06:06:15,8490.19
5803,sess_000969,CHECKOUT_START,29,2026-08-06 06:06:42,54055.71
5804,sess_000970,PRODUCT_VIEW,46,2026-07-24 21:09:05,3997.88
5805,sess_000970,ADD_TO_CART,46,2026-07-24 21:09:18,3997.88
5806,sess_000970,PRODUCT_VIEW,15,2026-07-24 21:10:14,6095.52
5807,sess_000970,ADD_TO_CART,15,2026-07-24 21:10:47,6095.52
5808,sess_000970,PRODUCT_VIEW,22,2026-07-24 21:12:14,18731.11
5809,sess_000970,ADD_TO_CART,22,2026-07-24 21:12:41,18731.11
5810,sess_000970,PRODUCT_VIEW,6,2026-07-24 21:14:03,33938.58
5811,sess_000970,ADD_TO_CART,6,2026-07-24 21:14:32,33938.58
5812,sess_000970,CHECKOUT_START,46,2026-07-24 21:15:17,62763.090000000004
5813,sess_000971,PRODUCT_VIEW,35,2026-08-07 05:20:05,33955.92
5814,sess_000971,ADD_TO_CART,35,2026-08-07 05:20:37,33955.92
5815,sess_000971,PRODUCT_VIEW,34,2026-08-07 05:21:54,7303.52
5816,sess_000971,ADD_TO_CART,34,2026-08-07 05:22:31,7303.52
5817,sess_000971,PRODUCT_VIEW,44,2026-08-07 05:23:45,7783.14
5818,sess_000971,ADD_TO_CART,44,2026-08-07 05:24:33,7783.14
5819,sess_000972,PRODUCT_VIEW,11,2026-08-01 01:43:05,6189.77
5820,sess_000972,ADD_TO_CART,11,2026-08-01 01:43:40,6189.77
5821,sess_000972,PRODUCT_VIEW,29,2026-08-01 01:44:55,22477.1
5822,sess_000972,ADD_TO_CART,29,2026-08-01 01:45:14,22477.1
5823,sess_000972,PRODUCT_VIEW,17,2026-08-01 01:45:44,23333.68
5824,sess_000972,ADD_TO_CART,17,2026-08-01 01:46:16,23333.68
5825,sess_000972,PRODUCT_VIEW,28,2026-08-01 01:47:50,470.42
5826,sess_000972,ADD_TO_CART,28,2026-08-01 01:48:04,470.42
5827,sess_000973,PRODUCT_VIEW,41,2026-07-30 10:52:05,30450.87
5828,sess_000973,ADD_TO_CART,41,2026-07-30 10:53:03,30450.87
5829,sess_000973,PRODUCT_VIEW,38,2026-07-30 10:53:31,24333.81
5830,sess_000973,ADD_TO_CART,38,2026-07-30 10:54:31,24333.81
5831,sess_000973,PRODUCT_VIEW,2,2026-07-30 10:55:05,8878.17
5832,sess_000973,ADD_TO_CART,2,2026-07-30 10:55:18,8878.17
5833,sess_000973,CHECKOUT_START,41,2026-07-30 10:56:35,63662.85
5834,sess_000973,PAYMENT_FAILURE,41,2026-07-30 10:57:42,63662.85
5835,sess_000973,PAYMENT_FAILURE,41,2026-07-30 10:58:43,63662.85
5836,sess_000974,PRODUCT_VIEW,46,2026-08-07 02:16:05,3997.88
5837,sess_000974,ADD_TO_CART,46,2026-08-07 02:16:51,3997.88
5838,sess_000974,CHECKOUT_START,46,2026-08-07 02:18:31,3997.88
5839,sess_000975,PRODUCT_VIEW,40,2026-07-16 22:23:05,17551.46
5840,sess_000975,ADD_TO_CART,40,2026-07-16 22:23:17,17551.46
5841,sess_000975,PRODUCT_VIEW,39,2026-07-16 22:24:52,33078.06
5842,sess_000975,ADD_TO_CART,39,2026-07-16 22:25:21,33078.06
5843,sess_000975,PRODUCT_VIEW,33,2026-07-16 22:26:57,10984.48
5844,sess_000975,ADD_TO_CART,33,2026-07-16 22:27:38,10984.48
5845,sess_000975,CHECKOUT_START,40,2026-07-16 22:28:48,61614.0
5846,sess_000976,PRODUCT_VIEW,25,2026-08-05 17:51:05,11269.93
5847,sess_000976,ADD_TO_CART,25,2026-08-05 17:51:33,11269.93
5848,sess_000976,PRODUCT_VIEW,39,2026-08-05 17:52:06,33078.06
5849,sess_000976,ADD_TO_CART,39,2026-08-05 17:52:42,33078.06
5850,sess_000976,PRODUCT_VIEW,36,2026-08-05 17:53:50,23638.97
5851,sess_000976,ADD_TO_CART,36,2026-08-05 17:54:06,23638.97
5852,sess_000976,PRODUCT_VIEW,48,2026-08-05 17:54:45,34207.92
5853,sess_000976,ADD_TO_CART,48,2026-08-05 17:55:08,34207.92
5854,sess_000976,CHECKOUT_START,25,2026-08-05 17:56:30,102194.87999999999
5855,sess_000977,PRODUCT_VIEW,48,2026-07-31 18:41:05,34207.92
5856,sess_000977,ADD_TO_CART,48,2026-07-31 18:41:47,34207.92
5857,sess_000977,PRODUCT_VIEW,45,2026-07-31 18:43:22,13966.49
5858,sess_000977,ADD_TO_CART,45,2026-07-31 18:44:10,13966.49
5859,sess_000977,CHECKOUT_START,48,2026-07-31 18:45:07,48174.409999999996
5860,sess_000978,PRODUCT_VIEW,2,2026-08-07 22:20:05,8878.17
5861,sess_000978,ADD_TO_CART,2,2026-08-07 22:20:44,8878.17
5862,sess_000978,PRODUCT_VIEW,14,2026-08-07 22:21:10,21714.55
5863,sess_000978,ADD_TO_CART,14,2026-08-07 22:21:52,21714.55
5864,sess_000978,CHECKOUT_START,2,2026-08-07 22:23:10,30592.72
5865,sess_000979,PRODUCT_VIEW,16,2026-08-06 19:13:05,1571.54
5866,sess_000979,ADD_TO_CART,16,2026-08-06 19:13:38,1571.54
5867,sess_000979,CHECKOUT_START,16,2026-08-06 19:15:16,1571.54
5868,sess_000980,PRODUCT_VIEW,43,2026-08-04 21:46:05,24226.27
5869,sess_000980,ADD_TO_CART,43,2026-08-04 21:46:19,24226.27
5870,sess_000980,PRODUCT_VIEW,33,2026-08-04 21:47:48,10984.48
5871,sess_000980,ADD_TO_CART,33,2026-08-04 21:48:23,10984.48
5872,sess_000980,PRODUCT_VIEW,2,2026-08-04 21:49:16,8878.17
5873,sess_000980,ADD_TO_CART,2,2026-08-04 21:49:45,8878.17
5874,sess_000981,PRODUCT_VIEW,29,2026-07-22 16:40:05,22477.1
5875,sess_000981,ADD_TO_CART,29,2026-07-22 16:40:26,22477.1
5876,sess_000981,PRODUCT_VIEW,1,2026-07-22 16:40:53,29947.02
5877,sess_000981,ADD_TO_CART,1,2026-07-22 16:41:04,29947.02
5878,sess_000981,PRODUCT_VIEW,35,2026-07-22 16:41:57,33955.92
5879,sess_000981,ADD_TO_CART,35,2026-07-22 16:42:41,33955.92
5880,sess_000981,CHECKOUT_START,29,2026-07-22 16:43:06,86380.04
5881,sess_000982,PRODUCT_VIEW,39,2026-07-12 18:29:05,33078.06
5882,sess_000982,ADD_TO_CART,39,2026-07-12 18:30:03,33078.06
5883,sess_000982,PRODUCT_VIEW,26,2026-07-12 18:30:33,1741.62
5884,sess_000982,ADD_TO_CART,26,2026-07-12 18:30:53,1741.62
5885,sess_000982,PRODUCT_VIEW,6,2026-07-12 18:32:18,33938.58
5886,sess_000982,ADD_TO_CART,6,2026-07-12 18:32:59,33938.58
5887,sess_000982,CHECKOUT_START,39,2026-07-12 18:34:34,68758.26000000001
5888,sess_000983,PRODUCT_VIEW,18,2026-07-15 11:14:05,29592.56
5889,sess_000983,ADD_TO_CART,18,2026-07-15 11:14:17,29592.56
5890,sess_000983,CHECKOUT_START,18,2026-07-15 11:15:52,29592.56
5891,sess_000984,PRODUCT_VIEW,32,2026-07-20 10:10:05,5145.04
5892,sess_000984,ADD_TO_CART,32,2026-07-20 10:10:50,5145.04
5893,sess_000984,CHECKOUT_START,32,2026-07-20 10:11:41,5145.04
5894,sess_000985,PRODUCT_VIEW,19,2026-07-15 11:45:05,20611.38
5895,sess_000985,ADD_TO_CART,19,2026-07-15 11:45:17,20611.38
5896,sess_000985,PRODUCT_VIEW,41,2026-07-15 11:46:54,30450.87
5897,sess_000985,ADD_TO_CART,41,2026-07-15 11:47:30,30450.87
5898,sess_000985,CHECKOUT_START,19,2026-07-15 11:48:26,51062.25
5899,sess_000985,PAYMENT_FAILURE,19,2026-07-15 11:49:49,51062.25
5900,sess_000986,PRODUCT_VIEW,29,2026-07-30 03:45:05,22477.1
5901,sess_000986,ADD_TO_CART,29,2026-07-30 03:45:24,22477.1
5902,sess_000986,PRODUCT_VIEW,33,2026-07-30 03:45:52,10984.48
5903,sess_000986,ADD_TO_CART,33,2026-07-30 03:46:30,10984.48
5904,sess_000986,PRODUCT_VIEW,20,2026-07-30 03:46:51,7441.9
5905,sess_000986,ADD_TO_CART,20,2026-07-30 03:47:10,7441.9
5906,sess_000986,CHECKOUT_START,29,2026-07-30 03:48:41,40903.48
5907,sess_000987,PRODUCT_VIEW,1,2026-07-09 12:29:05,29947.02
5908,sess_000987,ADD_TO_CART,1,2026-07-09 12:29:51,29947.02
5909,sess_000987,PRODUCT_VIEW,33,2026-07-09 12:30:39,10984.48
5910,sess_000987,ADD_TO_CART,33,2026-07-09 12:31:06,10984.48
5911,sess_000987,CHECKOUT_START,1,2026-07-09 12:32:34,40931.5
5912,sess_000987,PAYMENT_FAILURE,1,2026-07-09 12:33:29,40931.5
5913,sess_000988,PRODUCT_VIEW,39,2026-07-25 19:56:05,33078.06
5914,sess_000988,ADD_TO_CART,39,2026-07-25 19:56:16,33078.06
5915,sess_000988,PRODUCT_VIEW,37,2026-07-25 19:57:55,30424.4
5916,sess_000988,ADD_TO_CART,37,2026-07-25 19:58:09,30424.4
5917,sess_000988,PRODUCT_VIEW,5,2026-07-25 19:58:40,5973.44
5918,sess_000988,ADD_TO_CART,5,2026-07-25 19:59:09,5973.44
5919,sess_000988,PRODUCT_VIEW,28,2026-07-25 19:59:38,470.42
5920,sess_000988,ADD_TO_CART,28,2026-07-25 20:00:01,470.42
5921,sess_000988,CHECKOUT_START,39,2026-07-25 20:00:35,69946.31999999999
5922,sess_000988,PAYMENT_FAILURE,39,2026-07-25 20:01:42,69946.31999999999
5923,sess_000988,PAYMENT_FAILURE,39,2026-07-25 20:03:09,69946.31999999999
5924,sess_000989,PRODUCT_VIEW,15,2026-07-11 17:39:05,6095.52
5925,sess_000989,ADD_TO_CART,15,2026-07-11 17:39:28,6095.52
5926,sess_000990,PRODUCT_VIEW,36,2026-07-31 23:08:05,23638.97
5927,sess_000990,ADD_TO_CART,36,2026-07-31 23:08:40,23638.97
5928,sess_000990,PRODUCT_VIEW,33,2026-07-31 23:09:42,10984.48
5929,sess_000990,ADD_TO_CART,33,2026-07-31 23:10:41,10984.48
5930,sess_000990,PRODUCT_VIEW,7,2026-07-31 23:11:03,23088.42
5931,sess_000990,ADD_TO_CART,7,2026-07-31 23:11:23,23088.42
5932,sess_000991,PRODUCT_VIEW,42,2026-08-04 03:35:05,1353.46
5933,sess_000991,ADD_TO_CART,42,2026-08-04 03:35:59,1353.46
5934,sess_000991,PRODUCT_VIEW,3,2026-08-04 03:36:56,15751.54
5935,sess_000991,ADD_TO_CART,3,2026-08-04 03:37:23,15751.54
5936,sess_000991,PRODUCT_VIEW,13,2026-08-04 03:37:46,15251.23
5937,sess_000991,ADD_TO_CART,13,2026-08-04 03:38:46,15251.23
5938,sess_000991,CHECKOUT_START,42,2026-08-04 03:40:18,32356.23
5939,sess_000992,PRODUCT_VIEW,39,2026-07-09 22:24:05,33078.06
5940,sess_000992,ADD_TO_CART,39,2026-07-09 22:25:03,33078.06
5941,sess_000992,PRODUCT_VIEW,35,2026-07-09 22:26:32,33955.92
5942,sess_000992,ADD_TO_CART,35,2026-07-09 22:27:22,33955.92
5943,sess_000992,PRODUCT_VIEW,37,2026-07-09 22:27:47,30424.4
5944,sess_000992,ADD_TO_CART,37,2026-07-09 22:28:31,30424.4
5945,sess_000992,CHECKOUT_START,39,2026-07-09 22:30:00,97458.38
5946,sess_000993,PRODUCT_VIEW,6,2026-07-12 05:49:05,33938.58
5947,sess_000993,ADD_TO_CART,6,2026-07-12 05:49:41,33938.58
5948,sess_000993,PRODUCT_VIEW,29,2026-07-12 05:51:07,22477.1
5949,sess_000993,ADD_TO_CART,29,2026-07-12 05:51:23,22477.1
5950,sess_000993,PRODUCT_VIEW,18,2026-07-12 05:52:11,29592.56
5951,sess_000993,ADD_TO_CART,18,2026-07-12 05:52:41,29592.56
5952,sess_000993,CHECKOUT_START,6,2026-07-12 05:54:20,86008.24
5953,sess_000994,PRODUCT_VIEW,20,2026-07-25 03:35:05,7441.9
5954,sess_000994,ADD_TO_CART,20,2026-07-25 03:35:34,7441.9
5955,sess_000994,PRODUCT_VIEW,33,2026-07-25 03:36:05,10984.48
5956,sess_000994,ADD_TO_CART,33,2026-07-25 03:36:35,10984.48
5957,sess_000994,PRODUCT_VIEW,25,2026-07-25 03:37:38,11269.93
5958,sess_000994,ADD_TO_CART,25,2026-07-25 03:38:25,11269.93
5959,sess_000994,PRODUCT_VIEW,37,2026-07-25 03:39:18,30424.4
5960,sess_000994,ADD_TO_CART,37,2026-07-25 03:39:48,30424.4
5961,sess_000994,CHECKOUT_START,20,2026-07-25 03:40:14,60120.71
5962,sess_000995,PRODUCT_VIEW,23,2026-07-11 01:10:05,1664.26
5963,sess_000995,ADD_TO_CART,23,2026-07-11 01:10:22,1664.26
5964,sess_000995,CHECKOUT_START,23,2026-07-11 01:10:51,1664.26
5965,sess_000995,PAYMENT_FAILURE,23,2026-07-11 01:11:51,1664.26
5966,sess_000995,PAYMENT_FAILURE,23,2026-07-11 01:12:26,1664.26
5967,sess_000996,PRODUCT_VIEW,33,2026-07-25 13:54:05,10984.48
5968,sess_000996,ADD_TO_CART,33,2026-07-25 13:54:52,10984.48
5969,sess_000996,CHECKOUT_START,33,2026-07-25 13:55:45,10984.48
5970,sess_000997,PRODUCT_VIEW,20,2026-08-06 23:47:05,7441.9
5971,sess_000997,ADD_TO_CART,20,2026-08-06 23:47:52,7441.9
5972,sess_000997,PRODUCT_VIEW,34,2026-08-06 23:48:44,7303.52
5973,sess_000997,ADD_TO_CART,34,2026-08-06 23:49:05,7303.52
5974,sess_000997,CHECKOUT_START,20,2026-08-06 23:49:31,14745.42
5975,sess_000997,PAYMENT_FAILURE,20,2026-08-06 23:50:19,14745.42
5976,sess_000997,PAYMENT_FAILURE,20,2026-08-06 23:51:47,14745.42
5977,sess_000997,PAYMENT_FAILURE,20,2026-08-06 23:52:41,14745.42
5978,sess_000998,PRODUCT_VIEW,17,2026-07-23 10:37:05,23333.68
5979,sess_000998,ADD_TO_CART,17,2026-07-23 10:37:35,23333.68
5980,sess_000998,PRODUCT_VIEW,11,2026-07-23 10:38:49,6189.77
5981,sess_000998,ADD_TO_CART,11,2026-07-23 10:39:22,6189.77
5982,sess_000998,PRODUCT_VIEW,1,2026-07-23 10:40:44,29947.02
5983,sess_000998,ADD_TO_CART,1,2026-07-23 10:41:42,29947.02
5984,sess_000998,PRODUCT_VIEW,20,2026-07-23 10:42:58,7441.9
5985,sess_000998,ADD_TO_CART,20,2026-07-23 10:43:29,7441.9
5986,sess_000998,CHECKOUT_START,17,2026-07-23 10:44:57,66912.37
5987,sess_000999,PRODUCT_VIEW,9,2026-07-28 17:05:05,33952.76
5988,sess_000999,ADD_TO_CART,9,2026-07-28 17:05:40,33952.76
5989,sess_000999,PRODUCT_VIEW,16,2026-07-28 17:06:48,1571.54
5990,sess_000999,ADD_TO_CART,16,2026-07-28 17:07:48,1571.54
5991,sess_000999,PRODUCT_VIEW,24,2026-07-28 17:08:24,15990.76
5992,sess_000999,ADD_TO_CART,24,2026-07-28 17:09:14,15990.76
5993,sess_000999,PRODUCT_VIEW,17,2026-07-28 17:09:57,23333.68
5994,sess_000999,ADD_TO_CART,17,2026-07-28 17:10:56,23333.68
5995,sess_000999,CHECKOUT_START,9,2026-07-28 17:12:09,74848.74
5996,sess_001000,PRODUCT_VIEW,15,2026-07-18 13:13:05,6095.52
5997,sess_001000,ADD_TO_CART,15,2026-07-18 13:13:59,6095.52
5998,sess_001000,PRODUCT_VIEW,4,2026-07-18 13:15:13,12764.76
5999,sess_001000,ADD_TO_CART,4,2026-07-18 13:15:33,12764.76
6000,sess_001000,PRODUCT_VIEW,1,2026-07-18 13:16:16,29947.02
6001,sess_001000,ADD_TO_CART,1,2026-07-18 13:16:33,29947.02
6002,sess_001001,PRODUCT_VIEW,20,2026-07-08 08:18:05,7441.9
6003,sess_001001,ADD_TO_CART,20,2026-07-08 08:18:35,7441.9
6004,sess_001001,PRODUCT_VIEW,26,2026-07-08 08:20:13,1741.62
6005,sess_001001,ADD_TO_CART,26,2026-07-08 08:20:27,1741.62
6006,sess_001001,PRODUCT_VIEW,9,2026-07-08 08:21:36,33952.76
6007,sess_001001,ADD_TO_CART,9,2026-07-08 08:21:47,33952.76
6008,sess_001001,PRODUCT_VIEW,49,2026-07-08 08:22:20,30515.02
6009,sess_001001,ADD_TO_CART,49,2026-07-08 08:22:35,30515.02
6010,sess_001002,PRODUCT_VIEW,4,2026-07-11 07:27:05,12764.76
6011,sess_001002,ADD_TO_CART,4,2026-07-11 07:27:15,12764.76
6012,sess_001002,PRODUCT_VIEW,1,2026-07-11 07:27:48,29947.02
6013,sess_001002,ADD_TO_CART,1,2026-07-11 07:28:28,29947.02
6014,sess_001002,PRODUCT_VIEW,49,2026-07-11 07:30:03,30515.02
6015,sess_001002,ADD_TO_CART,49,2026-07-11 07:30:46,30515.02
6016,sess_001002,PRODUCT_VIEW,35,2026-07-11 07:31:56,33955.92
6017,sess_001002,ADD_TO_CART,35,2026-07-11 07:32:36,33955.92
6018,sess_001003,PRODUCT_VIEW,18,2026-07-20 04:18:05,29592.56
6019,sess_001003,ADD_TO_CART,18,2026-07-20 04:18:43,29592.56
6020,sess_001003,CHECKOUT_START,18,2026-07-20 04:19:20,29592.56
6021,sess_001004,PRODUCT_VIEW,11,2026-07-13 10:07:05,6189.77
6022,sess_001004,ADD_TO_CART,11,2026-07-13 10:07:18,6189.77
6023,sess_001005,PRODUCT_VIEW,36,2026-07-31 09:57:05,23638.97
6024,sess_001005,ADD_TO_CART,36,2026-07-31 09:57:38,23638.97
6025,sess_001005,PRODUCT_VIEW,23,2026-07-31 09:58:31,1664.26
6026,sess_001005,ADD_TO_CART,23,2026-07-31 09:59:13,1664.26
6027,sess_001005,PRODUCT_VIEW,41,2026-07-31 09:59:55,30450.87
6028,sess_001005,ADD_TO_CART,41,2026-07-31 10:00:24,30450.87
6029,sess_001005,PRODUCT_VIEW,11,2026-07-31 10:01:00,6189.77
6030,sess_001005,ADD_TO_CART,11,2026-07-31 10:01:17,6189.77
6031,sess_001005,CHECKOUT_START,36,2026-07-31 10:02:48,61943.869999999995
6032,sess_001006,PRODUCT_VIEW,17,2026-07-13 15:28:05,23333.68
6033,sess_001006,ADD_TO_CART,17,2026-07-13 15:28:33,23333.68
6034,sess_001006,PRODUCT_VIEW,20,2026-07-13 15:29:52,7441.9
6035,sess_001006,ADD_TO_CART,20,2026-07-13 15:30:23,7441.9
6036,sess_001006,PRODUCT_VIEW,42,2026-07-13 15:31:01,1353.46
6037,sess_001006,ADD_TO_CART,42,2026-07-13 15:31:23,1353.46
6038,sess_001006,PRODUCT_VIEW,24,2026-07-13 15:31:52,15990.76
6039,sess_001006,ADD_TO_CART,24,2026-07-13 15:32:09,15990.76
6040,sess_001007,PRODUCT_VIEW,50,2026-07-14 06:17:05,19975.03
6041,sess_001007,ADD_TO_CART,50,2026-07-14 06:17:30,19975.03
6042,sess_001007,PRODUCT_VIEW,26,2026-07-14 06:18:27,1741.62
6043,sess_001007,ADD_TO_CART,26,2026-07-14 06:19:18,1741.62
6044,sess_001007,PRODUCT_VIEW,49,2026-07-14 06:19:59,30515.02
6045,sess_001007,ADD_TO_CART,49,2026-07-14 06:20:40,30515.02
6046,sess_001007,PRODUCT_VIEW,14,2026-07-14 06:21:21,21714.55
6047,sess_001007,ADD_TO_CART,14,2026-07-14 06:21:32,21714.55
6048,sess_001007,CHECKOUT_START,50,2026-07-14 06:22:16,73946.22
6049,sess_001008,PRODUCT_VIEW,42,2026-08-05 08:25:05,1353.46
6050,sess_001008,ADD_TO_CART,42,2026-08-05 08:25:49,1353.46
6051,sess_001009,PRODUCT_VIEW,21,2026-07-28 02:56:05,9659.58
6052,sess_001009,ADD_TO_CART,21,2026-07-28 02:56:49,9659.58
6053,sess_001009,PRODUCT_VIEW,47,2026-07-28 02:58:13,34979.66
6054,sess_001009,ADD_TO_CART,47,2026-07-28 02:58:32,34979.66
6055,sess_001009,CHECKOUT_START,21,2026-07-28 02:59:26,44639.240000000005
6056,sess_001010,PRODUCT_VIEW,33,2026-07-30 00:13:05,10984.48
6057,sess_001010,ADD_TO_CART,33,2026-07-30 00:13:19,10984.48
6058,sess_001011,PRODUCT_VIEW,17,2026-07-25 12:50:05,23333.68
6059,sess_001011,ADD_TO_CART,17,2026-07-25 12:50:31,23333.68
6060,sess_001011,PRODUCT_VIEW,43,2026-07-25 12:51:24,24226.27
6061,sess_001011,ADD_TO_CART,43,2026-07-25 12:52:01,24226.27
6062,sess_001011,PRODUCT_VIEW,24,2026-07-25 12:52:27,15990.76
6063,sess_001011,ADD_TO_CART,24,2026-07-25 12:53:11,15990.76
6064,sess_001012,PRODUCT_VIEW,42,2026-07-19 03:29:05,1353.46
6065,sess_001012,ADD_TO_CART,42,2026-07-19 03:29:58,1353.46
6066,sess_001012,CHECKOUT_START,42,2026-07-19 03:30:59,1353.46
6067,sess_001013,PRODUCT_VIEW,38,2026-07-22 07:08:05,24333.81
6068,sess_001013,ADD_TO_CART,38,2026-07-22 07:08:24,24333.81
6069,sess_001013,PRODUCT_VIEW,34,2026-07-22 07:10:00,7303.52
6070,sess_001013,ADD_TO_CART,34,2026-07-22 07:10:13,7303.52
6071,sess_001013,PRODUCT_VIEW,33,2026-07-22 07:11:12,10984.48
6072,sess_001013,ADD_TO_CART,33,2026-07-22 07:11:42,10984.48
6073,sess_001013,PRODUCT_VIEW,50,2026-07-22 07:13:03,19975.03
6074,sess_001013,ADD_TO_CART,50,2026-07-22 07:13:50,19975.03
6075,sess_001013,CHECKOUT_START,38,2026-07-22 07:14:27,62596.84
6076,sess_001013,PAYMENT_FAILURE,38,2026-07-22 07:15:50,62596.84
6077,sess_001013,PAYMENT_FAILURE,38,2026-07-22 07:16:50,62596.84
6078,sess_001014,PRODUCT_VIEW,46,2026-07-26 16:41:05,3997.88
6079,sess_001014,ADD_TO_CART,46,2026-07-26 16:41:23,3997.88
6080,sess_001014,PRODUCT_VIEW,17,2026-07-26 16:42:09,23333.68
6081,sess_001014,ADD_TO_CART,17,2026-07-26 16:42:54,23333.68
6082,sess_001014,PRODUCT_VIEW,12,2026-07-26 16:43:42,11993.35
6083,sess_001014,ADD_TO_CART,12,2026-07-26 16:44:29,11993.35
6084,sess_001014,PRODUCT_VIEW,18,2026-07-26 16:45:46,29592.56
6085,sess_001014,ADD_TO_CART,18,2026-07-26 16:46:06,29592.56
6086,sess_001015,PRODUCT_VIEW,37,2026-07-18 02:07:05,30424.4
6087,sess_001015,ADD_TO_CART,37,2026-07-18 02:07:26,30424.4
6088,sess_001015,PRODUCT_VIEW,14,2026-07-18 02:08:52,21714.55
6089,sess_001015,ADD_TO_CART,14,2026-07-18 02:09:34,21714.55
6090,sess_001015,CHECKOUT_START,37,2026-07-18 02:10:00,52138.95
6091,sess_001015,PAYMENT_FAILURE,37,2026-07-18 02:11:15,52138.95
6092,sess_001015,PAYMENT_FAILURE,37,2026-07-18 02:12:21,52138.95
6093,sess_001016,PRODUCT_VIEW,12,2026-07-12 20:38:05,11993.35
6094,sess_001016,ADD_TO_CART,12,2026-07-12 20:38:16,11993.35
6095,sess_001016,PRODUCT_VIEW,1,2026-07-12 20:38:44,29947.02
6096,sess_001016,ADD_TO_CART,1,2026-07-12 20:39:38,29947.02
6097,sess_001017,PRODUCT_VIEW,8,2026-07-09 23:36:05,27139.29
6098,sess_001017,ADD_TO_CART,8,2026-07-09 23:36:33,27139.29
6099,sess_001017,PRODUCT_VIEW,1,2026-07-09 23:37:17,29947.02
6100,sess_001017,ADD_TO_CART,1,2026-07-09 23:37:50,29947.02
6101,sess_001017,PRODUCT_VIEW,36,2026-07-09 23:38:59,23638.97
6102,sess_001017,ADD_TO_CART,36,2026-07-09 23:39:59,23638.97
6103,sess_001017,PRODUCT_VIEW,6,2026-07-09 23:40:30,33938.58
6104,sess_001017,ADD_TO_CART,6,2026-07-09 23:40:58,33938.58
6105,sess_001017,CHECKOUT_START,8,2026-07-09 23:41:25,114663.86
6106,sess_001018,PRODUCT_VIEW,18,2026-07-28 02:27:05,29592.56
6107,sess_001018,ADD_TO_CART,18,2026-07-28 02:27:50,29592.56
6108,sess_001018,PRODUCT_VIEW,27,2026-07-28 02:28:27,34536.05
6109,sess_001018,ADD_TO_CART,27,2026-07-28 02:28:49,34536.05
6110,sess_001018,PRODUCT_VIEW,49,2026-07-28 02:29:49,30515.02
6111,sess_001018,ADD_TO_CART,49,2026-07-28 02:30:18,30515.02
6112,sess_001018,PRODUCT_VIEW,50,2026-07-28 02:31:30,19975.03
6113,sess_001018,ADD_TO_CART,50,2026-07-28 02:32:17,19975.03
6114,sess_001018,CHECKOUT_START,18,2026-07-28 02:33:17,114618.66
6115,sess_001018,PAYMENT_FAILURE,18,2026-07-28 02:34:40,114618.66
6116,sess_001018,PAYMENT_FAILURE,18,2026-07-28 02:35:53,114618.66
6117,sess_001018,PAYMENT_FAILURE,18,2026-07-28 02:37:13,114618.66
6118,sess_001019,PRODUCT_VIEW,22,2026-07-12 10:50:05,18731.11
6119,sess_001019,ADD_TO_CART,22,2026-07-12 10:50:39,18731.11
6120,sess_001019,PRODUCT_VIEW,48,2026-07-12 10:51:55,34207.92
6121,sess_001019,ADD_TO_CART,48,2026-07-12 10:52:09,34207.92
6122,sess_001019,PRODUCT_VIEW,38,2026-07-12 10:53:11,24333.81
6123,sess_001019,ADD_TO_CART,38,2026-07-12 10:53:22,24333.81
6124,sess_001019,CHECKOUT_START,22,2026-07-12 10:53:47,77272.84
6125,sess_001020,PRODUCT_VIEW,46,2026-08-06 00:11:05,3997.88
6126,sess_001020,ADD_TO_CART,46,2026-08-06 00:11:20,3997.88
6127,sess_001020,CHECKOUT_START,46,2026-08-06 00:12:08,3997.88
6128,sess_001021,PRODUCT_VIEW,50,2026-07-26 03:40:05,19975.03
6129,sess_001021,ADD_TO_CART,50,2026-07-26 03:40:17,19975.03
6130,sess_001021,PRODUCT_VIEW,40,2026-07-26 03:41:43,17551.46
6131,sess_001021,ADD_TO_CART,40,2026-07-26 03:42:32,17551.46
6132,sess_001021,PRODUCT_VIEW,31,2026-07-26 03:42:53,17262.47
6133,sess_001021,ADD_TO_CART,31,2026-07-26 03:43:26,17262.47
6134,sess_001022,PRODUCT_VIEW,25,2026-07-21 19:49:05,11269.93
6135,sess_001022,ADD_TO_CART,25,2026-07-21 19:49:44,11269.93
6136,sess_001022,PRODUCT_VIEW,39,2026-07-21 19:50:05,33078.06
6137,sess_001022,ADD_TO_CART,39,2026-07-21 19:50:48,33078.06
6138,sess_001022,CHECKOUT_START,25,2026-07-21 19:51:37,44347.99
6139,sess_001022,PAYMENT_FAILURE,25,2026-07-21 19:52:41,44347.99
6140,sess_001022,PAYMENT_FAILURE,25,2026-07-21 19:53:38,44347.99
6141,sess_001022,PAYMENT_FAILURE,25,2026-07-21 19:54:43,44347.99
6142,sess_001023,PRODUCT_VIEW,38,2026-07-19 22:09:05,24333.81
6143,sess_001023,ADD_TO_CART,38,2026-07-19 22:09:38,24333.81
6144,sess_001023,PRODUCT_VIEW,28,2026-07-19 22:10:56,470.42
6145,sess_001023,ADD_TO_CART,28,2026-07-19 22:11:10,470.42
6146,sess_001023,PRODUCT_VIEW,12,2026-07-19 22:12:42,11993.35
6147,sess_001023,ADD_TO_CART,12,2026-07-19 22:13:21,11993.35
6148,sess_001023,CHECKOUT_START,38,2026-07-19 22:14:29,36797.58
6149,sess_001024,PRODUCT_VIEW,25,2026-08-05 20:06:05,11269.93
6150,sess_001024,ADD_TO_CART,25,2026-08-05 20:06:34,11269.93
6151,sess_001024,PRODUCT_VIEW,1,2026-08-05 20:07:04,29947.02
6152,sess_001024,ADD_TO_CART,1,2026-08-05 20:07:49,29947.02
6153,sess_001024,CHECKOUT_START,25,2026-08-05 20:08:09,41216.95
6154,sess_001024,PAYMENT_FAILURE,25,2026-08-05 20:09:27,41216.95
6155,sess_001024,PAYMENT_FAILURE,25,2026-08-05 20:10:57,41216.95
6156,sess_001024,PAYMENT_FAILURE,25,2026-08-05 20:12:24,41216.95
6157,sess_001025,PRODUCT_VIEW,30,2026-07-24 12:18:05,16078.93
6158,sess_001025,ADD_TO_CART,30,2026-07-24 12:18:46,16078.93
6159,sess_001025,CHECKOUT_START,30,2026-07-24 12:20:04,16078.93
6160,sess_001026,PRODUCT_VIEW,7,2026-07-29 11:29:05,23088.42
6161,sess_001026,ADD_TO_CART,7,2026-07-29 11:29:49,23088.42
6162,sess_001027,PRODUCT_VIEW,10,2026-08-03 09:45:05,8490.19
6163,sess_001027,ADD_TO_CART,10,2026-08-03 09:45:45,8490.19
6164,sess_001027,PRODUCT_VIEW,39,2026-08-03 09:46:47,33078.06
6165,sess_001027,ADD_TO_CART,39,2026-08-03 09:47:29,33078.06
6166,sess_001028,PRODUCT_VIEW,24,2026-07-15 12:07:05,15990.76
6167,sess_001028,ADD_TO_CART,24,2026-07-15 12:07:35,15990.76
6168,sess_001028,PRODUCT_VIEW,32,2026-07-15 12:08:50,5145.04
6169,sess_001028,ADD_TO_CART,32,2026-07-15 12:09:49,5145.04
6170,sess_001028,PRODUCT_VIEW,3,2026-07-15 12:11:13,15751.54
6171,sess_001028,ADD_TO_CART,3,2026-07-15 12:11:31,15751.54
6172,sess_001028,CHECKOUT_START,24,2026-07-15 12:11:51,36887.34
6173,sess_001028,PAYMENT_FAILURE,24,2026-07-15 12:13:15,36887.34
6174,sess_001029,PRODUCT_VIEW,47,2026-07-13 00:37:05,34979.66
6175,sess_001029,ADD_TO_CART,47,2026-07-13 00:37:18,34979.66
6176,sess_001030,PRODUCT_VIEW,9,2026-07-30 22:49:05,33952.76
6177,sess_001030,ADD_TO_CART,9,2026-07-30 22:49:45,33952.76
6178,sess_001030,PRODUCT_VIEW,18,2026-07-30 22:50:27,29592.56
6179,sess_001030,ADD_TO_CART,18,2026-07-30 22:51:09,29592.56
6180,sess_001031,PRODUCT_VIEW,45,2026-08-06 21:35:05,13966.49
6181,sess_001031,ADD_TO_CART,45,2026-08-06 21:36:00,13966.49
6182,sess_001031,PRODUCT_VIEW,17,2026-08-06 21:37:17,23333.68
6183,sess_001031,ADD_TO_CART,17,2026-08-06 21:37:42,23333.68
6184,sess_001031,CHECKOUT_START,45,2026-08-06 21:38:13,37300.17
6185,sess_001032,PRODUCT_VIEW,6,2026-07-23 22:23:05,33938.58
6186,sess_001032,ADD_TO_CART,6,2026-07-23 22:23:22,33938.58
6187,sess_001033,PRODUCT_VIEW,6,2026-07-13 20:54:05,33938.58
6188,sess_001033,ADD_TO_CART,6,2026-07-13 20:54:29,33938.58
6189,sess_001033,PRODUCT_VIEW,48,2026-07-13 20:55:45,34207.92
6190,sess_001033,ADD_TO_CART,48,2026-07-13 20:55:58,34207.92
6191,sess_001033,PRODUCT_VIEW,3,2026-07-13 20:57:30,15751.54
6192,sess_001033,ADD_TO_CART,3,2026-07-13 20:57:48,15751.54
6193,sess_001033,PRODUCT_VIEW,24,2026-07-13 20:58:33,15990.76
6194,sess_001033,ADD_TO_CART,24,2026-07-13 20:58:45,15990.76
6195,sess_001033,CHECKOUT_START,6,2026-07-13 20:59:09,99888.8
6196,sess_001034,PRODUCT_VIEW,36,2026-08-08 00:28:05,23638.97
6197,sess_001034,ADD_TO_CART,36,2026-08-08 00:28:59,23638.97
6198,sess_001034,PRODUCT_VIEW,46,2026-08-08 00:29:56,3997.88
6199,sess_001034,ADD_TO_CART,46,2026-08-08 00:30:20,3997.88
6200,sess_001034,PRODUCT_VIEW,21,2026-08-08 00:30:58,9659.58
6201,sess_001034,ADD_TO_CART,21,2026-08-08 00:31:44,9659.58
6202,sess_001034,CHECKOUT_START,36,2026-08-08 00:33:10,37296.43
6203,sess_001035,PRODUCT_VIEW,50,2026-08-03 04:19:05,19975.03
6204,sess_001035,ADD_TO_CART,50,2026-08-03 04:19:20,19975.03
6205,sess_001035,PRODUCT_VIEW,8,2026-08-03 04:20:59,27139.29
6206,sess_001035,ADD_TO_CART,8,2026-08-03 04:21:59,27139.29
6207,sess_001035,PRODUCT_VIEW,27,2026-08-03 04:23:24,34536.05
6208,sess_001035,ADD_TO_CART,27,2026-08-03 04:23:43,34536.05
6209,sess_001035,PRODUCT_VIEW,47,2026-08-03 04:25:03,34979.66
6210,sess_001035,ADD_TO_CART,47,2026-08-03 04:25:25,34979.66
6211,sess_001036,PRODUCT_VIEW,44,2026-07-30 13:17:05,7783.14
6212,sess_001036,ADD_TO_CART,44,2026-07-30 13:17:19,7783.14
6213,sess_001036,PRODUCT_VIEW,12,2026-07-30 13:18:38,11993.35
6214,sess_001036,ADD_TO_CART,12,2026-07-30 13:19:06,11993.35
6215,sess_001036,CHECKOUT_START,44,2026-07-30 13:19:53,19776.49
6216,sess_001036,PAYMENT_FAILURE,44,2026-07-30 13:21:19,19776.49
6217,sess_001037,PRODUCT_VIEW,34,2026-07-14 16:22:05,7303.52
6218,sess_001037,ADD_TO_CART,34,2026-07-14 16:22:49,7303.52
6219,sess_001037,PRODUCT_VIEW,4,2026-07-14 16:24:04,12764.76
6220,sess_001037,ADD_TO_CART,4,2026-07-14 16:24:16,12764.76
6221,sess_001037,PRODUCT_VIEW,26,2026-07-14 16:25:30,1741.62
6222,sess_001037,ADD_TO_CART,26,2026-07-14 16:26:08,1741.62
6223,sess_001037,PRODUCT_VIEW,18,2026-07-14 16:26:52,29592.56
6224,sess_001037,ADD_TO_CART,18,2026-07-14 16:27:39,29592.56
6225,sess_001038,PRODUCT_VIEW,12,2026-07-21 07:27:05,11993.35
6226,sess_001038,ADD_TO_CART,12,2026-07-21 07:27:39,11993.35
6227,sess_001038,PRODUCT_VIEW,21,2026-07-21 07:29:19,9659.58
6228,sess_001038,ADD_TO_CART,21,2026-07-21 07:29:48,9659.58
6229,sess_001038,PRODUCT_VIEW,15,2026-07-21 07:30:59,6095.52
6230,sess_001038,ADD_TO_CART,15,2026-07-21 07:31:17,6095.52
6231,sess_001039,PRODUCT_VIEW,40,2026-07-24 15:11:05,17551.46
6232,sess_001039,ADD_TO_CART,40,2026-07-24 15:11:38,17551.46
6233,sess_001039,PRODUCT_VIEW,22,2026-07-24 15:12:48,18731.11
6234,sess_001039,ADD_TO_CART,22,2026-07-24 15:13:08,18731.11
6235,sess_001039,PRODUCT_VIEW,23,2026-07-24 15:13:54,1664.26
6236,sess_001039,ADD_TO_CART,23,2026-07-24 15:14:40,1664.26
6237,sess_001039,PRODUCT_VIEW,6,2026-07-24 15:15:23,33938.58
6238,sess_001039,ADD_TO_CART,6,2026-07-24 15:16:19,33938.58
6239,sess_001039,CHECKOUT_START,40,2026-07-24 15:16:40,71885.41
6240,sess_001040,PRODUCT_VIEW,47,2026-08-06 07:47:05,34979.66
6241,sess_001040,ADD_TO_CART,47,2026-08-06 07:47:53,34979.66
6242,sess_001040,PRODUCT_VIEW,2,2026-08-06 07:48:26,8878.17
6243,sess_001040,ADD_TO_CART,2,2026-08-06 07:48:50,8878.17
6244,sess_001040,PRODUCT_VIEW,43,2026-08-06 07:49:22,24226.27
6245,sess_001040,ADD_TO_CART,43,2026-08-06 07:49:37,24226.27
6246,sess_001041,PRODUCT_VIEW,11,2026-07-28 14:33:05,6189.77
6247,sess_001041,ADD_TO_CART,11,2026-07-28 14:33:16,6189.77
6248,sess_001041,PRODUCT_VIEW,41,2026-07-28 14:34:27,30450.87
6249,sess_001041,ADD_TO_CART,41,2026-07-28 14:35:22,30450.87
6250,sess_001041,CHECKOUT_START,11,2026-07-28 14:37:01,36640.64
6251,sess_001041,PAYMENT_FAILURE,11,2026-07-28 14:37:54,36640.64
6252,sess_001041,PAYMENT_FAILURE,11,2026-07-28 14:39:22,36640.64
6253,sess_001042,PRODUCT_VIEW,29,2026-08-03 00:36:05,22477.1
6254,sess_001042,ADD_TO_CART,29,2026-08-03 00:37:05,22477.1
6255,sess_001042,PRODUCT_VIEW,21,2026-08-03 00:38:37,9659.58
6256,sess_001042,ADD_TO_CART,21,2026-08-03 00:39:09,9659.58
6257,sess_001042,CHECKOUT_START,29,2026-08-03 00:39:36,32136.68
6258,sess_001043,PRODUCT_VIEW,23,2026-07-28 20:50:05,1664.26
6259,sess_001043,ADD_TO_CART,23,2026-07-28 20:50:58,1664.26
6260,sess_001043,PRODUCT_VIEW,42,2026-07-28 20:52:33,1353.46
6261,sess_001043,ADD_TO_CART,42,2026-07-28 20:52:59,1353.46
6262,sess_001043,CHECKOUT_START,23,2026-07-28 20:54:15,3017.7200000000003
6263,sess_001044,PRODUCT_VIEW,9,2026-08-06 07:49:05,33952.76
6264,sess_001044,ADD_TO_CART,9,2026-08-06 07:49:53,33952.76
6265,sess_001044,PRODUCT_VIEW,30,2026-08-06 07:51:23,16078.93
6266,sess_001044,ADD_TO_CART,30,2026-08-06 07:51:36,16078.93
6267,sess_001045,PRODUCT_VIEW,19,2026-07-31 01:53:05,20611.38
6268,sess_001045,ADD_TO_CART,19,2026-07-31 01:53:34,20611.38
6269,sess_001045,PRODUCT_VIEW,44,2026-07-31 01:53:55,7783.14
6270,sess_001045,ADD_TO_CART,44,2026-07-31 01:54:18,7783.14
6271,sess_001045,PRODUCT_VIEW,40,2026-07-31 01:55:52,17551.46
6272,sess_001045,ADD_TO_CART,40,2026-07-31 01:56:09,17551.46
6273,sess_001045,PRODUCT_VIEW,14,2026-07-31 01:56:29,21714.55
6274,sess_001045,ADD_TO_CART,14,2026-07-31 01:56:56,21714.55
6275,sess_001045,CHECKOUT_START,19,2026-07-31 01:58:00,67660.53
6276,sess_001046,PRODUCT_VIEW,15,2026-07-19 00:47:05,6095.52
6277,sess_001046,ADD_TO_CART,15,2026-07-19 00:47:56,6095.52
6278,sess_001046,CHECKOUT_START,15,2026-07-19 00:48:59,6095.52
6279,sess_001046,PAYMENT_FAILURE,15,2026-07-19 00:50:25,6095.52
6280,sess_001047,PRODUCT_VIEW,3,2026-07-14 16:19:05,15751.54
6281,sess_001047,ADD_TO_CART,3,2026-07-14 16:19:39,15751.54
6282,sess_001047,PRODUCT_VIEW,24,2026-07-14 16:20:08,15990.76
6283,sess_001047,ADD_TO_CART,24,2026-07-14 16:20:20,15990.76
6284,sess_001047,CHECKOUT_START,3,2026-07-14 16:20:47,31742.300000000003
6285,sess_001048,PRODUCT_VIEW,5,2026-07-20 10:00:05,5973.44
6286,sess_001048,ADD_TO_CART,5,2026-07-20 10:00:49,5973.44
6287,sess_001049,PRODUCT_VIEW,46,2026-07-16 16:23:05,3997.88
6288,sess_001049,ADD_TO_CART,46,2026-07-16 16:23:57,3997.88
6289,sess_001049,PRODUCT_VIEW,14,2026-07-16 16:24:41,21714.55
6290,sess_001049,ADD_TO_CART,14,2026-07-16 16:25:27,21714.55
6291,sess_001049,CHECKOUT_START,46,2026-07-16 16:26:23,25712.43
6292,sess_001050,PRODUCT_VIEW,22,2026-08-07 11:13:05,18731.11
6293,sess_001050,ADD_TO_CART,22,2026-08-07 11:13:15,18731.11
6294,sess_001050,PRODUCT_VIEW,21,2026-08-07 11:14:02,9659.58
6295,sess_001050,ADD_TO_CART,21,2026-08-07 11:14:22,9659.58
6296,sess_001050,CHECKOUT_START,22,2026-08-07 11:15:26,28390.690000000002
6297,sess_001051,PRODUCT_VIEW,19,2026-07-26 13:56:05,20611.38
6298,sess_001051,ADD_TO_CART,19,2026-07-26 13:56:44,20611.38
6299,sess_001051,PRODUCT_VIEW,7,2026-07-26 13:58:12,23088.42
6300,sess_001051,ADD_TO_CART,7,2026-07-26 13:58:38,23088.42
6301,sess_001051,CHECKOUT_START,19,2026-07-26 13:59:21,43699.8
6302,sess_001052,PRODUCT_VIEW,48,2026-07-13 17:04:05,34207.92
6303,sess_001052,ADD_TO_CART,48,2026-07-13 17:05:05,34207.92
6304,sess_001052,CHECKOUT_START,48,2026-07-13 17:05:29,34207.92
6305,sess_001052,PAYMENT_FAILURE,48,2026-07-13 17:06:35,34207.92
6306,sess_001052,PAYMENT_FAILURE,48,2026-07-13 17:07:07,34207.92
6307,sess_001053,PRODUCT_VIEW,16,2026-07-18 06:10:05,1571.54
6308,sess_001053,ADD_TO_CART,16,2026-07-18 06:10:22,1571.54
6309,sess_001053,PRODUCT_VIEW,1,2026-07-18 06:10:53,29947.02
6310,sess_001053,ADD_TO_CART,1,2026-07-18 06:11:27,29947.02
6311,sess_001053,PRODUCT_VIEW,10,2026-07-18 06:12:37,8490.19
6312,sess_001053,ADD_TO_CART,10,2026-07-18 06:13:15,8490.19
6313,sess_001054,PRODUCT_VIEW,37,2026-07-09 09:03:05,30424.4
6314,sess_001054,ADD_TO_CART,37,2026-07-09 09:03:25,30424.4
6315,sess_001054,PRODUCT_VIEW,12,2026-07-09 09:05:00,11993.35
6316,sess_001054,ADD_TO_CART,12,2026-07-09 09:05:57,11993.35
6317,sess_001054,PRODUCT_VIEW,6,2026-07-09 09:07:32,33938.58
6318,sess_001054,ADD_TO_CART,6,2026-07-09 09:08:31,33938.58
6319,sess_001054,CHECKOUT_START,37,2026-07-09 09:09:45,76356.33
6320,sess_001055,PRODUCT_VIEW,30,2026-07-12 16:25:05,16078.93
6321,sess_001055,ADD_TO_CART,30,2026-07-12 16:25:37,16078.93
6322,sess_001055,PRODUCT_VIEW,24,2026-07-12 16:27:03,15990.76
6323,sess_001055,ADD_TO_CART,24,2026-07-12 16:27:24,15990.76
6324,sess_001055,CHECKOUT_START,30,2026-07-12 16:27:53,32069.690000000002
6325,sess_001056,PRODUCT_VIEW,6,2026-07-19 20:19:05,33938.58
6326,sess_001056,ADD_TO_CART,6,2026-07-19 20:19:37,33938.58
6327,sess_001057,PRODUCT_VIEW,34,2026-07-16 18:53:05,7303.52
6328,sess_001057,ADD_TO_CART,34,2026-07-16 18:53:46,7303.52
6329,sess_001057,PRODUCT_VIEW,8,2026-07-16 18:54:06,27139.29
6330,sess_001057,ADD_TO_CART,8,2026-07-16 18:54:59,27139.29
6331,sess_001057,PRODUCT_VIEW,37,2026-07-16 18:56:05,30424.4
6332,sess_001057,ADD_TO_CART,37,2026-07-16 18:56:51,30424.4
6333,sess_001057,CHECKOUT_START,34,2026-07-16 18:57:23,64867.21
6334,sess_001058,PRODUCT_VIEW,47,2026-07-21 11:57:05,34979.66
6335,sess_001058,ADD_TO_CART,47,2026-07-21 11:57:52,34979.66
6336,sess_001059,PRODUCT_VIEW,46,2026-07-16 01:03:05,3997.88
6337,sess_001059,ADD_TO_CART,46,2026-07-16 01:03:18,3997.88
6338,sess_001059,CHECKOUT_START,46,2026-07-16 01:04:21,3997.88
6339,sess_001060,PRODUCT_VIEW,12,2026-07-21 11:49:05,11993.35
6340,sess_001060,ADD_TO_CART,12,2026-07-21 11:49:34,11993.35
6341,sess_001060,PRODUCT_VIEW,33,2026-07-21 11:50:00,10984.48
6342,sess_001060,ADD_TO_CART,33,2026-07-21 11:50:52,10984.48
6343,sess_001060,PRODUCT_VIEW,18,2026-07-21 11:51:24,29592.56
6344,sess_001060,ADD_TO_CART,18,2026-07-21 11:52:06,29592.56
6345,sess_001060,PRODUCT_VIEW,22,2026-07-21 11:52:43,18731.11
6346,sess_001060,ADD_TO_CART,22,2026-07-21 11:53:03,18731.11
6347,sess_001061,PRODUCT_VIEW,4,2026-07-29 06:18:05,12764.76
6348,sess_001061,ADD_TO_CART,4,2026-07-29 06:18:20,12764.76
6349,sess_001061,PRODUCT_VIEW,17,2026-07-29 06:19:15,23333.68
6350,sess_001061,ADD_TO_CART,17,2026-07-29 06:19:42,23333.68
6351,sess_001061,CHECKOUT_START,4,2026-07-29 06:21:04,36098.44
6352,sess_001062,PRODUCT_VIEW,37,2026-07-15 06:43:05,30424.4
6353,sess_001062,ADD_TO_CART,37,2026-07-15 06:43:27,30424.4
6354,sess_001062,PRODUCT_VIEW,39,2026-07-15 06:43:48,33078.06
6355,sess_001062,ADD_TO_CART,39,2026-07-15 06:44:41,33078.06
6356,sess_001062,PRODUCT_VIEW,46,2026-07-15 06:45:17,3997.88
6357,sess_001062,ADD_TO_CART,46,2026-07-15 06:46:14,3997.88
6358,sess_001062,CHECKOUT_START,37,2026-07-15 06:47:54,67500.34
6359,sess_001063,PRODUCT_VIEW,15,2026-08-06 15:10:05,6095.52
6360,sess_001063,ADD_TO_CART,15,2026-08-06 15:10:23,6095.52
6361,sess_001063,PRODUCT_VIEW,9,2026-08-06 15:11:39,33952.76
6362,sess_001063,ADD_TO_CART,9,2026-08-06 15:12:20,33952.76
6363,sess_001064,PRODUCT_VIEW,27,2026-08-01 23:13:05,34536.05
6364,sess_001064,ADD_TO_CART,27,2026-08-01 23:13:36,34536.05
6365,sess_001065,PRODUCT_VIEW,29,2026-07-12 22:40:05,22477.1
6366,sess_001065,ADD_TO_CART,29,2026-07-12 22:40:44,22477.1
6367,sess_001065,PRODUCT_VIEW,30,2026-07-12 22:41:49,16078.93
6368,sess_001065,ADD_TO_CART,30,2026-07-12 22:42:24,16078.93
6369,sess_001066,PRODUCT_VIEW,31,2026-08-07 02:23:05,17262.47
6370,sess_001066,ADD_TO_CART,31,2026-08-07 02:23:34,17262.47
6371,sess_001066,CHECKOUT_START,31,2026-08-07 02:24:42,17262.47
6372,sess_001067,PRODUCT_VIEW,17,2026-07-15 06:30:05,23333.68
6373,sess_001067,ADD_TO_CART,17,2026-07-15 06:30:30,23333.68
6374,sess_001068,PRODUCT_VIEW,8,2026-08-02 19:29:05,27139.29
6375,sess_001068,ADD_TO_CART,8,2026-08-02 19:29:46,27139.29
6376,sess_001068,PRODUCT_VIEW,27,2026-08-02 19:30:07,34536.05
6377,sess_001068,ADD_TO_CART,27,2026-08-02 19:30:49,34536.05
6378,sess_001069,PRODUCT_VIEW,15,2026-07-09 11:12:05,6095.52
6379,sess_001069,ADD_TO_CART,15,2026-07-09 11:12:20,6095.52
6380,sess_001069,PRODUCT_VIEW,45,2026-07-09 11:13:53,13966.49
6381,sess_001069,ADD_TO_CART,45,2026-07-09 11:14:35,13966.49
6382,sess_001069,PRODUCT_VIEW,26,2026-07-09 11:15:45,1741.62
6383,sess_001069,ADD_TO_CART,26,2026-07-09 11:16:18,1741.62
6384,sess_001069,PRODUCT_VIEW,10,2026-07-09 11:17:24,8490.19
6385,sess_001069,ADD_TO_CART,10,2026-07-09 11:17:37,8490.19
6386,sess_001069,CHECKOUT_START,15,2026-07-09 11:18:35,30293.82
6387,sess_001070,PRODUCT_VIEW,39,2026-07-08 09:54:05,33078.06
6388,sess_001070,ADD_TO_CART,39,2026-07-08 09:55:00,33078.06
6389,sess_001070,PRODUCT_VIEW,50,2026-07-08 09:55:48,19975.03
6390,sess_001070,ADD_TO_CART,50,2026-07-08 09:56:34,19975.03
6391,sess_001070,PRODUCT_VIEW,13,2026-07-08 09:57:47,15251.23
6392,sess_001070,ADD_TO_CART,13,2026-07-08 09:58:19,15251.23
6393,sess_001071,PRODUCT_VIEW,8,2026-08-03 18:52:05,27139.29
6394,sess_001071,ADD_TO_CART,8,2026-08-03 18:52:31,27139.29
6395,sess_001071,PRODUCT_VIEW,6,2026-08-03 18:53:18,33938.58
6396,sess_001071,ADD_TO_CART,6,2026-08-03 18:54:18,33938.58
6397,sess_001071,PRODUCT_VIEW,19,2026-08-03 18:55:30,20611.38
6398,sess_001071,ADD_TO_CART,19,2026-08-03 18:56:22,20611.38
6399,sess_001071,PRODUCT_VIEW,10,2026-08-03 18:56:59,8490.19
6400,sess_001071,ADD_TO_CART,10,2026-08-03 18:57:56,8490.19
6401,sess_001072,PRODUCT_VIEW,39,2026-07-17 07:03:05,33078.06
6402,sess_001072,ADD_TO_CART,39,2026-07-17 07:04:02,33078.06
6403,sess_001072,PRODUCT_VIEW,44,2026-07-17 07:05:41,7783.14
6404,sess_001072,ADD_TO_CART,44,2026-07-17 07:06:17,7783.14
6405,sess_001072,PRODUCT_VIEW,40,2026-07-17 07:06:55,17551.46
6406,sess_001072,ADD_TO_CART,40,2026-07-17 07:07:45,17551.46
6407,sess_001072,PRODUCT_VIEW,7,2026-07-17 07:08:35,23088.42
6408,sess_001072,ADD_TO_CART,7,2026-07-17 07:09:31,23088.42
6409,sess_001072,CHECKOUT_START,39,2026-07-17 07:10:30,81501.07999999999
6410,sess_001073,PRODUCT_VIEW,30,2026-07-31 17:46:05,16078.93
6411,sess_001073,ADD_TO_CART,30,2026-07-31 17:46:57,16078.93
6412,sess_001073,PRODUCT_VIEW,12,2026-07-31 17:47:24,11993.35
6413,sess_001073,ADD_TO_CART,12,2026-07-31 17:47:57,11993.35
6414,sess_001073,PRODUCT_VIEW,24,2026-07-31 17:49:25,15990.76
6415,sess_001073,ADD_TO_CART,24,2026-07-31 17:49:50,15990.76
6416,sess_001073,CHECKOUT_START,30,2026-07-31 17:50:38,44063.04
6417,sess_001074,PRODUCT_VIEW,2,2026-07-16 16:24:05,8878.17
6418,sess_001074,ADD_TO_CART,2,2026-07-16 16:24:38,8878.17
6419,sess_001074,PRODUCT_VIEW,24,2026-07-16 16:25:57,15990.76
6420,sess_001074,ADD_TO_CART,24,2026-07-16 16:26:56,15990.76
6421,sess_001074,PRODUCT_VIEW,47,2026-07-16 16:28:05,34979.66
6422,sess_001074,ADD_TO_CART,47,2026-07-16 16:28:59,34979.66
6423,sess_001074,PRODUCT_VIEW,18,2026-07-16 16:30:31,29592.56
6424,sess_001074,ADD_TO_CART,18,2026-07-16 16:31:24,29592.56
6425,sess_001074,CHECKOUT_START,2,2026-07-16 16:32:18,89441.15000000001
6426,sess_001074,PAYMENT_FAILURE,2,2026-07-16 16:33:19,89441.15000000001
6427,sess_001075,PRODUCT_VIEW,28,2026-07-14 02:56:05,470.42
6428,sess_001075,ADD_TO_CART,28,2026-07-14 02:56:51,470.42
6429,sess_001075,PRODUCT_VIEW,24,2026-07-14 02:58:11,15990.76
6430,sess_001075,ADD_TO_CART,24,2026-07-14 02:58:38,15990.76
6431,sess_001075,CHECKOUT_START,28,2026-07-14 02:59:48,16461.18
6432,sess_001076,PRODUCT_VIEW,24,2026-08-01 15:03:05,15990.76
6433,sess_001076,ADD_TO_CART,24,2026-08-01 15:03:59,15990.76
6434,sess_001076,PRODUCT_VIEW,2,2026-08-01 15:04:20,8878.17
6435,sess_001076,ADD_TO_CART,2,2026-08-01 15:05:06,8878.17
6436,sess_001076,PRODUCT_VIEW,35,2026-08-01 15:06:08,33955.92
6437,sess_001076,ADD_TO_CART,35,2026-08-01 15:06:57,33955.92
6438,sess_001076,CHECKOUT_START,24,2026-08-01 15:07:56,58824.85
6439,sess_001076,PAYMENT_FAILURE,24,2026-08-01 15:08:58,58824.85
6440,sess_001077,PRODUCT_VIEW,29,2026-08-03 13:36:05,22477.1
6441,sess_001077,ADD_TO_CART,29,2026-08-03 13:36:30,22477.1
6442,sess_001077,PRODUCT_VIEW,12,2026-08-03 13:36:51,11993.35
6443,sess_001077,ADD_TO_CART,12,2026-08-03 13:37:30,11993.35
6444,sess_001077,PRODUCT_VIEW,8,2026-08-03 13:38:25,27139.29
6445,sess_001077,ADD_TO_CART,8,2026-08-03 13:38:43,27139.29
6446,sess_001077,CHECKOUT_START,29,2026-08-03 13:39:33,61609.74
6447,sess_001077,PAYMENT_FAILURE,29,2026-08-03 13:40:26,61609.74
6448,sess_001077,PAYMENT_FAILURE,29,2026-08-03 13:41:45,61609.74
6449,sess_001077,PAYMENT_FAILURE,29,2026-08-03 13:43:00,61609.74
6450,sess_001078,PRODUCT_VIEW,11,2026-07-09 14:52:05,6189.77
6451,sess_001078,ADD_TO_CART,11,2026-07-09 14:52:22,6189.77
6452,sess_001078,PRODUCT_VIEW,27,2026-07-09 14:53:20,34536.05
6453,sess_001078,ADD_TO_CART,27,2026-07-09 14:54:19,34536.05
6454,sess_001078,CHECKOUT_START,11,2026-07-09 14:55:19,40725.82000000001
6455,sess_001079,PRODUCT_VIEW,44,2026-07-20 10:32:05,7783.14
6456,sess_001079,ADD_TO_CART,44,2026-07-20 10:32:16,7783.14
6457,sess_001079,CHECKOUT_START,44,2026-07-20 10:32:39,7783.14
6458,sess_001080,PRODUCT_VIEW,6,2026-08-02 19:47:05,33938.58
6459,sess_001080,ADD_TO_CART,6,2026-08-02 19:47:25,33938.58
6460,sess_001080,PRODUCT_VIEW,36,2026-08-02 19:48:11,23638.97
6461,sess_001080,ADD_TO_CART,36,2026-08-02 19:48:44,23638.97
6462,sess_001080,PRODUCT_VIEW,18,2026-08-02 19:49:39,29592.56
6463,sess_001080,ADD_TO_CART,18,2026-08-02 19:50:36,29592.56
6464,sess_001080,PRODUCT_VIEW,21,2026-08-02 19:51:18,9659.58
6465,sess_001080,ADD_TO_CART,21,2026-08-02 19:51:55,9659.58
6466,sess_001080,CHECKOUT_START,6,2026-08-02 19:53:19,96829.69
6467,sess_001081,PRODUCT_VIEW,42,2026-08-04 07:39:05,1353.46
6468,sess_001081,ADD_TO_CART,42,2026-08-04 07:39:16,1353.46
6469,sess_001081,PRODUCT_VIEW,44,2026-08-04 07:40:43,7783.14
6470,sess_001081,ADD_TO_CART,44,2026-08-04 07:41:19,7783.14
6471,sess_001082,PRODUCT_VIEW,44,2026-07-24 20:07:05,7783.14
6472,sess_001082,ADD_TO_CART,44,2026-07-24 20:07:27,7783.14
6473,sess_001082,PRODUCT_VIEW,21,2026-07-24 20:08:46,9659.58
6474,sess_001082,ADD_TO_CART,21,2026-07-24 20:08:56,9659.58
6475,sess_001082,PRODUCT_VIEW,27,2026-07-24 20:09:30,34536.05
6476,sess_001082,ADD_TO_CART,27,2026-07-24 20:09:57,34536.05
6477,sess_001082,PRODUCT_VIEW,13,2026-07-24 20:10:24,15251.23
6478,sess_001082,ADD_TO_CART,13,2026-07-24 20:11:15,15251.23
6479,sess_001083,PRODUCT_VIEW,42,2026-07-24 06:18:06,1353.46
6480,sess_001083,ADD_TO_CART,42,2026-07-24 06:18:18,1353.46
6481,sess_001083,PRODUCT_VIEW,34,2026-07-24 06:18:42,7303.52
6482,sess_001083,ADD_TO_CART,34,2026-07-24 06:18:53,7303.52
6483,sess_001083,PRODUCT_VIEW,43,2026-07-24 06:19:32,24226.27
6484,sess_001083,ADD_TO_CART,43,2026-07-24 06:20:12,24226.27
6485,sess_001083,CHECKOUT_START,42,2026-07-24 06:20:54,32883.25
6486,sess_001084,PRODUCT_VIEW,28,2026-07-24 02:01:06,470.42
6487,sess_001084,ADD_TO_CART,28,2026-07-24 02:01:17,470.42
6488,sess_001085,PRODUCT_VIEW,11,2026-07-26 06:34:06,6189.77
6489,sess_001085,ADD_TO_CART,11,2026-07-26 06:34:28,6189.77
6490,sess_001085,PRODUCT_VIEW,3,2026-07-26 06:35:36,15751.54
6491,sess_001085,ADD_TO_CART,3,2026-07-26 06:36:25,15751.54
6492,sess_001085,PRODUCT_VIEW,13,2026-07-26 06:37:29,15251.23
6493,sess_001085,ADD_TO_CART,13,2026-07-26 06:38:01,15251.23
6494,sess_001085,PRODUCT_VIEW,8,2026-07-26 06:38:40,27139.29
6495,sess_001085,ADD_TO_CART,8,2026-07-26 06:39:23,27139.29
6496,sess_001085,CHECKOUT_START,11,2026-07-26 06:40:33,64331.83
6497,sess_001086,PRODUCT_VIEW,47,2026-07-15 03:05:06,34979.66
6498,sess_001086,ADD_TO_CART,47,2026-07-15 03:05:55,34979.66
6499,sess_001086,PRODUCT_VIEW,24,2026-07-15 03:07:00,15990.76
6500,sess_001086,ADD_TO_CART,24,2026-07-15 03:07:52,15990.76
6501,sess_001086,CHECKOUT_START,47,2026-07-15 03:08:39,50970.420000000006
6502,sess_001087,PRODUCT_VIEW,19,2026-07-16 09:31:06,20611.38
6503,sess_001087,ADD_TO_CART,19,2026-07-16 09:31:39,20611.38
6504,sess_001087,CHECKOUT_START,19,2026-07-16 09:32:59,20611.38
6505,sess_001088,PRODUCT_VIEW,33,2026-08-03 16:53:06,10984.48
6506,sess_001088,ADD_TO_CART,33,2026-08-03 16:53:38,10984.48
6507,sess_001088,CHECKOUT_START,33,2026-08-03 16:54:02,10984.48
6508,sess_001089,PRODUCT_VIEW,39,2026-07-24 23:04:06,33078.06
6509,sess_001089,ADD_TO_CART,39,2026-07-24 23:04:48,33078.06
6510,sess_001089,PRODUCT_VIEW,32,2026-07-24 23:05:28,5145.04
6511,sess_001089,ADD_TO_CART,32,2026-07-24 23:05:50,5145.04
6512,sess_001089,PRODUCT_VIEW,8,2026-07-24 23:06:58,27139.29
6513,sess_001089,ADD_TO_CART,8,2026-07-24 23:07:10,27139.29
6514,sess_001089,PRODUCT_VIEW,49,2026-07-24 23:07:42,30515.02
6515,sess_001089,ADD_TO_CART,49,2026-07-24 23:07:52,30515.02
6516,sess_001090,PRODUCT_VIEW,46,2026-07-11 05:44:06,3997.88
6517,sess_001090,ADD_TO_CART,46,2026-07-11 05:44:47,3997.88
6518,sess_001090,PRODUCT_VIEW,6,2026-07-11 05:46:27,33938.58
6519,sess_001090,ADD_TO_CART,6,2026-07-11 05:47:04,33938.58
6520,sess_001091,PRODUCT_VIEW,45,2026-07-24 15:40:06,13966.49
6521,sess_001091,ADD_TO_CART,45,2026-07-24 15:40:25,13966.49
6522,sess_001091,PRODUCT_VIEW,10,2026-07-24 15:41:05,8490.19
6523,sess_001091,ADD_TO_CART,10,2026-07-24 15:42:00,8490.19
6524,sess_001091,CHECKOUT_START,45,2026-07-24 15:43:25,22456.68
6525,sess_001092,PRODUCT_VIEW,26,2026-08-03 12:49:06,1741.62
6526,sess_001092,ADD_TO_CART,26,2026-08-03 12:49:27,1741.62
6527,sess_001092,PRODUCT_VIEW,4,2026-08-03 12:51:06,12764.76
6528,sess_001092,ADD_TO_CART,4,2026-08-03 12:51:37,12764.76
6529,sess_001092,PRODUCT_VIEW,25,2026-08-03 12:52:24,11269.93
6530,sess_001092,ADD_TO_CART,25,2026-08-03 12:52:57,11269.93
6531,sess_001092,CHECKOUT_START,26,2026-08-03 12:53:23,25776.31
6532,sess_001093,PRODUCT_VIEW,26,2026-07-13 16:16:06,1741.62
6533,sess_001093,ADD_TO_CART,26,2026-07-13 16:16:33,1741.62
6534,sess_001093,PRODUCT_VIEW,44,2026-07-13 16:17:06,7783.14
6535,sess_001093,ADD_TO_CART,44,2026-07-13 16:17:31,7783.14
6536,sess_001093,PRODUCT_VIEW,32,2026-07-13 16:17:51,5145.04
6537,sess_001093,ADD_TO_CART,32,2026-07-13 16:18:32,5145.04
6538,sess_001093,CHECKOUT_START,26,2026-07-13 16:19:32,14669.8
6539,sess_001093,PAYMENT_FAILURE,26,2026-07-13 16:20:16,14669.8
6540,sess_001093,PAYMENT_FAILURE,26,2026-07-13 16:21:40,14669.8
6541,sess_001093,PAYMENT_FAILURE,26,2026-07-13 16:22:45,14669.8
6542,sess_001094,PRODUCT_VIEW,26,2026-08-07 02:06:06,1741.62
6543,sess_001094,ADD_TO_CART,26,2026-08-07 02:06:19,1741.62
6544,sess_001094,PRODUCT_VIEW,43,2026-08-07 02:07:44,24226.27
6545,sess_001094,ADD_TO_CART,43,2026-08-07 02:08:44,24226.27
6546,sess_001094,CHECKOUT_START,26,2026-08-07 02:09:40,25967.89
6547,sess_001095,PRODUCT_VIEW,3,2026-07-27 11:27:06,15751.54
6548,sess_001095,ADD_TO_CART,3,2026-07-27 11:27:52,15751.54
6549,sess_001095,PRODUCT_VIEW,24,2026-07-27 11:28:21,15990.76
6550,sess_001095,ADD_TO_CART,24,2026-07-27 11:28:42,15990.76
6551,sess_001095,PRODUCT_VIEW,21,2026-07-27 11:30:22,9659.58
6552,sess_001095,ADD_TO_CART,21,2026-07-27 11:31:14,9659.58
6553,sess_001095,PRODUCT_VIEW,17,2026-07-27 11:31:42,23333.68
6554,sess_001095,ADD_TO_CART,17,2026-07-27 11:32:15,23333.68
6555,sess_001095,CHECKOUT_START,3,2026-07-27 11:32:46,64735.560000000005
6556,sess_001096,PRODUCT_VIEW,2,2026-07-14 01:39:06,8878.17
6557,sess_001096,ADD_TO_CART,2,2026-07-14 01:39:21,8878.17
6558,sess_001096,PRODUCT_VIEW,37,2026-07-14 01:40:54,30424.4
6559,sess_001096,ADD_TO_CART,37,2026-07-14 01:41:50,30424.4
6560,sess_001096,PRODUCT_VIEW,43,2026-07-14 01:42:58,24226.27
6561,sess_001096,ADD_TO_CART,43,2026-07-14 01:43:45,24226.27
6562,sess_001096,CHECKOUT_START,2,2026-07-14 01:44:32,63528.84
6563,sess_001097,PRODUCT_VIEW,9,2026-07-13 18:19:06,33952.76
6564,sess_001097,ADD_TO_CART,9,2026-07-13 18:19:17,33952.76
6565,sess_001098,PRODUCT_VIEW,47,2026-07-19 02:22:06,34979.66
6566,sess_001098,ADD_TO_CART,47,2026-07-19 02:22:21,34979.66
6567,sess_001098,PRODUCT_VIEW,43,2026-07-19 02:23:00,24226.27
6568,sess_001098,ADD_TO_CART,43,2026-07-19 02:23:29,24226.27
6569,sess_001099,PRODUCT_VIEW,3,2026-07-08 03:27:06,15751.54
6570,sess_001099,ADD_TO_CART,3,2026-07-08 03:27:29,15751.54
6571,sess_001099,PRODUCT_VIEW,37,2026-07-08 03:27:58,30424.4
6572,sess_001099,ADD_TO_CART,37,2026-07-08 03:28:18,30424.4
6573,sess_001099,PRODUCT_VIEW,34,2026-07-08 03:29:32,7303.52
6574,sess_001099,ADD_TO_CART,34,2026-07-08 03:30:13,7303.52
6575,sess_001099,PRODUCT_VIEW,31,2026-07-08 03:31:34,17262.47
6576,sess_001099,ADD_TO_CART,31,2026-07-08 03:31:58,17262.47
6577,sess_001099,CHECKOUT_START,3,2026-07-08 03:32:28,70741.93000000001
6578,sess_001099,PAYMENT_FAILURE,3,2026-07-08 03:33:49,70741.93000000001
6579,sess_001099,PAYMENT_FAILURE,3,2026-07-08 03:34:57,70741.93000000001
6580,sess_001100,PRODUCT_VIEW,42,2026-07-14 23:40:06,1353.46
6581,sess_001100,ADD_TO_CART,42,2026-07-14 23:40:31,1353.46
6582,sess_001100,PRODUCT_VIEW,35,2026-07-14 23:41:17,33955.92
6583,sess_001100,ADD_TO_CART,35,2026-07-14 23:42:07,33955.92
6584,sess_001100,PRODUCT_VIEW,27,2026-07-14 23:43:40,34536.05
6585,sess_001100,ADD_TO_CART,27,2026-07-14 23:44:34,34536.05
6586,sess_001100,PRODUCT_VIEW,23,2026-07-14 23:45:33,1664.26
6587,sess_001100,ADD_TO_CART,23,2026-07-14 23:45:55,1664.26
6588,sess_001101,PRODUCT_VIEW,10,2026-08-07 07:08:06,8490.19
6589,sess_001101,ADD_TO_CART,10,2026-08-07 07:08:18,8490.19
6590,sess_001101,CHECKOUT_START,10,2026-08-07 07:08:58,8490.19
6591,sess_001102,PRODUCT_VIEW,31,2026-07-27 08:02:06,17262.47
6592,sess_001102,ADD_TO_CART,31,2026-07-27 08:02:19,17262.47
6593,sess_001102,PRODUCT_VIEW,1,2026-07-27 08:02:39,29947.02
6594,sess_001102,ADD_TO_CART,1,2026-07-27 08:02:57,29947.02
6595,sess_001102,PRODUCT_VIEW,46,2026-07-27 08:04:10,3997.88
6596,sess_001102,ADD_TO_CART,46,2026-07-27 08:04:55,3997.88
6597,sess_001102,CHECKOUT_START,31,2026-07-27 08:06:14,51207.37
6598,sess_001102,PAYMENT_FAILURE,31,2026-07-27 08:07:09,51207.37
6599,sess_001102,PAYMENT_FAILURE,31,2026-07-27 08:07:58,51207.37
6600,sess_001103,PRODUCT_VIEW,13,2026-07-20 09:20:06,15251.23
6601,sess_001103,ADD_TO_CART,13,2026-07-20 09:21:00,15251.23
6602,sess_001103,PRODUCT_VIEW,25,2026-07-20 09:21:24,11269.93
6603,sess_001103,ADD_TO_CART,25,2026-07-20 09:21:50,11269.93
6604,sess_001103,PRODUCT_VIEW,23,2026-07-20 09:22:52,1664.26
6605,sess_001103,ADD_TO_CART,23,2026-07-20 09:23:04,1664.26
6606,sess_001103,PRODUCT_VIEW,28,2026-07-20 09:23:26,470.42
6607,sess_001103,ADD_TO_CART,28,2026-07-20 09:24:02,470.42
6608,sess_001103,CHECKOUT_START,13,2026-07-20 09:24:53,28655.839999999997
6609,sess_001104,PRODUCT_VIEW,30,2026-07-20 11:27:06,16078.93
6610,sess_001104,ADD_TO_CART,30,2026-07-20 11:27:21,16078.93
6611,sess_001104,PRODUCT_VIEW,29,2026-07-20 11:27:55,22477.1
6612,sess_001104,ADD_TO_CART,29,2026-07-20 11:28:45,22477.1
6613,sess_001104,CHECKOUT_START,30,2026-07-20 11:30:17,38556.03
6614,sess_001105,PRODUCT_VIEW,38,2026-07-28 17:36:06,24333.81
6615,sess_001105,ADD_TO_CART,38,2026-07-28 17:36:16,24333.81
6616,sess_001105,PRODUCT_VIEW,30,2026-07-28 17:36:58,16078.93
6617,sess_001105,ADD_TO_CART,30,2026-07-28 17:37:31,16078.93
6618,sess_001105,PRODUCT_VIEW,47,2026-07-28 17:38:35,34979.66
6619,sess_001105,ADD_TO_CART,47,2026-07-28 17:38:52,34979.66
6620,sess_001106,PRODUCT_VIEW,34,2026-07-29 16:37:06,7303.52
6621,sess_001106,ADD_TO_CART,34,2026-07-29 16:37:52,7303.52
6622,sess_001106,PRODUCT_VIEW,40,2026-07-29 16:38:54,17551.46
6623,sess_001106,ADD_TO_CART,40,2026-07-29 16:39:43,17551.46
6624,sess_001106,PRODUCT_VIEW,36,2026-07-29 16:40:53,23638.97
6625,sess_001106,ADD_TO_CART,36,2026-07-29 16:41:25,23638.97
6626,sess_001106,CHECKOUT_START,34,2026-07-29 16:42:21,48493.95
6627,sess_001107,PRODUCT_VIEW,5,2026-07-28 15:41:06,5973.44
6628,sess_001107,ADD_TO_CART,5,2026-07-28 15:41:23,5973.44
6629,sess_001107,PRODUCT_VIEW,20,2026-07-28 15:42:33,7441.9
6630,sess_001107,ADD_TO_CART,20,2026-07-28 15:43:19,7441.9
6631,sess_001107,PRODUCT_VIEW,40,2026-07-28 15:44:56,17551.46
6632,sess_001107,ADD_TO_CART,40,2026-07-28 15:45:43,17551.46
6633,sess_001107,CHECKOUT_START,5,2026-07-28 15:46:34,30966.8
6634,sess_001107,PAYMENT_FAILURE,5,2026-07-28 15:47:52,30966.8
6635,sess_001107,PAYMENT_FAILURE,5,2026-07-28 15:49:00,30966.8
6636,sess_001107,PAYMENT_FAILURE,5,2026-07-28 15:49:45,30966.8
6637,sess_001108,PRODUCT_VIEW,2,2026-07-31 05:00:06,8878.17
6638,sess_001108,ADD_TO_CART,2,2026-07-31 05:00:59,8878.17
6639,sess_001108,PRODUCT_VIEW,34,2026-07-31 05:02:30,7303.52
6640,sess_001108,ADD_TO_CART,34,2026-07-31 05:02:50,7303.52
6641,sess_001108,PRODUCT_VIEW,49,2026-07-31 05:03:28,30515.02
6642,sess_001108,ADD_TO_CART,49,2026-07-31 05:03:52,30515.02
6643,sess_001108,CHECKOUT_START,2,2026-07-31 05:04:18,46696.71
6644,sess_001109,PRODUCT_VIEW,7,2026-07-09 17:10:06,23088.42
6645,sess_001109,ADD_TO_CART,7,2026-07-09 17:11:04,23088.42
6646,sess_001109,PRODUCT_VIEW,1,2026-07-09 17:12:37,29947.02
6647,sess_001109,ADD_TO_CART,1,2026-07-09 17:13:15,29947.02
6648,sess_001109,CHECKOUT_START,7,2026-07-09 17:13:51,53035.44
6649,sess_001110,PRODUCT_VIEW,13,2026-08-06 08:17:06,15251.23
6650,sess_001110,ADD_TO_CART,13,2026-08-06 08:18:01,15251.23
6651,sess_001110,PRODUCT_VIEW,19,2026-08-06 08:19:13,20611.38
6652,sess_001110,ADD_TO_CART,19,2026-08-06 08:19:46,20611.38
6653,sess_001110,PRODUCT_VIEW,41,2026-08-06 08:20:49,30450.87
6654,sess_001110,ADD_TO_CART,41,2026-08-06 08:21:29,30450.87
6655,sess_001111,PRODUCT_VIEW,25,2026-07-29 15:08:06,11269.93
6656,sess_001111,ADD_TO_CART,25,2026-07-29 15:09:02,11269.93
6657,sess_001111,PRODUCT_VIEW,5,2026-07-29 15:10:40,5973.44
6658,sess_001111,ADD_TO_CART,5,2026-07-29 15:11:04,5973.44
6659,sess_001111,PRODUCT_VIEW,10,2026-07-29 15:12:36,8490.19
6660,sess_001111,ADD_TO_CART,10,2026-07-29 15:12:49,8490.19
6661,sess_001111,CHECKOUT_START,25,2026-07-29 15:13:12,25733.559999999998
6662,sess_001112,PRODUCT_VIEW,34,2026-08-04 17:40:06,7303.52
6663,sess_001112,ADD_TO_CART,34,2026-08-04 17:40:41,7303.52
6664,sess_001112,PRODUCT_VIEW,46,2026-08-04 17:41:25,3997.88
6665,sess_001112,ADD_TO_CART,46,2026-08-04 17:41:56,3997.88
6666,sess_001112,PRODUCT_VIEW,39,2026-08-04 17:43:30,33078.06
6667,sess_001112,ADD_TO_CART,39,2026-08-04 17:44:01,33078.06
6668,sess_001112,CHECKOUT_START,34,2026-08-04 17:45:41,44379.46
6669,sess_001112,PAYMENT_FAILURE,34,2026-08-04 17:46:54,44379.46
6670,sess_001112,PAYMENT_FAILURE,34,2026-08-04 17:48:17,44379.46
6671,sess_001113,PRODUCT_VIEW,46,2026-07-20 03:49:06,3997.88
6672,sess_001113,ADD_TO_CART,46,2026-07-20 03:49:35,3997.88
6673,sess_001113,PRODUCT_VIEW,24,2026-07-20 03:50:19,15990.76
6674,sess_001113,ADD_TO_CART,24,2026-07-20 03:50:45,15990.76
6675,sess_001113,PRODUCT_VIEW,36,2026-07-20 03:51:46,23638.97
6676,sess_001113,ADD_TO_CART,36,2026-07-20 03:52:21,23638.97
6677,sess_001113,CHECKOUT_START,46,2026-07-20 03:53:30,43627.61
6678,sess_001114,PRODUCT_VIEW,27,2026-07-10 17:38:06,34536.05
6679,sess_001114,ADD_TO_CART,27,2026-07-10 17:38:58,34536.05
6680,sess_001114,PRODUCT_VIEW,11,2026-07-10 17:39:35,6189.77
6681,sess_001114,ADD_TO_CART,11,2026-07-10 17:39:47,6189.77
6682,sess_001114,CHECKOUT_START,27,2026-07-10 17:40:38,40725.82000000001
6683,sess_001115,PRODUCT_VIEW,43,2026-07-25 17:32:06,24226.27
6684,sess_001115,ADD_TO_CART,43,2026-07-25 17:33:01,24226.27
6685,sess_001115,PRODUCT_VIEW,29,2026-07-25 17:34:35,22477.1
6686,sess_001115,ADD_TO_CART,29,2026-07-25 17:35:11,22477.1
6687,sess_001115,CHECKOUT_START,43,2026-07-25 17:36:35,46703.369999999995
6688,sess_001116,PRODUCT_VIEW,25,2026-07-21 02:24:06,11269.93
6689,sess_001116,ADD_TO_CART,25,2026-07-21 02:24:19,11269.93
6690,sess_001116,PRODUCT_VIEW,49,2026-07-21 02:24:58,30515.02
6691,sess_001116,ADD_TO_CART,49,2026-07-21 02:25:49,30515.02
6692,sess_001116,PRODUCT_VIEW,38,2026-07-21 02:26:20,24333.81
6693,sess_001116,ADD_TO_CART,38,2026-07-21 02:27:11,24333.81
6694,sess_001116,CHECKOUT_START,25,2026-07-21 02:28:33,66118.76
6695,sess_001117,PRODUCT_VIEW,15,2026-08-06 14:19:06,6095.52
6696,sess_001117,ADD_TO_CART,15,2026-08-06 14:20:06,6095.52
6697,sess_001117,PRODUCT_VIEW,35,2026-08-06 14:21:12,33955.92
6698,sess_001117,ADD_TO_CART,35,2026-08-06 14:21:25,33955.92
6699,sess_001117,CHECKOUT_START,15,2026-08-06 14:22:05,40051.44
6700,sess_001118,PRODUCT_VIEW,13,2026-08-02 09:19:06,15251.23
6701,sess_001118,ADD_TO_CART,13,2026-08-02 09:19:49,15251.23
6702,sess_001118,PRODUCT_VIEW,9,2026-08-02 09:20:28,33952.76
6703,sess_001118,ADD_TO_CART,9,2026-08-02 09:21:17,33952.76
6704,sess_001119,PRODUCT_VIEW,15,2026-07-20 20:57:06,6095.52
6705,sess_001119,ADD_TO_CART,15,2026-07-20 20:57:17,6095.52
6706,sess_001120,PRODUCT_VIEW,30,2026-07-15 01:00:06,16078.93
6707,sess_001120,ADD_TO_CART,30,2026-07-15 01:00:43,16078.93
6708,sess_001120,PRODUCT_VIEW,24,2026-07-15 01:01:21,15990.76
6709,sess_001120,ADD_TO_CART,24,2026-07-15 01:02:20,15990.76
6710,sess_001120,PRODUCT_VIEW,1,2026-07-15 01:03:41,29947.02
6711,sess_001120,ADD_TO_CART,1,2026-07-15 01:04:30,29947.02
6712,sess_001120,PRODUCT_VIEW,29,2026-07-15 01:06:08,22477.1
6713,sess_001120,ADD_TO_CART,29,2026-07-15 01:06:40,22477.1
6714,sess_001121,PRODUCT_VIEW,15,2026-07-27 17:26:06,6095.52
6715,sess_001121,ADD_TO_CART,15,2026-07-27 17:26:53,6095.52
6716,sess_001121,PRODUCT_VIEW,48,2026-07-27 17:28:24,34207.92
6717,sess_001121,ADD_TO_CART,48,2026-07-27 17:29:23,34207.92
6718,sess_001121,CHECKOUT_START,15,2026-07-27 17:30:16,40303.44
6719,sess_001122,PRODUCT_VIEW,30,2026-07-30 20:08:06,16078.93
6720,sess_001122,ADD_TO_CART,30,2026-07-30 20:09:03,16078.93
6721,sess_001122,PRODUCT_VIEW,5,2026-07-30 20:09:25,5973.44
6722,sess_001122,ADD_TO_CART,5,2026-07-30 20:09:40,5973.44
6723,sess_001122,PRODUCT_VIEW,38,2026-07-30 20:10:58,24333.81
6724,sess_001122,ADD_TO_CART,38,2026-07-30 20:11:53,24333.81
6725,sess_001122,CHECKOUT_START,30,2026-07-30 20:12:33,46386.18
6726,sess_001123,PRODUCT_VIEW,47,2026-07-27 22:38:06,34979.66
6727,sess_001123,ADD_TO_CART,47,2026-07-27 22:38:57,34979.66
6728,sess_001123,PRODUCT_VIEW,50,2026-07-27 22:40:20,19975.03
6729,sess_001123,ADD_TO_CART,50,2026-07-27 22:40:50,19975.03
6730,sess_001123,PRODUCT_VIEW,7,2026-07-27 22:41:43,23088.42
6731,sess_001123,ADD_TO_CART,7,2026-07-27 22:42:19,23088.42
6732,sess_001123,PRODUCT_VIEW,31,2026-07-27 22:42:52,17262.47
6733,sess_001123,ADD_TO_CART,31,2026-07-27 22:43:41,17262.47
6734,sess_001123,CHECKOUT_START,47,2026-07-27 22:45:17,95305.58
6735,sess_001124,PRODUCT_VIEW,10,2026-07-18 06:08:06,8490.19
6736,sess_001124,ADD_TO_CART,10,2026-07-18 06:08:25,8490.19
6737,sess_001124,PRODUCT_VIEW,44,2026-07-18 06:09:28,7783.14
6738,sess_001124,ADD_TO_CART,44,2026-07-18 06:10:10,7783.14
6739,sess_001124,PRODUCT_VIEW,31,2026-07-18 06:10:38,17262.47
6740,sess_001124,ADD_TO_CART,31,2026-07-18 06:10:59,17262.47
6741,sess_001124,PRODUCT_VIEW,41,2026-07-18 06:11:38,30450.87
6742,sess_001124,ADD_TO_CART,41,2026-07-18 06:12:08,30450.87
6743,sess_001125,PRODUCT_VIEW,32,2026-07-21 15:00:06,5145.04
6744,sess_001125,ADD_TO_CART,32,2026-07-21 15:00:56,5145.04
6745,sess_001125,PRODUCT_VIEW,16,2026-07-21 15:01:40,1571.54
6746,sess_001125,ADD_TO_CART,16,2026-07-21 15:02:18,1571.54
6747,sess_001125,CHECKOUT_START,32,2026-07-21 15:03:51,6716.58
6748,sess_001126,PRODUCT_VIEW,45,2026-08-05 23:01:06,13966.49
6749,sess_001126,ADD_TO_CART,45,2026-08-05 23:02:00,13966.49
6750,sess_001126,PRODUCT_VIEW,23,2026-08-05 23:03:30,1664.26
6751,sess_001126,ADD_TO_CART,23,2026-08-05 23:04:06,1664.26
6752,sess_001126,CHECKOUT_START,45,2026-08-05 23:05:44,15630.75
6753,sess_001126,PAYMENT_FAILURE,45,2026-08-05 23:06:17,15630.75
6754,sess_001126,PAYMENT_FAILURE,45,2026-08-05 23:07:29,15630.75
6755,sess_001126,PAYMENT_FAILURE,45,2026-08-05 23:08:57,15630.75
6756,sess_001127,PRODUCT_VIEW,23,2026-07-12 08:05:06,1664.26
6757,sess_001127,ADD_TO_CART,23,2026-07-12 08:05:53,1664.26
6758,sess_001127,PRODUCT_VIEW,7,2026-07-12 08:07:32,23088.42
6759,sess_001127,ADD_TO_CART,7,2026-07-12 08:08:21,23088.42
6760,sess_001127,CHECKOUT_START,23,2026-07-12 08:09:13,24752.679999999997
6761,sess_001128,PRODUCT_VIEW,10,2026-07-10 20:53:06,8490.19
6762,sess_001128,ADD_TO_CART,10,2026-07-10 20:53:40,8490.19
6763,sess_001128,PRODUCT_VIEW,32,2026-07-10 20:54:32,5145.04
6764,sess_001128,ADD_TO_CART,32,2026-07-10 20:54:57,5145.04
6765,sess_001128,CHECKOUT_START,10,2026-07-10 20:55:45,13635.23
6766,sess_001129,PRODUCT_VIEW,25,2026-07-11 14:45:06,11269.93
6767,sess_001129,ADD_TO_CART,25,2026-07-11 14:45:27,11269.93
6768,sess_001129,CHECKOUT_START,25,2026-07-11 14:46:35,11269.93
6769,sess_001130,PRODUCT_VIEW,19,2026-07-08 18:04:06,20611.38
6770,sess_001130,ADD_TO_CART,19,2026-07-08 18:04:44,20611.38
6771,sess_001130,PRODUCT_VIEW,20,2026-07-08 18:05:06,7441.9
6772,sess_001130,ADD_TO_CART,20,2026-07-08 18:05:35,7441.9
6773,sess_001130,CHECKOUT_START,19,2026-07-08 18:06:59,28053.28
6774,sess_001131,PRODUCT_VIEW,24,2026-07-30 08:46:06,15990.76
6775,sess_001131,ADD_TO_CART,24,2026-07-30 08:46:55,15990.76
6776,sess_001132,PRODUCT_VIEW,26,2026-07-13 01:21:06,1741.62
6777,sess_001132,ADD_TO_CART,26,2026-07-13 01:21:56,1741.62
6778,sess_001132,PRODUCT_VIEW,28,2026-07-13 01:22:42,470.42
6779,sess_001132,ADD_TO_CART,28,2026-07-13 01:23:02,470.42
6780,sess_001132,CHECKOUT_START,26,2026-07-13 01:24:38,2212.04
6781,sess_001133,PRODUCT_VIEW,23,2026-07-24 07:38:06,1664.26
6782,sess_001133,ADD_TO_CART,23,2026-07-24 07:38:25,1664.26
6783,sess_001133,PRODUCT_VIEW,37,2026-07-24 07:38:47,30424.4
6784,sess_001133,ADD_TO_CART,37,2026-07-24 07:39:23,30424.4
6785,sess_001133,CHECKOUT_START,23,2026-07-24 07:39:53,32088.66
6786,sess_001134,PRODUCT_VIEW,37,2026-07-13 03:59:06,30424.4
6787,sess_001134,ADD_TO_CART,37,2026-07-13 03:59:25,30424.4
6788,sess_001134,PRODUCT_VIEW,47,2026-07-13 04:01:00,34979.66
6789,sess_001134,ADD_TO_CART,47,2026-07-13 04:01:28,34979.66
6790,sess_001134,PRODUCT_VIEW,11,2026-07-13 04:02:02,6189.77
6791,sess_001134,ADD_TO_CART,11,2026-07-13 04:02:16,6189.77
6792,sess_001134,CHECKOUT_START,37,2026-07-13 04:03:17,71593.83
6793,sess_001135,PRODUCT_VIEW,30,2026-07-28 13:51:06,16078.93
6794,sess_001135,ADD_TO_CART,30,2026-07-28 13:52:02,16078.93
6795,sess_001135,PRODUCT_VIEW,43,2026-07-28 13:52:41,24226.27
6796,sess_001135,ADD_TO_CART,43,2026-07-28 13:53:32,24226.27
6797,sess_001135,CHECKOUT_START,30,2026-07-28 13:54:44,40305.2
6798,sess_001136,PRODUCT_VIEW,42,2026-07-25 11:45:06,1353.46
6799,sess_001136,ADD_TO_CART,42,2026-07-25 11:45:58,1353.46
6800,sess_001136,CHECKOUT_START,42,2026-07-25 11:47:28,1353.46
6801,sess_001137,PRODUCT_VIEW,18,2026-07-18 06:15:06,29592.56
6802,sess_001137,ADD_TO_CART,18,2026-07-18 06:15:52,29592.56
6803,sess_001138,PRODUCT_VIEW,48,2026-07-11 19:27:06,34207.92
6804,sess_001138,ADD_TO_CART,48,2026-07-11 19:27:58,34207.92
6805,sess_001138,PRODUCT_VIEW,19,2026-07-11 19:28:32,20611.38
6806,sess_001138,ADD_TO_CART,19,2026-07-11 19:29:27,20611.38
6807,sess_001138,PRODUCT_VIEW,33,2026-07-11 19:30:34,10984.48
6808,sess_001138,ADD_TO_CART,33,2026-07-11 19:31:18,10984.48
6809,sess_001138,CHECKOUT_START,48,2026-07-11 19:31:57,65803.78
6810,sess_001139,PRODUCT_VIEW,49,2026-07-26 14:27:06,30515.02
6811,sess_001139,ADD_TO_CART,49,2026-07-26 14:27:53,30515.02
6812,sess_001140,PRODUCT_VIEW,12,2026-07-29 14:12:06,11993.35
6813,sess_001140,ADD_TO_CART,12,2026-07-29 14:12:44,11993.35
6814,sess_001140,PRODUCT_VIEW,37,2026-07-29 14:14:11,30424.4
6815,sess_001140,ADD_TO_CART,37,2026-07-29 14:14:51,30424.4
6816,sess_001140,PRODUCT_VIEW,33,2026-07-29 14:15:42,10984.48
6817,sess_001140,ADD_TO_CART,33,2026-07-29 14:16:12,10984.48
6818,sess_001140,PRODUCT_VIEW,32,2026-07-29 14:17:38,5145.04
6819,sess_001140,ADD_TO_CART,32,2026-07-29 14:18:08,5145.04
6820,sess_001140,CHECKOUT_START,12,2026-07-29 14:19:17,58547.27
6821,sess_001141,PRODUCT_VIEW,43,2026-07-29 20:34:06,24226.27
6822,sess_001141,ADD_TO_CART,43,2026-07-29 20:34:55,24226.27
6823,sess_001141,PRODUCT_VIEW,12,2026-07-29 20:35:33,11993.35
6824,sess_001141,ADD_TO_CART,12,2026-07-29 20:36:28,11993.35
6825,sess_001141,PRODUCT_VIEW,8,2026-07-29 20:37:43,27139.29
6826,sess_001141,ADD_TO_CART,8,2026-07-29 20:38:02,27139.29
6827,sess_001141,CHECKOUT_START,43,2026-07-29 20:38:44,63358.91
6828,sess_001142,PRODUCT_VIEW,35,2026-08-05 23:04:06,33955.92
6829,sess_001142,ADD_TO_CART,35,2026-08-05 23:04:34,33955.92
6830,sess_001142,PRODUCT_VIEW,14,2026-08-05 23:05:56,21714.55
6831,sess_001142,ADD_TO_CART,14,2026-08-05 23:06:38,21714.55
6832,sess_001142,PRODUCT_VIEW,8,2026-08-05 23:08:10,27139.29
6833,sess_001142,ADD_TO_CART,8,2026-08-05 23:09:09,27139.29
6834,sess_001143,PRODUCT_VIEW,33,2026-07-19 04:21:06,10984.48
6835,sess_001143,ADD_TO_CART,33,2026-07-19 04:21:28,10984.48
6836,sess_001143,PRODUCT_VIEW,45,2026-07-19 04:22:02,13966.49
6837,sess_001143,ADD_TO_CART,45,2026-07-19 04:22:59,13966.49
6838,sess_001143,CHECKOUT_START,33,2026-07-19 04:24:29,24950.97
6839,sess_001144,PRODUCT_VIEW,23,2026-07-25 23:55:06,1664.26
6840,sess_001144,ADD_TO_CART,23,2026-07-25 23:55:28,1664.26
6841,sess_001144,CHECKOUT_START,23,2026-07-25 23:56:08,1664.26
6842,sess_001145,PRODUCT_VIEW,18,2026-07-11 21:20:06,29592.56
6843,sess_001145,ADD_TO_CART,18,2026-07-11 21:20:49,29592.56
6844,sess_001145,PRODUCT_VIEW,16,2026-07-11 21:21:39,1571.54
6845,sess_001145,ADD_TO_CART,16,2026-07-11 21:22:24,1571.54
6846,sess_001145,CHECKOUT_START,18,2026-07-11 21:22:44,31164.100000000002
6847,sess_001145,PAYMENT_FAILURE,18,2026-07-11 21:24:13,31164.100000000002
6848,sess_001145,PAYMENT_FAILURE,18,2026-07-11 21:25:05,31164.100000000002
6849,sess_001146,PRODUCT_VIEW,29,2026-07-13 03:36:06,22477.1
6850,sess_001146,ADD_TO_CART,29,2026-07-13 03:36:41,22477.1
6851,sess_001146,CHECKOUT_START,29,2026-07-13 03:38:09,22477.1
6852,sess_001147,PRODUCT_VIEW,36,2026-07-25 16:18:06,23638.97
6853,sess_001147,ADD_TO_CART,36,2026-07-25 16:18:48,23638.97
6854,sess_001147,PRODUCT_VIEW,14,2026-07-25 16:20:26,21714.55
6855,sess_001147,ADD_TO_CART,14,2026-07-25 16:21:00,21714.55
6856,sess_001148,PRODUCT_VIEW,26,2026-07-28 02:57:06,1741.62
6857,sess_001148,ADD_TO_CART,26,2026-07-28 02:57:22,1741.62
6858,sess_001148,PRODUCT_VIEW,30,2026-07-28 02:58:13,16078.93
6859,sess_001148,ADD_TO_CART,30,2026-07-28 02:58:50,16078.93
6860,sess_001148,CHECKOUT_START,26,2026-07-28 03:00:20,17820.55
6861,sess_001149,PRODUCT_VIEW,15,2026-07-17 07:22:06,6095.52
6862,sess_001149,ADD_TO_CART,15,2026-07-17 07:22:54,6095.52
6863,sess_001149,PRODUCT_VIEW,46,2026-07-17 07:23:33,3997.88
6864,sess_001149,ADD_TO_CART,46,2026-07-17 07:23:49,3997.88
6865,sess_001150,PRODUCT_VIEW,21,2026-07-15 04:09:06,9659.58
6866,sess_001150,ADD_TO_CART,21,2026-07-15 04:10:00,9659.58
6867,sess_001150,PRODUCT_VIEW,46,2026-07-15 04:10:22,3997.88
6868,sess_001150,ADD_TO_CART,46,2026-07-15 04:10:57,3997.88
6869,sess_001150,PRODUCT_VIEW,49,2026-07-15 04:12:18,30515.02
6870,sess_001150,ADD_TO_CART,49,2026-07-15 04:12:59,30515.02
6871,sess_001150,PRODUCT_VIEW,48,2026-07-15 04:14:08,34207.92
6872,sess_001150,ADD_TO_CART,48,2026-07-15 04:14:24,34207.92
6873,sess_001151,PRODUCT_VIEW,40,2026-07-18 06:15:06,17551.46
6874,sess_001151,ADD_TO_CART,40,2026-07-18 06:15:24,17551.46
6875,sess_001151,CHECKOUT_START,40,2026-07-18 06:16:43,17551.46
6876,sess_001151,PAYMENT_FAILURE,40,2026-07-18 06:17:51,17551.46
6877,sess_001152,PRODUCT_VIEW,35,2026-07-20 10:19:06,33955.92
6878,sess_001152,ADD_TO_CART,35,2026-07-20 10:19:35,33955.92
6879,sess_001152,PRODUCT_VIEW,45,2026-07-20 10:20:39,13966.49
6880,sess_001152,ADD_TO_CART,45,2026-07-20 10:21:31,13966.49
6881,sess_001153,PRODUCT_VIEW,40,2026-07-26 11:46:06,17551.46
6882,sess_001153,ADD_TO_CART,40,2026-07-26 11:46:52,17551.46
6883,sess_001153,PRODUCT_VIEW,23,2026-07-26 11:47:24,1664.26
6884,sess_001153,ADD_TO_CART,23,2026-07-26 11:47:42,1664.26
6885,sess_001153,CHECKOUT_START,40,2026-07-26 11:48:43,19215.719999999998
6886,sess_001153,PAYMENT_FAILURE,40,2026-07-26 11:49:41,19215.719999999998
6887,sess_001153,PAYMENT_FAILURE,40,2026-07-26 11:50:24,19215.719999999998
6888,sess_001153,PAYMENT_FAILURE,40,2026-07-26 11:51:13,19215.719999999998
6889,sess_001154,PRODUCT_VIEW,49,2026-07-19 15:19:06,30515.02
6890,sess_001154,ADD_TO_CART,49,2026-07-19 15:19:44,30515.02
6891,sess_001155,PRODUCT_VIEW,49,2026-07-23 19:45:06,30515.02
6892,sess_001155,ADD_TO_CART,49,2026-07-23 19:45:44,30515.02
6893,sess_001155,CHECKOUT_START,49,2026-07-23 19:47:17,30515.02
6894,sess_001156,PRODUCT_VIEW,17,2026-07-13 04:18:06,23333.68
6895,sess_001156,ADD_TO_CART,17,2026-07-13 04:18:55,23333.68
6896,sess_001156,PRODUCT_VIEW,36,2026-07-13 04:20:28,23638.97
6897,sess_001156,ADD_TO_CART,36,2026-07-13 04:20:56,23638.97
6898,sess_001156,PRODUCT_VIEW,23,2026-07-13 04:22:07,1664.26
6899,sess_001156,ADD_TO_CART,23,2026-07-13 04:22:34,1664.26
6900,sess_001156,PRODUCT_VIEW,44,2026-07-13 04:23:03,7783.14
6901,sess_001156,ADD_TO_CART,44,2026-07-13 04:23:45,7783.14
6902,sess_001156,CHECKOUT_START,17,2026-07-13 04:24:29,56420.05
6903,sess_001157,PRODUCT_VIEW,47,2026-07-31 14:46:06,34979.66
6904,sess_001157,ADD_TO_CART,47,2026-07-31 14:46:40,34979.66
6905,sess_001157,PRODUCT_VIEW,38,2026-07-31 14:47:37,24333.81
6906,sess_001157,ADD_TO_CART,38,2026-07-31 14:48:36,24333.81
6907,sess_001157,PRODUCT_VIEW,35,2026-07-31 14:50:10,33955.92
6908,sess_001157,ADD_TO_CART,35,2026-07-31 14:50:54,33955.92
6909,sess_001157,PRODUCT_VIEW,7,2026-07-31 14:51:17,23088.42
6910,sess_001157,ADD_TO_CART,7,2026-07-31 14:51:43,23088.42
6911,sess_001157,CHECKOUT_START,47,2026-07-31 14:52:40,116357.81
6912,sess_001157,PAYMENT_FAILURE,47,2026-07-31 14:53:30,116357.81
6913,sess_001157,PAYMENT_FAILURE,47,2026-07-31 14:54:00,116357.81
6914,sess_001157,PAYMENT_FAILURE,47,2026-07-31 14:55:20,116357.81
6915,sess_001158,PRODUCT_VIEW,30,2026-07-08 18:47:06,16078.93
6916,sess_001158,ADD_TO_CART,30,2026-07-08 18:47:41,16078.93
6917,sess_001158,PRODUCT_VIEW,3,2026-07-08 18:48:52,15751.54
6918,sess_001158,ADD_TO_CART,3,2026-07-08 18:49:20,15751.54
6919,sess_001158,CHECKOUT_START,30,2026-07-08 18:50:50,31830.47
6920,sess_001158,PAYMENT_FAILURE,30,2026-07-08 18:51:58,31830.47
6921,sess_001159,PRODUCT_VIEW,1,2026-07-21 16:00:06,29947.02
6922,sess_001159,ADD_TO_CART,1,2026-07-21 16:00:50,29947.02
6923,sess_001159,PRODUCT_VIEW,36,2026-07-21 16:02:23,23638.97
6924,sess_001159,ADD_TO_CART,36,2026-07-21 16:03:08,23638.97
6925,sess_001159,CHECKOUT_START,1,2026-07-21 16:03:52,53585.990000000005
6926,sess_001160,PRODUCT_VIEW,17,2026-07-17 06:10:06,23333.68
6927,sess_001160,ADD_TO_CART,17,2026-07-17 06:10:38,23333.68
6928,sess_001160,PRODUCT_VIEW,48,2026-07-17 06:11:51,34207.92
6929,sess_001160,ADD_TO_CART,48,2026-07-17 06:12:16,34207.92
6930,sess_001160,PRODUCT_VIEW,7,2026-07-17 06:12:37,23088.42
6931,sess_001160,ADD_TO_CART,7,2026-07-17 06:12:56,23088.42
6932,sess_001160,PRODUCT_VIEW,36,2026-07-17 06:14:13,23638.97
6933,sess_001160,ADD_TO_CART,36,2026-07-17 06:15:13,23638.97
6934,sess_001161,PRODUCT_VIEW,42,2026-07-17 12:51:06,1353.46
6935,sess_001161,ADD_TO_CART,42,2026-07-17 12:51:38,1353.46
6936,sess_001161,PRODUCT_VIEW,14,2026-07-17 12:52:47,21714.55
6937,sess_001161,ADD_TO_CART,14,2026-07-17 12:53:15,21714.55
6938,sess_001161,PRODUCT_VIEW,2,2026-07-17 12:53:47,8878.17
6939,sess_001161,ADD_TO_CART,2,2026-07-17 12:54:32,8878.17
6940,sess_001161,CHECKOUT_START,42,2026-07-17 12:55:25,31946.18
6941,sess_001162,PRODUCT_VIEW,33,2026-07-21 01:56:06,10984.48
6942,sess_001162,ADD_TO_CART,33,2026-07-21 01:57:04,10984.48
6943,sess_001162,CHECKOUT_START,33,2026-07-21 01:58:25,10984.48
6944,sess_001163,PRODUCT_VIEW,2,2026-07-23 19:06:06,8878.17
6945,sess_001163,ADD_TO_CART,2,2026-07-23 19:06:23,8878.17
6946,sess_001164,PRODUCT_VIEW,9,2026-07-31 15:22:06,33952.76
6947,sess_001164,ADD_TO_CART,9,2026-07-31 15:22:41,33952.76
6948,sess_001164,PRODUCT_VIEW,39,2026-07-31 15:24:02,33078.06
6949,sess_001164,ADD_TO_CART,39,2026-07-31 15:24:29,33078.06
6950,sess_001164,PRODUCT_VIEW,3,2026-07-31 15:25:32,15751.54
6951,sess_001164,ADD_TO_CART,3,2026-07-31 15:26:09,15751.54
6952,sess_001164,CHECKOUT_START,9,2026-07-31 15:27:40,82782.36000000002
6953,sess_001165,PRODUCT_VIEW,21,2026-08-06 11:44:06,9659.58
6954,sess_001165,ADD_TO_CART,21,2026-08-06 11:44:38,9659.58
6955,sess_001166,PRODUCT_VIEW,39,2026-07-25 18:32:06,33078.06
6956,sess_001166,ADD_TO_CART,39,2026-07-25 18:32:16,33078.06
6957,sess_001167,PRODUCT_VIEW,35,2026-07-23 14:08:06,33955.92
6958,sess_001167,ADD_TO_CART,35,2026-07-23 14:09:06,33955.92
6959,sess_001167,PRODUCT_VIEW,19,2026-07-23 14:10:07,20611.38
6960,sess_001167,ADD_TO_CART,19,2026-07-23 14:10:40,20611.38
6961,sess_001167,PRODUCT_VIEW,44,2026-07-23 14:12:16,7783.14
6962,sess_001167,ADD_TO_CART,44,2026-07-23 14:12:40,7783.14
6963,sess_001168,PRODUCT_VIEW,9,2026-07-31 13:57:06,33952.76
6964,sess_001168,ADD_TO_CART,9,2026-07-31 13:57:34,33952.76
6965,sess_001169,PRODUCT_VIEW,9,2026-07-12 04:17:06,33952.76
6966,sess_001169,ADD_TO_CART,9,2026-07-12 04:17:20,33952.76
6967,sess_001169,PRODUCT_VIEW,43,2026-07-12 04:18:40,24226.27
6968,sess_001169,ADD_TO_CART,43,2026-07-12 04:19:05,24226.27
6969,sess_001169,PRODUCT_VIEW,12,2026-07-12 04:19:43,11993.35
6970,sess_001169,ADD_TO_CART,12,2026-07-12 04:20:33,11993.35
6971,sess_001169,PRODUCT_VIEW,6,2026-07-12 04:21:52,33938.58
6972,sess_001169,ADD_TO_CART,6,2026-07-12 04:22:33,33938.58
6973,sess_001169,CHECKOUT_START,9,2026-07-12 04:23:13,104110.96
6974,sess_001170,PRODUCT_VIEW,12,2026-07-28 01:35:06,11993.35
6975,sess_001170,ADD_TO_CART,12,2026-07-28 01:35:58,11993.35
6976,sess_001170,PRODUCT_VIEW,38,2026-07-28 01:36:57,24333.81
6977,sess_001170,ADD_TO_CART,38,2026-07-28 01:37:17,24333.81
6978,sess_001170,CHECKOUT_START,12,2026-07-28 01:38:21,36327.16
6979,sess_001171,PRODUCT_VIEW,29,2026-07-22 13:26:06,22477.1
6980,sess_001171,ADD_TO_CART,29,2026-07-22 13:26:20,22477.1
6981,sess_001172,PRODUCT_VIEW,18,2026-08-05 15:48:06,29592.56
6982,sess_001172,ADD_TO_CART,18,2026-08-05 15:49:04,29592.56
6983,sess_001172,PRODUCT_VIEW,31,2026-08-05 15:50:10,17262.47
6984,sess_001172,ADD_TO_CART,31,2026-08-05 15:51:00,17262.47
6985,sess_001172,PRODUCT_VIEW,15,2026-08-05 15:51:47,6095.52
6986,sess_001172,ADD_TO_CART,15,2026-08-05 15:52:19,6095.52
6987,sess_001172,CHECKOUT_START,18,2026-08-05 15:52:57,52950.55
6988,sess_001173,PRODUCT_VIEW,17,2026-07-27 04:48:06,23333.68
6989,sess_001173,ADD_TO_CART,17,2026-07-27 04:48:54,23333.68
6990,sess_001173,PRODUCT_VIEW,19,2026-07-27 04:49:40,20611.38
6991,sess_001173,ADD_TO_CART,19,2026-07-27 04:49:52,20611.38
6992,sess_001173,CHECKOUT_START,17,2026-07-27 04:50:54,43945.06
6993,sess_001174,PRODUCT_VIEW,42,2026-07-22 17:12:06,1353.46
6994,sess_001174,ADD_TO_CART,42,2026-07-22 17:12:54,1353.46
6995,sess_001174,PRODUCT_VIEW,34,2026-07-22 17:13:37,7303.52
6996,sess_001174,ADD_TO_CART,34,2026-07-22 17:14:14,7303.52
6997,sess_001174,CHECKOUT_START,42,2026-07-22 17:14:38,8656.98
6998,sess_001174,PAYMENT_FAILURE,42,2026-07-22 17:15:40,8656.98
6999,sess_001175,PRODUCT_VIEW,13,2026-07-13 18:41:06,15251.23
7000,sess_001175,ADD_TO_CART,13,2026-07-13 18:41:43,15251.23
7001,sess_001175,PRODUCT_VIEW,1,2026-07-13 18:42:26,29947.02
7002,sess_001175,ADD_TO_CART,1,2026-07-13 18:42:56,29947.02
7003,sess_001175,PRODUCT_VIEW,19,2026-07-13 18:43:24,20611.38
7004,sess_001175,ADD_TO_CART,19,2026-07-13 18:43:54,20611.38
7005,sess_001175,PRODUCT_VIEW,36,2026-07-13 18:44:37,23638.97
7006,sess_001175,ADD_TO_CART,36,2026-07-13 18:44:54,23638.97
7007,sess_001176,PRODUCT_VIEW,33,2026-07-28 16:54:06,10984.48
7008,sess_001176,ADD_TO_CART,33,2026-07-28 16:54:52,10984.48
7009,sess_001176,CHECKOUT_START,33,2026-07-28 16:55:25,10984.48
7010,sess_001177,PRODUCT_VIEW,11,2026-07-11 11:36:06,6189.77
7011,sess_001177,ADD_TO_CART,11,2026-07-11 11:36:35,6189.77
7012,sess_001177,PRODUCT_VIEW,38,2026-07-11 11:37:23,24333.81
7013,sess_001177,ADD_TO_CART,38,2026-07-11 11:37:46,24333.81
7014,sess_001177,PRODUCT_VIEW,26,2026-07-11 11:38:56,1741.62
7015,sess_001177,ADD_TO_CART,26,2026-07-11 11:39:14,1741.62
7016,sess_001177,PRODUCT_VIEW,5,2026-07-11 11:40:49,5973.44
7017,sess_001177,ADD_TO_CART,5,2026-07-11 11:41:37,5973.44
7018,sess_001177,CHECKOUT_START,11,2026-07-11 11:43:10,38238.64
7019,sess_001177,PAYMENT_FAILURE,11,2026-07-11 11:43:56,38238.64
7020,sess_001178,PRODUCT_VIEW,4,2026-07-19 04:34:06,12764.76
7021,sess_001178,ADD_TO_CART,4,2026-07-19 04:34:50,12764.76
7022,sess_001178,CHECKOUT_START,4,2026-07-19 04:36:26,12764.76
7023,sess_001178,PAYMENT_FAILURE,4,2026-07-19 04:37:31,12764.76
7024,sess_001178,PAYMENT_FAILURE,4,2026-07-19 04:38:22,12764.76
7025,sess_001178,PAYMENT_FAILURE,4,2026-07-19 04:39:22,12764.76
7026,sess_001179,PRODUCT_VIEW,35,2026-07-09 01:17:06,33955.92
7027,sess_001179,ADD_TO_CART,35,2026-07-09 01:17:54,33955.92
7028,sess_001179,CHECKOUT_START,35,2026-07-09 01:19:06,33955.92
7029,sess_001180,PRODUCT_VIEW,38,2026-07-18 14:34:06,24333.81
7030,sess_001180,ADD_TO_CART,38,2026-07-18 14:34:51,24333.81
7031,sess_001180,PRODUCT_VIEW,24,2026-07-18 14:35:58,15990.76
7032,sess_001180,ADD_TO_CART,24,2026-07-18 14:36:57,15990.76
7033,sess_001180,PRODUCT_VIEW,29,2026-07-18 14:38:19,22477.1
7034,sess_001180,ADD_TO_CART,29,2026-07-18 14:38:50,22477.1
7035,sess_001180,PRODUCT_VIEW,11,2026-07-18 14:40:23,6189.77
7036,sess_001180,ADD_TO_CART,11,2026-07-18 14:40:55,6189.77
7037,sess_001180,CHECKOUT_START,38,2026-07-18 14:42:21,68991.44
7038,sess_001180,PAYMENT_FAILURE,38,2026-07-18 14:42:59,68991.44
7039,sess_001180,PAYMENT_FAILURE,38,2026-07-18 14:44:29,68991.44
7040,sess_001181,PRODUCT_VIEW,9,2026-08-03 22:11:06,33952.76
7041,sess_001181,ADD_TO_CART,9,2026-08-03 22:11:35,33952.76
7042,sess_001181,CHECKOUT_START,9,2026-08-03 22:13:02,33952.76
7043,sess_001181,PAYMENT_FAILURE,9,2026-08-03 22:14:06,33952.76
7044,sess_001181,PAYMENT_FAILURE,9,2026-08-03 22:14:48,33952.76
7045,sess_001181,PAYMENT_FAILURE,9,2026-08-03 22:15:58,33952.76
7046,sess_001182,PRODUCT_VIEW,18,2026-07-28 04:48:06,29592.56
7047,sess_001182,ADD_TO_CART,18,2026-07-28 04:49:06,29592.56
7048,sess_001182,CHECKOUT_START,18,2026-07-28 04:49:52,29592.56
7049,sess_001183,PRODUCT_VIEW,41,2026-07-22 21:03:06,30450.87
7050,sess_001183,ADD_TO_CART,41,2026-07-22 21:03:29,30450.87
7051,sess_001183,PRODUCT_VIEW,2,2026-07-22 21:04:56,8878.17
7052,sess_001183,ADD_TO_CART,2,2026-07-22 21:05:38,8878.17
7053,sess_001184,PRODUCT_VIEW,37,2026-07-31 03:49:06,30424.4
7054,sess_001184,ADD_TO_CART,37,2026-07-31 03:50:03,30424.4
7055,sess_001184,PRODUCT_VIEW,1,2026-07-31 03:51:42,29947.02
7056,sess_001184,ADD_TO_CART,1,2026-07-31 03:52:34,29947.02
7057,sess_001184,PRODUCT_VIEW,2,2026-07-31 03:54:07,8878.17
7058,sess_001184,ADD_TO_CART,2,2026-07-31 03:54:57,8878.17
7059,sess_001184,CHECKOUT_START,37,2026-07-31 03:55:38,69249.59
7060,sess_001184,PAYMENT_FAILURE,37,2026-07-31 03:57:01,69249.59
7061,sess_001184,PAYMENT_FAILURE,37,2026-07-31 03:57:37,69249.59
7062,sess_001184,PAYMENT_FAILURE,37,2026-07-31 03:58:35,69249.59
7063,sess_001185,PRODUCT_VIEW,15,2026-07-21 10:07:06,6095.52
7064,sess_001185,ADD_TO_CART,15,2026-07-21 10:07:21,6095.52
7065,sess_001185,PRODUCT_VIEW,24,2026-07-21 10:09:01,15990.76
7066,sess_001185,ADD_TO_CART,24,2026-07-21 10:09:53,15990.76
7067,sess_001186,PRODUCT_VIEW,13,2026-07-16 00:13:06,15251.23
7068,sess_001186,ADD_TO_CART,13,2026-07-16 00:13:41,15251.23
7069,sess_001186,PRODUCT_VIEW,9,2026-07-16 00:14:03,33952.76
7070,sess_001186,ADD_TO_CART,9,2026-07-16 00:15:00,33952.76
7071,sess_001186,PRODUCT_VIEW,44,2026-07-16 00:15:35,7783.14
7072,sess_001186,ADD_TO_CART,44,2026-07-16 00:15:52,7783.14
7073,sess_001187,PRODUCT_VIEW,9,2026-07-11 06:27:06,33952.76
7074,sess_001187,ADD_TO_CART,9,2026-07-11 06:27:38,33952.76
7075,sess_001187,PRODUCT_VIEW,42,2026-07-11 06:28:13,1353.46
7076,sess_001187,ADD_TO_CART,42,2026-07-11 06:28:38,1353.46
7077,sess_001187,PRODUCT_VIEW,21,2026-07-11 06:29:52,9659.58
7078,sess_001187,ADD_TO_CART,21,2026-07-11 06:30:04,9659.58
7079,sess_001187,CHECKOUT_START,9,2026-07-11 06:31:37,44965.8
7080,sess_001188,PRODUCT_VIEW,4,2026-07-22 20:26:06,12764.76
7081,sess_001188,ADD_TO_CART,4,2026-07-22 20:26:29,12764.76
7082,sess_001188,PRODUCT_VIEW,9,2026-07-22 20:27:48,33952.76
7083,sess_001188,ADD_TO_CART,9,2026-07-22 20:28:11,33952.76
7084,sess_001188,PRODUCT_VIEW,20,2026-07-22 20:29:22,7441.9
7085,sess_001188,ADD_TO_CART,20,2026-07-22 20:29:36,7441.9
7086,sess_001188,CHECKOUT_START,4,2026-07-22 20:30:39,54159.420000000006
7087,sess_001189,PRODUCT_VIEW,37,2026-07-26 19:51:06,30424.4
7088,sess_001189,ADD_TO_CART,37,2026-07-26 19:51:31,30424.4
7089,sess_001189,PRODUCT_VIEW,16,2026-07-26 19:53:10,1571.54
7090,sess_001189,ADD_TO_CART,16,2026-07-26 19:53:23,1571.54
7091,sess_001189,PRODUCT_VIEW,14,2026-07-26 19:53:43,21714.55
7092,sess_001189,ADD_TO_CART,14,2026-07-26 19:54:33,21714.55
7093,sess_001189,PRODUCT_VIEW,23,2026-07-26 19:55:35,1664.26
7094,sess_001189,ADD_TO_CART,23,2026-07-26 19:56:19,1664.26
7095,sess_001189,CHECKOUT_START,37,2026-07-26 19:57:20,55374.75000000001
7096,sess_001189,PAYMENT_FAILURE,37,2026-07-26 19:58:45,55374.75000000001
7097,sess_001190,PRODUCT_VIEW,25,2026-07-17 16:13:06,11269.93
7098,sess_001190,ADD_TO_CART,25,2026-07-17 16:13:47,11269.93
7099,sess_001190,PRODUCT_VIEW,16,2026-07-17 16:15:19,1571.54
7100,sess_001190,ADD_TO_CART,16,2026-07-17 16:15:40,1571.54
7101,sess_001190,PRODUCT_VIEW,38,2026-07-17 16:16:45,24333.81
7102,sess_001190,ADD_TO_CART,38,2026-07-17 16:17:17,24333.81
7103,sess_001191,PRODUCT_VIEW,32,2026-07-17 03:41:06,5145.04
7104,sess_001191,ADD_TO_CART,32,2026-07-17 03:41:26,5145.04
7105,sess_001191,PRODUCT_VIEW,12,2026-07-17 03:42:55,11993.35
7106,sess_001191,ADD_TO_CART,12,2026-07-17 03:43:43,11993.35
7107,sess_001191,PRODUCT_VIEW,30,2026-07-17 03:44:56,16078.93
7108,sess_001191,ADD_TO_CART,30,2026-07-17 03:45:55,16078.93
7109,sess_001191,PRODUCT_VIEW,2,2026-07-17 03:47:03,8878.17
7110,sess_001191,ADD_TO_CART,2,2026-07-17 03:47:39,8878.17
7111,sess_001191,CHECKOUT_START,32,2026-07-17 03:47:59,42095.49
7112,sess_001192,PRODUCT_VIEW,5,2026-07-13 15:55:06,5973.44
7113,sess_001192,ADD_TO_CART,5,2026-07-13 15:56:00,5973.44
7114,sess_001192,PRODUCT_VIEW,3,2026-07-13 15:57:19,15751.54
7115,sess_001192,ADD_TO_CART,3,2026-07-13 15:57:49,15751.54
7116,sess_001192,PRODUCT_VIEW,7,2026-07-13 15:58:35,23088.42
7117,sess_001192,ADD_TO_CART,7,2026-07-13 15:59:06,23088.42
7118,sess_001192,PRODUCT_VIEW,40,2026-07-13 16:00:34,17551.46
7119,sess_001192,ADD_TO_CART,40,2026-07-13 16:01:24,17551.46
7120,sess_001192,CHECKOUT_START,5,2026-07-13 16:02:22,62364.85999999999
7121,sess_001193,PRODUCT_VIEW,32,2026-08-01 01:47:06,5145.04
7122,sess_001193,ADD_TO_CART,32,2026-08-01 01:47:16,5145.04
7123,sess_001193,PRODUCT_VIEW,14,2026-08-01 01:48:09,21714.55
7124,sess_001193,ADD_TO_CART,14,2026-08-01 01:48:28,21714.55
7125,sess_001193,CHECKOUT_START,32,2026-08-01 01:49:50,26859.59
7126,sess_001194,PRODUCT_VIEW,38,2026-07-18 15:47:06,24333.81
7127,sess_001194,ADD_TO_CART,38,2026-07-18 15:48:06,24333.81
7128,sess_001194,PRODUCT_VIEW,21,2026-07-18 15:48:53,9659.58
7129,sess_001194,ADD_TO_CART,21,2026-07-18 15:49:04,9659.58
7130,sess_001194,CHECKOUT_START,38,2026-07-18 15:50:37,33993.39
7131,sess_001195,PRODUCT_VIEW,33,2026-07-30 00:54:06,10984.48
7132,sess_001195,ADD_TO_CART,33,2026-07-30 00:55:04,10984.48
7133,sess_001195,PRODUCT_VIEW,35,2026-07-30 00:55:59,33955.92
7134,sess_001195,ADD_TO_CART,35,2026-07-30 00:56:48,33955.92
7135,sess_001195,CHECKOUT_START,33,2026-07-30 00:58:13,44940.399999999994
7136,sess_001196,PRODUCT_VIEW,9,2026-07-11 16:32:06,33952.76
7137,sess_001196,ADD_TO_CART,9,2026-07-11 16:32:33,33952.76
7138,sess_001196,PRODUCT_VIEW,32,2026-07-11 16:33:18,5145.04
7139,sess_001196,ADD_TO_CART,32,2026-07-11 16:33:29,5145.04
7140,sess_001196,PRODUCT_VIEW,8,2026-07-11 16:34:43,27139.29
7141,sess_001196,ADD_TO_CART,8,2026-07-11 16:35:28,27139.29
7142,sess_001196,PRODUCT_VIEW,30,2026-07-11 16:36:59,16078.93
7143,sess_001196,ADD_TO_CART,30,2026-07-11 16:37:16,16078.93
7144,sess_001196,CHECKOUT_START,9,2026-07-11 16:37:49,82316.01999999999
7145,sess_001197,PRODUCT_VIEW,33,2026-07-29 17:31:06,10984.48
7146,sess_001197,ADD_TO_CART,33,2026-07-29 17:31:47,10984.48
7147,sess_001198,PRODUCT_VIEW,49,2026-07-22 17:02:06,30515.02
7148,sess_001198,ADD_TO_CART,49,2026-07-22 17:02:16,30515.02
7149,sess_001198,PRODUCT_VIEW,31,2026-07-22 17:03:08,17262.47
7150,sess_001198,ADD_TO_CART,31,2026-07-22 17:03:24,17262.47
7151,sess_001198,PRODUCT_VIEW,29,2026-07-22 17:04:13,22477.1
7152,sess_001198,ADD_TO_CART,29,2026-07-22 17:05:08,22477.1
7153,sess_001198,CHECKOUT_START,49,2026-07-22 17:05:29,70254.59
7154,sess_001199,PRODUCT_VIEW,35,2026-07-22 02:53:06,33955.92
7155,sess_001199,ADD_TO_CART,35,2026-07-22 02:53:41,33955.92
7156,sess_001199,PRODUCT_VIEW,9,2026-07-22 02:54:18,33952.76
7157,sess_001199,ADD_TO_CART,9,2026-07-22 02:54:50,33952.76
7158,sess_001199,CHECKOUT_START,35,2026-07-22 02:55:43,67908.68
7159,sess_001200,PRODUCT_VIEW,30,2026-07-18 18:49:06,16078.93
7160,sess_001200,ADD_TO_CART,30,2026-07-18 18:50:04,16078.93
7161,sess_001200,PRODUCT_VIEW,9,2026-07-18 18:50:59,33952.76
7162,sess_001200,ADD_TO_CART,9,2026-07-18 18:51:13,33952.76
7163,sess_001200,PRODUCT_VIEW,1,2026-07-18 18:51:35,29947.02
7164,sess_001200,ADD_TO_CART,1,2026-07-18 18:51:48,29947.02
7165,sess_001200,PRODUCT_VIEW,18,2026-07-18 18:53:11,29592.56
7166,sess_001200,ADD_TO_CART,18,2026-07-18 18:54:05,29592.56
7167,sess_001200,CHECKOUT_START,30,2026-07-18 18:55:40,109571.27
7168,sess_001200,PAYMENT_FAILURE,30,2026-07-18 18:57:03,109571.27
7169,sess_001201,PRODUCT_VIEW,4,2026-07-30 11:57:06,12764.76
7170,sess_001201,ADD_TO_CART,4,2026-07-30 11:57:55,12764.76
7171,sess_001202,PRODUCT_VIEW,48,2026-07-14 15:10:06,34207.92
7172,sess_001202,ADD_TO_CART,48,2026-07-14 15:10:32,34207.92
7173,sess_001202,PRODUCT_VIEW,25,2026-07-14 15:12:05,11269.93
7174,sess_001202,ADD_TO_CART,25,2026-07-14 15:12:41,11269.93
7175,sess_001202,CHECKOUT_START,48,2026-07-14 15:13:27,45477.85
7176,sess_001203,PRODUCT_VIEW,17,2026-07-29 19:42:06,23333.68
7177,sess_001203,ADD_TO_CART,17,2026-07-29 19:43:00,23333.68
7178,sess_001204,PRODUCT_VIEW,45,2026-08-01 14:12:06,13966.49
7179,sess_001204,ADD_TO_CART,45,2026-08-01 14:12:40,13966.49
7180,sess_001204,CHECKOUT_START,45,2026-08-01 14:13:27,13966.49
7181,sess_001205,PRODUCT_VIEW,39,2026-07-16 02:21:06,33078.06
7182,sess_001205,ADD_TO_CART,39,2026-07-16 02:21:37,33078.06
7183,sess_001205,CHECKOUT_START,39,2026-07-16 02:22:27,33078.06
7184,sess_001205,PAYMENT_FAILURE,39,2026-07-16 02:23:22,33078.06
7185,sess_001206,PRODUCT_VIEW,31,2026-07-25 06:04:06,17262.47
7186,sess_001206,ADD_TO_CART,31,2026-07-25 06:04:19,17262.47
7187,sess_001206,PRODUCT_VIEW,39,2026-07-25 06:04:51,33078.06
7188,sess_001206,ADD_TO_CART,39,2026-07-25 06:05:32,33078.06
7189,sess_001206,PRODUCT_VIEW,21,2026-07-25 06:06:23,9659.58
7190,sess_001206,ADD_TO_CART,21,2026-07-25 06:06:41,9659.58
7191,sess_001206,PRODUCT_VIEW,2,2026-07-25 06:07:43,8878.17
7192,sess_001206,ADD_TO_CART,2,2026-07-25 06:08:29,8878.17
7193,sess_001206,CHECKOUT_START,31,2026-07-25 06:08:50,68878.28
7194,sess_001207,PRODUCT_VIEW,7,2026-08-01 23:27:06,23088.42
7195,sess_001207,ADD_TO_CART,7,2026-08-01 23:27:29,23088.42
7196,sess_001207,CHECKOUT_START,7,2026-08-01 23:28:58,23088.42
7197,sess_001208,PRODUCT_VIEW,12,2026-08-05 02:16:06,11993.35
7198,sess_001208,ADD_TO_CART,12,2026-08-05 02:16:17,11993.35
7199,sess_001208,PRODUCT_VIEW,8,2026-08-05 02:17:09,27139.29
7200,sess_001208,ADD_TO_CART,8,2026-08-05 02:17:39,27139.29
7201,sess_001208,CHECKOUT_START,12,2026-08-05 02:18:34,39132.64
7202,sess_001209,PRODUCT_VIEW,17,2026-08-02 05:57:06,23333.68
7203,sess_001209,ADD_TO_CART,17,2026-08-02 05:57:19,23333.68
7204,sess_001209,PRODUCT_VIEW,20,2026-08-02 05:57:57,7441.9
7205,sess_001209,ADD_TO_CART,20,2026-08-02 05:58:21,7441.9
7206,sess_001209,PRODUCT_VIEW,16,2026-08-02 05:59:19,1571.54
7207,sess_001209,ADD_TO_CART,16,2026-08-02 05:59:47,1571.54
7208,sess_001209,PRODUCT_VIEW,27,2026-08-02 06:00:23,34536.05
7209,sess_001209,ADD_TO_CART,27,2026-08-02 06:00:44,34536.05
7210,sess_001209,CHECKOUT_START,17,2026-08-02 06:01:50,66883.17000000001
7211,sess_001210,PRODUCT_VIEW,49,2026-08-02 17:18:06,30515.02
7212,sess_001210,ADD_TO_CART,49,2026-08-02 17:19:02,30515.02
7213,sess_001210,PRODUCT_VIEW,6,2026-08-02 17:19:24,33938.58
7214,sess_001210,ADD_TO_CART,6,2026-08-02 17:20:11,33938.58
7215,sess_001210,PRODUCT_VIEW,10,2026-08-02 17:21:05,8490.19
7216,sess_001210,ADD_TO_CART,10,2026-08-02 17:21:34,8490.19
7217,sess_001211,PRODUCT_VIEW,15,2026-07-17 18:23:06,6095.52
7218,sess_001211,ADD_TO_CART,15,2026-07-17 18:23:24,6095.52
7219,sess_001211,CHECKOUT_START,15,2026-07-17 18:24:44,6095.52
7220,sess_001212,PRODUCT_VIEW,38,2026-07-21 23:48:06,24333.81
7221,sess_001212,ADD_TO_CART,38,2026-07-21 23:48:23,24333.81
7222,sess_001212,PRODUCT_VIEW,35,2026-07-21 23:49:31,33955.92
7223,sess_001212,ADD_TO_CART,35,2026-07-21 23:49:43,33955.92
7224,sess_001212,PRODUCT_VIEW,23,2026-07-21 23:50:19,1664.26
7225,sess_001212,ADD_TO_CART,23,2026-07-21 23:50:35,1664.26
7226,sess_001212,CHECKOUT_START,38,2026-07-21 23:51:08,59953.99
7227,sess_001212,PAYMENT_FAILURE,38,2026-07-21 23:52:14,59953.99
7228,sess_001213,PRODUCT_VIEW,31,2026-07-13 09:57:06,17262.47
7229,sess_001213,ADD_TO_CART,31,2026-07-13 09:58:06,17262.47
7230,sess_001213,PRODUCT_VIEW,36,2026-07-13 09:59:31,23638.97
7231,sess_001213,ADD_TO_CART,36,2026-07-13 10:00:24,23638.97
7232,sess_001213,PRODUCT_VIEW,28,2026-07-13 10:01:37,470.42
7233,sess_001213,ADD_TO_CART,28,2026-07-13 10:01:55,470.42
7234,sess_001213,CHECKOUT_START,31,2026-07-13 10:02:42,41371.86
7235,sess_001214,PRODUCT_VIEW,33,2026-07-22 15:26:06,10984.48
7236,sess_001214,ADD_TO_CART,33,2026-07-22 15:27:03,10984.48
7237,sess_001214,CHECKOUT_START,33,2026-07-22 15:27:52,10984.48
7238,sess_001215,PRODUCT_VIEW,28,2026-08-06 07:53:06,470.42
7239,sess_001215,ADD_TO_CART,28,2026-08-06 07:53:35,470.42
7240,sess_001215,CHECKOUT_START,28,2026-08-06 07:54:00,470.42
7241,sess_001216,PRODUCT_VIEW,18,2026-08-01 13:30:06,29592.56
7242,sess_001216,ADD_TO_CART,18,2026-08-01 13:30:26,29592.56
7243,sess_001216,PRODUCT_VIEW,29,2026-08-01 13:31:01,22477.1
7244,sess_001216,ADD_TO_CART,29,2026-08-01 13:31:25,22477.1
7245,sess_001216,PRODUCT_VIEW,3,2026-08-01 13:32:58,15751.54
7246,sess_001216,ADD_TO_CART,3,2026-08-01 13:33:41,15751.54
7247,sess_001216,PRODUCT_VIEW,33,2026-08-01 13:34:53,10984.48
7248,sess_001216,ADD_TO_CART,33,2026-08-01 13:35:23,10984.48
7249,sess_001216,CHECKOUT_START,18,2026-08-01 13:36:18,78805.68000000001
7250,sess_001216,PAYMENT_FAILURE,18,2026-08-01 13:37:15,78805.68000000001
7251,sess_001216,PAYMENT_FAILURE,18,2026-08-01 13:37:56,78805.68000000001
7252,sess_001217,PRODUCT_VIEW,22,2026-08-01 07:51:06,18731.11
7253,sess_001217,ADD_TO_CART,22,2026-08-01 07:52:04,18731.11
7254,sess_001217,PRODUCT_VIEW,1,2026-08-01 07:52:51,29947.02
7255,sess_001217,ADD_TO_CART,1,2026-08-01 07:53:01,29947.02
7256,sess_001217,PRODUCT_VIEW,14,2026-08-01 07:53:28,21714.55
7257,sess_001217,ADD_TO_CART,14,2026-08-01 07:53:39,21714.55
7258,sess_001217,CHECKOUT_START,22,2026-08-01 07:54:01,70392.68000000001
7259,sess_001217,PAYMENT_FAILURE,22,2026-08-01 07:55:06,70392.68000000001
7260,sess_001217,PAYMENT_FAILURE,22,2026-08-01 07:56:09,70392.68000000001
7261,sess_001217,PAYMENT_FAILURE,22,2026-08-01 07:57:03,70392.68000000001
7262,sess_001218,PRODUCT_VIEW,17,2026-08-04 03:44:06,23333.68
7263,sess_001218,ADD_TO_CART,17,2026-08-04 03:44:23,23333.68
7264,sess_001218,CHECKOUT_START,17,2026-08-04 03:45:34,23333.68
7265,sess_001218,PAYMENT_FAILURE,17,2026-08-04 03:46:55,23333.68
7266,sess_001219,PRODUCT_VIEW,30,2026-07-31 19:53:06,16078.93
7267,sess_001219,ADD_TO_CART,30,2026-07-31 19:53:53,16078.93
7268,sess_001219,PRODUCT_VIEW,48,2026-07-31 19:55:21,34207.92
7269,sess_001219,ADD_TO_CART,48,2026-07-31 19:56:20,34207.92
7270,sess_001219,CHECKOUT_START,30,2026-07-31 19:57:53,50286.85
7271,sess_001220,PRODUCT_VIEW,31,2026-07-13 13:08:06,17262.47
7272,sess_001220,ADD_TO_CART,31,2026-07-13 13:08:18,17262.47
7273,sess_001220,PRODUCT_VIEW,17,2026-07-13 13:08:44,23333.68
7274,sess_001220,ADD_TO_CART,17,2026-07-13 13:08:55,23333.68
7275,sess_001220,PRODUCT_VIEW,25,2026-07-13 13:10:31,11269.93
7276,sess_001220,ADD_TO_CART,25,2026-07-13 13:11:18,11269.93
7277,sess_001220,PRODUCT_VIEW,16,2026-07-13 13:12:43,1571.54
7278,sess_001220,ADD_TO_CART,16,2026-07-13 13:13:10,1571.54
7279,sess_001220,CHECKOUT_START,31,2026-07-13 13:13:58,53437.62
7280,sess_001221,PRODUCT_VIEW,21,2026-07-12 16:17:06,9659.58
7281,sess_001221,ADD_TO_CART,21,2026-07-12 16:17:21,9659.58
7282,sess_001221,CHECKOUT_START,21,2026-07-12 16:18:58,9659.58
7283,sess_001222,PRODUCT_VIEW,41,2026-07-22 19:48:06,30450.87
7284,sess_001222,ADD_TO_CART,41,2026-07-22 19:48:58,30450.87
7285,sess_001222,PRODUCT_VIEW,17,2026-07-22 19:49:19,23333.68
7286,sess_001222,ADD_TO_CART,17,2026-07-22 19:49:33,23333.68
7287,sess_001222,CHECKOUT_START,41,2026-07-22 19:50:39,53784.55
7288,sess_001222,PAYMENT_FAILURE,41,2026-07-22 19:51:22,53784.55
7289,sess_001222,PAYMENT_FAILURE,41,2026-07-22 19:52:12,53784.55
7290,sess_001223,PRODUCT_VIEW,19,2026-07-24 13:39:06,20611.38
7291,sess_001223,ADD_TO_CART,19,2026-07-24 13:39:33,20611.38
7292,sess_001223,PRODUCT_VIEW,38,2026-07-24 13:40:44,24333.81
7293,sess_001223,ADD_TO_CART,38,2026-07-24 13:41:21,24333.81
7294,sess_001223,PRODUCT_VIEW,46,2026-07-24 13:42:37,3997.88
7295,sess_001223,ADD_TO_CART,46,2026-07-24 13:42:56,3997.88
7296,sess_001224,PRODUCT_VIEW,42,2026-08-03 06:13:06,1353.46
7297,sess_001224,ADD_TO_CART,42,2026-08-03 06:13:48,1353.46
7298,sess_001224,PRODUCT_VIEW,15,2026-08-03 06:15:05,6095.52
7299,sess_001224,ADD_TO_CART,15,2026-08-03 06:15:53,6095.52
7300,sess_001224,CHECKOUT_START,42,2026-08-03 06:16:49,7448.9800000000005
7301,sess_001225,PRODUCT_VIEW,17,2026-08-06 06:30:06,23333.68
7302,sess_001225,ADD_TO_CART,17,2026-08-06 06:30:45,23333.68
7303,sess_001225,PRODUCT_VIEW,45,2026-08-06 06:31:34,13966.49
7304,sess_001225,ADD_TO_CART,45,2026-08-06 06:32:34,13966.49
7305,sess_001225,PRODUCT_VIEW,21,2026-08-06 06:33:39,9659.58
7306,sess_001225,ADD_TO_CART,21,2026-08-06 06:34:29,9659.58
7307,sess_001225,PRODUCT_VIEW,9,2026-08-06 06:35:13,33952.76
7308,sess_001225,ADD_TO_CART,9,2026-08-06 06:35:49,33952.76
7309,sess_001225,CHECKOUT_START,17,2026-08-06 06:36:48,80912.51000000001
7310,sess_001226,PRODUCT_VIEW,7,2026-07-29 21:39:06,23088.42
7311,sess_001226,ADD_TO_CART,7,2026-07-29 21:39:59,23088.42
7312,sess_001226,PRODUCT_VIEW,36,2026-07-29 21:41:12,23638.97
7313,sess_001226,ADD_TO_CART,36,2026-07-29 21:41:26,23638.97
7314,sess_001226,PRODUCT_VIEW,8,2026-07-29 21:43:06,27139.29
7315,sess_001226,ADD_TO_CART,8,2026-07-29 21:43:27,27139.29
7316,sess_001226,CHECKOUT_START,7,2026-07-29 21:45:07,73866.68
7317,sess_001227,PRODUCT_VIEW,30,2026-07-17 11:03:06,16078.93
7318,sess_001227,ADD_TO_CART,30,2026-07-17 11:03:54,16078.93
7319,sess_001228,PRODUCT_VIEW,34,2026-08-06 21:43:06,7303.52
7320,sess_001228,ADD_TO_CART,34,2026-08-06 21:43:45,7303.52
7321,sess_001228,PRODUCT_VIEW,10,2026-08-06 21:44:16,8490.19
7322,sess_001228,ADD_TO_CART,10,2026-08-06 21:44:27,8490.19
7323,sess_001229,PRODUCT_VIEW,6,2026-07-15 03:13:06,33938.58
7324,sess_001229,ADD_TO_CART,6,2026-07-15 03:13:57,33938.58
7325,sess_001229,PRODUCT_VIEW,9,2026-07-15 03:14:50,33952.76
7326,sess_001229,ADD_TO_CART,9,2026-07-15 03:15:34,33952.76
7327,sess_001229,PRODUCT_VIEW,2,2026-07-15 03:16:41,8878.17
7328,sess_001229,ADD_TO_CART,2,2026-07-15 03:16:51,8878.17
7329,sess_001229,CHECKOUT_START,6,2026-07-15 03:18:14,76769.51
7330,sess_001230,PRODUCT_VIEW,20,2026-07-08 15:48:06,7441.9
7331,sess_001230,ADD_TO_CART,20,2026-07-08 15:48:57,7441.9
7332,sess_001231,PRODUCT_VIEW,22,2026-07-18 14:23:06,18731.11
7333,sess_001231,ADD_TO_CART,22,2026-07-18 14:23:31,18731.11
7334,sess_001231,CHECKOUT_START,22,2026-07-18 14:23:51,18731.11
7335,sess_001232,PRODUCT_VIEW,6,2026-07-11 19:33:06,33938.58
7336,sess_001232,ADD_TO_CART,6,2026-07-11 19:33:26,33938.58
7337,sess_001232,PRODUCT_VIEW,32,2026-07-11 19:34:06,5145.04
7338,sess_001232,ADD_TO_CART,32,2026-07-11 19:34:36,5145.04
7339,sess_001232,PRODUCT_VIEW,27,2026-07-11 19:35:08,34536.05
7340,sess_001232,ADD_TO_CART,27,2026-07-11 19:36:05,34536.05
7341,sess_001232,PRODUCT_VIEW,35,2026-07-11 19:36:41,33955.92
7342,sess_001232,ADD_TO_CART,35,2026-07-11 19:37:20,33955.92
7343,sess_001232,CHECKOUT_START,6,2026-07-11 19:38:03,107575.59000000001
7344,sess_001233,PRODUCT_VIEW,45,2026-07-25 00:37:06,13966.49
7345,sess_001233,ADD_TO_CART,45,2026-07-25 00:37:24,13966.49
7346,sess_001233,PRODUCT_VIEW,26,2026-07-25 00:38:19,1741.62
7347,sess_001233,ADD_TO_CART,26,2026-07-25 00:38:33,1741.62
7348,sess_001233,PRODUCT_VIEW,10,2026-07-25 00:40:12,8490.19
7349,sess_001233,ADD_TO_CART,10,2026-07-25 00:40:50,8490.19
7350,sess_001234,PRODUCT_VIEW,43,2026-07-19 14:37:06,24226.27
7351,sess_001234,ADD_TO_CART,43,2026-07-19 14:37:26,24226.27
7352,sess_001235,PRODUCT_VIEW,10,2026-07-25 20:55:06,8490.19
7353,sess_001235,ADD_TO_CART,10,2026-07-25 20:55:36,8490.19
7354,sess_001235,PRODUCT_VIEW,9,2026-07-25 20:56:30,33952.76
7355,sess_001235,ADD_TO_CART,9,2026-07-25 20:56:53,33952.76
7356,sess_001235,PRODUCT_VIEW,16,2026-07-25 20:57:52,1571.54
7357,sess_001235,ADD_TO_CART,16,2026-07-25 20:58:05,1571.54
7358,sess_001235,CHECKOUT_START,10,2026-07-25 20:59:04,44014.490000000005
7359,sess_001236,PRODUCT_VIEW,39,2026-08-04 19:29:06,33078.06
7360,sess_001236,ADD_TO_CART,39,2026-08-04 19:29:38,33078.06
7361,sess_001236,PRODUCT_VIEW,48,2026-08-04 19:30:18,34207.92
7362,sess_001236,ADD_TO_CART,48,2026-08-04 19:30:50,34207.92
7363,sess_001236,PRODUCT_VIEW,49,2026-08-04 19:31:42,30515.02
7364,sess_001236,ADD_TO_CART,49,2026-08-04 19:32:28,30515.02
7365,sess_001236,CHECKOUT_START,39,2026-08-04 19:33:10,97801.0
7366,sess_001237,PRODUCT_VIEW,35,2026-07-12 21:37:06,33955.92
7367,sess_001237,ADD_TO_CART,35,2026-07-12 21:37:21,33955.92
7368,sess_001237,PRODUCT_VIEW,36,2026-07-12 21:38:48,23638.97
7369,sess_001237,ADD_TO_CART,36,2026-07-12 21:39:07,23638.97
7370,sess_001237,CHECKOUT_START,35,2026-07-12 21:40:26,57594.89
7371,sess_001238,PRODUCT_VIEW,34,2026-07-28 01:31:06,7303.52
7372,sess_001238,ADD_TO_CART,34,2026-07-28 01:31:49,7303.52
7373,sess_001238,CHECKOUT_START,34,2026-07-28 01:32:44,7303.52
7374,sess_001239,PRODUCT_VIEW,3,2026-07-12 00:00:06,15751.54
7375,sess_001239,ADD_TO_CART,3,2026-07-12 00:00:27,15751.54
7376,sess_001240,PRODUCT_VIEW,46,2026-07-13 18:16:06,3997.88
7377,sess_001240,ADD_TO_CART,46,2026-07-13 18:16:41,3997.88
7378,sess_001240,CHECKOUT_START,46,2026-07-13 18:17:07,3997.88
7379,sess_001241,PRODUCT_VIEW,11,2026-08-03 21:12:06,6189.77
7380,sess_001241,ADD_TO_CART,11,2026-08-03 21:13:00,6189.77
7381,sess_001241,PRODUCT_VIEW,4,2026-08-03 21:13:45,12764.76
7382,sess_001241,ADD_TO_CART,4,2026-08-03 21:14:01,12764.76
7383,sess_001241,CHECKOUT_START,11,2026-08-03 21:15:37,18954.53
7384,sess_001242,PRODUCT_VIEW,16,2026-07-30 23:31:06,1571.54
7385,sess_001242,ADD_TO_CART,16,2026-07-30 23:31:22,1571.54
7386,sess_001242,CHECKOUT_START,16,2026-07-30 23:32:45,1571.54
7387,sess_001242,PAYMENT_FAILURE,16,2026-07-30 23:34:02,1571.54
7388,sess_001243,PRODUCT_VIEW,47,2026-07-14 21:03:06,34979.66
7389,sess_001243,ADD_TO_CART,47,2026-07-14 21:03:48,34979.66
7390,sess_001243,CHECKOUT_START,47,2026-07-14 21:04:41,34979.66
7391,sess_001244,PRODUCT_VIEW,14,2026-07-22 13:24:06,21714.55
7392,sess_001244,ADD_TO_CART,14,2026-07-22 13:24:44,21714.55
7393,sess_001244,CHECKOUT_START,14,2026-07-22 13:25:47,21714.55
7394,sess_001245,PRODUCT_VIEW,31,2026-07-23 18:57:06,17262.47
7395,sess_001245,ADD_TO_CART,31,2026-07-23 18:57:24,17262.47
7396,sess_001245,CHECKOUT_START,31,2026-07-23 18:58:43,17262.47
7397,sess_001246,PRODUCT_VIEW,50,2026-07-25 21:01:06,19975.03
7398,sess_001246,ADD_TO_CART,50,2026-07-25 21:01:55,19975.03
7399,sess_001247,PRODUCT_VIEW,31,2026-07-19 04:33:06,17262.47
7400,sess_001247,ADD_TO_CART,31,2026-07-19 04:33:23,17262.47
7401,sess_001247,PRODUCT_VIEW,32,2026-07-19 04:34:51,5145.04
7402,sess_001247,ADD_TO_CART,32,2026-07-19 04:35:13,5145.04
7403,sess_001247,PRODUCT_VIEW,50,2026-07-19 04:36:35,19975.03
7404,sess_001247,ADD_TO_CART,50,2026-07-19 04:37:06,19975.03
7405,sess_001248,PRODUCT_VIEW,23,2026-07-11 00:23:06,1664.26
7406,sess_001248,ADD_TO_CART,23,2026-07-11 00:23:18,1664.26
7407,sess_001248,PRODUCT_VIEW,30,2026-07-11 00:23:39,16078.93
7408,sess_001248,ADD_TO_CART,30,2026-07-11 00:23:59,16078.93
7409,sess_001248,PRODUCT_VIEW,33,2026-07-11 00:24:51,10984.48
7410,sess_001248,ADD_TO_CART,33,2026-07-11 00:25:43,10984.48
7411,sess_001248,CHECKOUT_START,23,2026-07-11 00:26:40,28727.67
7412,sess_001249,PRODUCT_VIEW,38,2026-08-02 19:05:06,24333.81
7413,sess_001249,ADD_TO_CART,38,2026-08-02 19:05:58,24333.81
7414,sess_001249,PRODUCT_VIEW,3,2026-08-02 19:07:06,15751.54
7415,sess_001249,ADD_TO_CART,3,2026-08-02 19:07:51,15751.54
7416,sess_001249,PRODUCT_VIEW,25,2026-08-02 19:08:56,11269.93
7417,sess_001249,ADD_TO_CART,25,2026-08-02 19:09:35,11269.93
7418,sess_001249,PRODUCT_VIEW,39,2026-08-02 19:10:28,33078.06
7419,sess_001249,ADD_TO_CART,39,2026-08-02 19:11:03,33078.06
7420,sess_001250,PRODUCT_VIEW,37,2026-07-25 03:28:06,30424.4
7421,sess_001250,ADD_TO_CART,37,2026-07-25 03:29:00,30424.4
7422,sess_001250,PRODUCT_VIEW,24,2026-07-25 03:29:38,15990.76
7423,sess_001250,ADD_TO_CART,24,2026-07-25 03:29:53,15990.76
7424,sess_001251,PRODUCT_VIEW,31,2026-07-29 19:40:06,17262.47
7425,sess_001251,ADD_TO_CART,31,2026-07-29 19:40:16,17262.47
7426,sess_001252,PRODUCT_VIEW,19,2026-07-13 19:17:06,20611.38
7427,sess_001252,ADD_TO_CART,19,2026-07-13 19:17:34,20611.38
7428,sess_001252,PRODUCT_VIEW,35,2026-07-13 19:18:58,33955.92
7429,sess_001252,ADD_TO_CART,35,2026-07-13 19:19:12,33955.92
7430,sess_001252,CHECKOUT_START,19,2026-07-13 19:20:00,54567.3
7431,sess_001252,PAYMENT_FAILURE,19,2026-07-13 19:20:31,54567.3
7432,sess_001253,PRODUCT_VIEW,7,2026-07-13 22:05:06,23088.42
7433,sess_001253,ADD_TO_CART,7,2026-07-13 22:05:20,23088.42
7434,sess_001253,PRODUCT_VIEW,24,2026-07-13 22:06:28,15990.76
7435,sess_001253,ADD_TO_CART,24,2026-07-13 22:07:08,15990.76
7436,sess_001253,CHECKOUT_START,7,2026-07-13 22:08:14,39079.18
7437,sess_001253,PAYMENT_FAILURE,7,2026-07-13 22:09:32,39079.18
7438,sess_001253,PAYMENT_FAILURE,7,2026-07-13 22:10:53,39079.18
7439,sess_001254,PRODUCT_VIEW,36,2026-07-16 16:16:06,23638.97
7440,sess_001254,ADD_TO_CART,36,2026-07-16 16:16:36,23638.97
7441,sess_001254,PRODUCT_VIEW,6,2026-07-16 16:16:58,33938.58
7442,sess_001254,ADD_TO_CART,6,2026-07-16 16:17:15,33938.58
7443,sess_001254,PRODUCT_VIEW,1,2026-07-16 16:18:10,29947.02
7444,sess_001254,ADD_TO_CART,1,2026-07-16 16:18:51,29947.02
7445,sess_001254,CHECKOUT_START,36,2026-07-16 16:20:04,87524.57
7446,sess_001255,PRODUCT_VIEW,21,2026-07-08 20:27:06,9659.58
7447,sess_001255,ADD_TO_CART,21,2026-07-08 20:27:23,9659.58
7448,sess_001255,PRODUCT_VIEW,48,2026-07-08 20:28:00,34207.92
7449,sess_001255,ADD_TO_CART,48,2026-07-08 20:28:44,34207.92
7450,sess_001255,PRODUCT_VIEW,49,2026-07-08 20:29:13,30515.02
7451,sess_001255,ADD_TO_CART,49,2026-07-08 20:29:51,30515.02
7452,sess_001255,CHECKOUT_START,21,2026-07-08 20:31:14,74382.52
7453,sess_001256,PRODUCT_VIEW,10,2026-07-20 07:38:06,8490.19
7454,sess_001256,ADD_TO_CART,10,2026-07-20 07:38:18,8490.19
7455,sess_001256,PRODUCT_VIEW,25,2026-07-20 07:39:54,11269.93
7456,sess_001256,ADD_TO_CART,25,2026-07-20 07:40:33,11269.93
7457,sess_001256,PRODUCT_VIEW,41,2026-07-20 07:41:13,30450.87
7458,sess_001256,ADD_TO_CART,41,2026-07-20 07:41:37,30450.87
7459,sess_001256,CHECKOUT_START,10,2026-07-20 07:42:46,50210.990000000005
7460,sess_001257,PRODUCT_VIEW,10,2026-07-14 12:00:06,8490.19
7461,sess_001257,ADD_TO_CART,10,2026-07-14 12:00:44,8490.19
7462,sess_001257,PRODUCT_VIEW,3,2026-07-14 12:01:17,15751.54
7463,sess_001257,ADD_TO_CART,3,2026-07-14 12:01:28,15751.54
7464,sess_001257,PRODUCT_VIEW,23,2026-07-14 12:02:46,1664.26
7465,sess_001257,ADD_TO_CART,23,2026-07-14 12:03:09,1664.26
7466,sess_001257,PRODUCT_VIEW,5,2026-07-14 12:03:36,5973.44
7467,sess_001257,ADD_TO_CART,5,2026-07-14 12:04:18,5973.44
7468,sess_001257,CHECKOUT_START,10,2026-07-14 12:05:37,31879.43
7469,sess_001258,PRODUCT_VIEW,14,2026-07-18 08:13:06,21714.55
7470,sess_001258,ADD_TO_CART,14,2026-07-18 08:13:22,21714.55
7471,sess_001258,CHECKOUT_START,14,2026-07-18 08:14:44,21714.55
7472,sess_001258,PAYMENT_FAILURE,14,2026-07-18 08:15:34,21714.55
7473,sess_001258,PAYMENT_FAILURE,14,2026-07-18 08:16:23,21714.55
7474,sess_001258,PAYMENT_FAILURE,14,2026-07-18 08:17:07,21714.55
7475,sess_001259,PRODUCT_VIEW,46,2026-07-12 22:08:06,3997.88
7476,sess_001259,ADD_TO_CART,46,2026-07-12 22:08:27,3997.88
7477,sess_001259,PRODUCT_VIEW,30,2026-07-12 22:09:36,16078.93
7478,sess_001259,ADD_TO_CART,30,2026-07-12 22:09:49,16078.93
7479,sess_001259,PRODUCT_VIEW,43,2026-07-12 22:10:29,24226.27
7480,sess_001259,ADD_TO_CART,43,2026-07-12 22:11:15,24226.27
7481,sess_001260,PRODUCT_VIEW,29,2026-08-03 09:14:06,22477.1
7482,sess_001260,ADD_TO_CART,29,2026-08-03 09:14:42,22477.1
7483,sess_001260,CHECKOUT_START,29,2026-08-03 09:15:56,22477.1
7484,sess_001260,PAYMENT_FAILURE,29,2026-08-03 09:16:42,22477.1
7485,sess_001260,PAYMENT_FAILURE,29,2026-08-03 09:17:20,22477.1
7486,sess_001260,PAYMENT_FAILURE,29,2026-08-03 09:17:50,22477.1
7487,sess_001261,PRODUCT_VIEW,31,2026-07-23 22:19:06,17262.47
7488,sess_001261,ADD_TO_CART,31,2026-07-23 22:19:38,17262.47
7489,sess_001261,PRODUCT_VIEW,27,2026-07-23 22:21:15,34536.05
7490,sess_001261,ADD_TO_CART,27,2026-07-23 22:21:33,34536.05
7491,sess_001261,PRODUCT_VIEW,45,2026-07-23 22:22:20,13966.49
7492,sess_001261,ADD_TO_CART,45,2026-07-23 22:23:03,13966.49
7493,sess_001261,PRODUCT_VIEW,9,2026-07-23 22:24:18,33952.76
7494,sess_001261,ADD_TO_CART,9,2026-07-23 22:25:14,33952.76
7495,sess_001261,CHECKOUT_START,31,2026-07-23 22:26:38,99717.77000000002
7496,sess_001262,PRODUCT_VIEW,38,2026-07-30 06:59:06,24333.81
7497,sess_001262,ADD_TO_CART,38,2026-07-30 06:59:19,24333.81
7498,sess_001262,PRODUCT_VIEW,44,2026-07-30 07:00:21,7783.14
7499,sess_001262,ADD_TO_CART,44,2026-07-30 07:01:20,7783.14
7500,sess_001262,PRODUCT_VIEW,15,2026-07-30 07:02:27,6095.52
7501,sess_001262,ADD_TO_CART,15,2026-07-30 07:03:26,6095.52
7502,sess_001262,PRODUCT_VIEW,12,2026-07-30 07:04:16,11993.35
7503,sess_001262,ADD_TO_CART,12,2026-07-30 07:04:42,11993.35
7504,sess_001263,PRODUCT_VIEW,28,2026-07-25 21:46:06,470.42
7505,sess_001263,ADD_TO_CART,28,2026-07-25 21:46:36,470.42
7506,sess_001263,PRODUCT_VIEW,17,2026-07-25 21:47:20,23333.68
7507,sess_001263,ADD_TO_CART,17,2026-07-25 21:48:13,23333.68
7508,sess_001263,PRODUCT_VIEW,50,2026-07-25 21:49:14,19975.03
7509,sess_001263,ADD_TO_CART,50,2026-07-25 21:49:50,19975.03
7510,sess_001263,PRODUCT_VIEW,1,2026-07-25 21:51:07,29947.02
7511,sess_001263,ADD_TO_CART,1,2026-07-25 21:51:20,29947.02
7512,sess_001264,PRODUCT_VIEW,16,2026-07-30 19:12:06,1571.54
7513,sess_001264,ADD_TO_CART,16,2026-07-30 19:13:06,1571.54
7514,sess_001265,PRODUCT_VIEW,12,2026-07-26 20:11:06,11993.35
7515,sess_001265,ADD_TO_CART,12,2026-07-26 20:12:01,11993.35
7516,sess_001265,PRODUCT_VIEW,4,2026-07-26 20:12:43,12764.76
7517,sess_001265,ADD_TO_CART,4,2026-07-26 20:13:04,12764.76
7518,sess_001266,PRODUCT_VIEW,39,2026-07-24 11:58:06,33078.06
7519,sess_001266,ADD_TO_CART,39,2026-07-24 11:58:43,33078.06
7520,sess_001266,PRODUCT_VIEW,8,2026-07-24 11:59:24,27139.29
7521,sess_001266,ADD_TO_CART,8,2026-07-24 11:59:37,27139.29
7522,sess_001266,PRODUCT_VIEW,32,2026-07-24 12:00:34,5145.04
7523,sess_001266,ADD_TO_CART,32,2026-07-24 12:00:54,5145.04
7524,sess_001266,PRODUCT_VIEW,7,2026-07-24 12:02:32,23088.42
7525,sess_001266,ADD_TO_CART,7,2026-07-24 12:03:16,23088.42
7526,sess_001266,CHECKOUT_START,39,2026-07-24 12:04:23,88450.81
7527,sess_001267,PRODUCT_VIEW,7,2026-07-21 16:41:06,23088.42
7528,sess_001267,ADD_TO_CART,7,2026-07-21 16:41:53,23088.42
7529,sess_001267,PRODUCT_VIEW,28,2026-07-21 16:42:14,470.42
7530,sess_001267,ADD_TO_CART,28,2026-07-21 16:42:37,470.42
7531,sess_001268,PRODUCT_VIEW,44,2026-07-25 05:13:06,7783.14
7532,sess_001268,ADD_TO_CART,44,2026-07-25 05:13:33,7783.14
7533,sess_001268,PRODUCT_VIEW,26,2026-07-25 05:14:56,1741.62
7534,sess_001268,ADD_TO_CART,26,2026-07-25 05:15:10,1741.62
7535,sess_001268,CHECKOUT_START,44,2026-07-25 05:15:37,9524.76
7536,sess_001269,PRODUCT_VIEW,50,2026-07-24 23:58:06,19975.03
7537,sess_001269,ADD_TO_CART,50,2026-07-24 23:58:16,19975.03
7538,sess_001269,PRODUCT_VIEW,3,2026-07-24 23:58:40,15751.54
7539,sess_001269,ADD_TO_CART,3,2026-07-24 23:59:08,15751.54
7540,sess_001269,PRODUCT_VIEW,22,2026-07-25 00:00:42,18731.11
7541,sess_001269,ADD_TO_CART,22,2026-07-25 00:01:04,18731.11
7542,sess_001269,PRODUCT_VIEW,44,2026-07-25 00:01:50,7783.14
7543,sess_001269,ADD_TO_CART,44,2026-07-25 00:02:11,7783.14
7544,sess_001269,CHECKOUT_START,50,2026-07-25 00:03:23,62240.82
7545,sess_001269,PAYMENT_FAILURE,50,2026-07-25 00:04:46,62240.82
7546,sess_001270,PRODUCT_VIEW,29,2026-07-20 16:59:06,22477.1
7547,sess_001270,ADD_TO_CART,29,2026-07-20 16:59:51,22477.1
7548,sess_001270,PRODUCT_VIEW,28,2026-07-20 17:00:11,470.42
7549,sess_001270,ADD_TO_CART,28,2026-07-20 17:00:55,470.42
7550,sess_001270,PRODUCT_VIEW,16,2026-07-20 17:01:43,1571.54
7551,sess_001270,ADD_TO_CART,16,2026-07-20 17:02:29,1571.54
7552,sess_001270,CHECKOUT_START,29,2026-07-20 17:02:53,24519.059999999998
7553,sess_001271,PRODUCT_VIEW,9,2026-07-10 12:41:06,33952.76
7554,sess_001271,ADD_TO_CART,9,2026-07-10 12:42:00,33952.76
7555,sess_001271,PRODUCT_VIEW,30,2026-07-10 12:42:40,16078.93
7556,sess_001271,ADD_TO_CART,30,2026-07-10 12:43:38,16078.93
7557,sess_001271,CHECKOUT_START,9,2026-07-10 12:45:01,50031.69
7558,sess_001272,PRODUCT_VIEW,4,2026-07-26 17:02:06,12764.76
7559,sess_001272,ADD_TO_CART,4,2026-07-26 17:02:42,12764.76
7560,sess_001272,PRODUCT_VIEW,9,2026-07-26 17:03:59,33952.76
7561,sess_001272,ADD_TO_CART,9,2026-07-26 17:04:34,33952.76
7562,sess_001272,PRODUCT_VIEW,28,2026-07-26 17:05:36,470.42
7563,sess_001272,ADD_TO_CART,28,2026-07-26 17:05:56,470.42
7564,sess_001272,PRODUCT_VIEW,46,2026-07-26 17:07:14,3997.88
7565,sess_001272,ADD_TO_CART,46,2026-07-26 17:07:34,3997.88
7566,sess_001272,CHECKOUT_START,4,2026-07-26 17:09:04,51185.82
7567,sess_001273,PRODUCT_VIEW,29,2026-07-19 03:14:06,22477.1
7568,sess_001273,ADD_TO_CART,29,2026-07-19 03:15:02,22477.1
7569,sess_001273,CHECKOUT_START,29,2026-07-19 03:15:22,22477.1
7570,sess_001274,PRODUCT_VIEW,11,2026-07-15 07:43:06,6189.77
7571,sess_001274,ADD_TO_CART,11,2026-07-15 07:43:18,6189.77
7572,sess_001275,PRODUCT_VIEW,50,2026-08-06 18:58:06,19975.03
7573,sess_001275,ADD_TO_CART,50,2026-08-06 18:58:55,19975.03
7574,sess_001275,PRODUCT_VIEW,20,2026-08-06 18:59:19,7441.9
7575,sess_001275,ADD_TO_CART,20,2026-08-06 18:59:46,7441.9
7576,sess_001275,PRODUCT_VIEW,16,2026-08-06 19:00:39,1571.54
7577,sess_001275,ADD_TO_CART,16,2026-08-06 19:01:23,1571.54
7578,sess_001275,CHECKOUT_START,50,2026-08-06 19:02:56,28988.47
7579,sess_001276,PRODUCT_VIEW,11,2026-07-08 18:03:06,6189.77
7580,sess_001276,ADD_TO_CART,11,2026-07-08 18:03:31,6189.77
7581,sess_001276,CHECKOUT_START,11,2026-07-08 18:04:36,6189.77
7582,sess_001277,PRODUCT_VIEW,40,2026-07-18 13:19:06,17551.46
7583,sess_001277,ADD_TO_CART,40,2026-07-18 13:20:02,17551.46
7584,sess_001278,PRODUCT_VIEW,40,2026-07-11 10:48:06,17551.46
7585,sess_001278,ADD_TO_CART,40,2026-07-11 10:49:04,17551.46
7586,sess_001278,PRODUCT_VIEW,13,2026-07-11 10:49:55,15251.23
7587,sess_001278,ADD_TO_CART,13,2026-07-11 10:50:17,15251.23
7588,sess_001278,CHECKOUT_START,40,2026-07-11 10:50:57,32802.69
7589,sess_001279,PRODUCT_VIEW,8,2026-07-25 20:07:06,27139.29
7590,sess_001279,ADD_TO_CART,8,2026-07-25 20:08:06,27139.29
7591,sess_001279,PRODUCT_VIEW,9,2026-07-25 20:09:00,33952.76
7592,sess_001279,ADD_TO_CART,9,2026-07-25 20:09:58,33952.76
7593,sess_001279,CHECKOUT_START,8,2026-07-25 20:10:52,61092.05
7594,sess_001279,PAYMENT_FAILURE,8,2026-07-25 20:11:27,61092.05
7595,sess_001279,PAYMENT_FAILURE,8,2026-07-25 20:12:07,61092.05
7596,sess_001279,PAYMENT_FAILURE,8,2026-07-25 20:13:33,61092.05
7597,sess_001280,PRODUCT_VIEW,8,2026-07-19 11:13:06,27139.29
7598,sess_001280,ADD_TO_CART,8,2026-07-19 11:13:25,27139.29
7599,sess_001280,CHECKOUT_START,8,2026-07-19 11:14:16,27139.29
7600,sess_001281,PRODUCT_VIEW,1,2026-07-24 14:05:06,29947.02
7601,sess_001281,ADD_TO_CART,1,2026-07-24 14:05:40,29947.02
7602,sess_001281,CHECKOUT_START,1,2026-07-24 14:06:23,29947.02
7603,sess_001282,PRODUCT_VIEW,26,2026-07-24 12:57:06,1741.62
7604,sess_001282,ADD_TO_CART,26,2026-07-24 12:57:20,1741.62
7605,sess_001282,PRODUCT_VIEW,29,2026-07-24 12:58:09,22477.1
7606,sess_001282,ADD_TO_CART,29,2026-07-24 12:58:25,22477.1
7607,sess_001282,CHECKOUT_START,26,2026-07-24 12:59:46,24218.719999999998
7608,sess_001283,PRODUCT_VIEW,43,2026-07-08 15:16:06,24226.27
7609,sess_001283,ADD_TO_CART,43,2026-07-08 15:16:56,24226.27
7610,sess_001283,PRODUCT_VIEW,33,2026-07-08 15:18:07,10984.48
7611,sess_001283,ADD_TO_CART,33,2026-07-08 15:18:33,10984.48
7612,sess_001284,PRODUCT_VIEW,21,2026-07-24 16:49:06,9659.58
7613,sess_001284,ADD_TO_CART,21,2026-07-24 16:49:19,9659.58
7614,sess_001284,PRODUCT_VIEW,9,2026-07-24 16:50:03,33952.76
7615,sess_001284,ADD_TO_CART,9,2026-07-24 16:50:23,33952.76
7616,sess_001284,PRODUCT_VIEW,18,2026-07-24 16:50:56,29592.56
7617,sess_001284,ADD_TO_CART,18,2026-07-24 16:51:10,29592.56
7618,sess_001284,CHECKOUT_START,21,2026-07-24 16:52:15,73204.90000000001
7619,sess_001285,PRODUCT_VIEW,20,2026-08-04 15:23:06,7441.9
7620,sess_001285,ADD_TO_CART,20,2026-08-04 15:23:31,7441.9
7621,sess_001285,CHECKOUT_START,20,2026-08-04 15:23:57,7441.9
7622,sess_001285,PAYMENT_FAILURE,20,2026-08-04 15:25:00,7441.9
7623,sess_001285,PAYMENT_FAILURE,20,2026-08-04 15:26:24,7441.9
7624,sess_001285,PAYMENT_FAILURE,20,2026-08-04 15:27:22,7441.9
7625,sess_001286,PRODUCT_VIEW,9,2026-07-24 03:58:06,33952.76
7626,sess_001286,ADD_TO_CART,9,2026-07-24 03:58:48,33952.76
7627,sess_001286,PRODUCT_VIEW,10,2026-07-24 04:00:17,8490.19
7628,sess_001286,ADD_TO_CART,10,2026-07-24 04:00:42,8490.19
7629,sess_001286,PRODUCT_VIEW,6,2026-07-24 04:01:34,33938.58
7630,sess_001286,ADD_TO_CART,6,2026-07-24 04:02:24,33938.58
7631,sess_001287,PRODUCT_VIEW,32,2026-07-10 00:22:06,5145.04
7632,sess_001287,ADD_TO_CART,32,2026-07-10 00:22:40,5145.04
7633,sess_001287,PRODUCT_VIEW,3,2026-07-10 00:24:13,15751.54
7634,sess_001287,ADD_TO_CART,3,2026-07-10 00:24:35,15751.54
7635,sess_001287,PRODUCT_VIEW,28,2026-07-10 00:25:21,470.42
7636,sess_001287,ADD_TO_CART,28,2026-07-10 00:25:46,470.42
7637,sess_001287,PRODUCT_VIEW,41,2026-07-10 00:26:27,30450.87
7638,sess_001287,ADD_TO_CART,41,2026-07-10 00:27:14,30450.87
7639,sess_001288,PRODUCT_VIEW,28,2026-07-19 22:40:06,470.42
7640,sess_001288,ADD_TO_CART,28,2026-07-19 22:40:49,470.42
7641,sess_001288,PRODUCT_VIEW,18,2026-07-19 22:41:51,29592.56
7642,sess_001288,ADD_TO_CART,18,2026-07-19 22:42:41,29592.56
7643,sess_001288,PRODUCT_VIEW,4,2026-07-19 22:44:05,12764.76
7644,sess_001288,ADD_TO_CART,4,2026-07-19 22:45:05,12764.76
7645,sess_001288,CHECKOUT_START,28,2026-07-19 22:46:10,42827.74
7646,sess_001289,PRODUCT_VIEW,12,2026-07-14 13:41:06,11993.35
7647,sess_001289,ADD_TO_CART,12,2026-07-14 13:41:33,11993.35
7648,sess_001289,PRODUCT_VIEW,2,2026-07-14 13:42:43,8878.17
7649,sess_001289,ADD_TO_CART,2,2026-07-14 13:43:23,8878.17
7650,sess_001289,PRODUCT_VIEW,48,2026-07-14 13:43:59,34207.92
7651,sess_001289,ADD_TO_CART,48,2026-07-14 13:44:51,34207.92
7652,sess_001289,PRODUCT_VIEW,33,2026-07-14 13:46:25,10984.48
7653,sess_001289,ADD_TO_CART,33,2026-07-14 13:47:24,10984.48
7654,sess_001289,CHECKOUT_START,12,2026-07-14 13:48:05,66063.92
7655,sess_001290,PRODUCT_VIEW,12,2026-07-27 21:53:06,11993.35
7656,sess_001290,ADD_TO_CART,12,2026-07-27 21:53:16,11993.35
7657,sess_001290,PRODUCT_VIEW,23,2026-07-27 21:53:49,1664.26
7658,sess_001290,ADD_TO_CART,23,2026-07-27 21:54:33,1664.26
7659,sess_001290,CHECKOUT_START,12,2026-07-27 21:55:16,13657.61
7660,sess_001291,PRODUCT_VIEW,12,2026-08-02 05:46:06,11993.35
7661,sess_001291,ADD_TO_CART,12,2026-08-02 05:46:21,11993.35
7662,sess_001291,PRODUCT_VIEW,42,2026-08-02 05:47:02,1353.46
7663,sess_001291,ADD_TO_CART,42,2026-08-02 05:48:02,1353.46
7664,sess_001291,PRODUCT_VIEW,1,2026-08-02 05:48:42,29947.02
7665,sess_001291,ADD_TO_CART,1,2026-08-02 05:49:07,29947.02
7666,sess_001291,CHECKOUT_START,12,2026-08-02 05:50:02,43293.83
7667,sess_001292,PRODUCT_VIEW,45,2026-08-07 03:57:06,13966.49
7668,sess_001292,ADD_TO_CART,45,2026-08-07 03:57:18,13966.49
7669,sess_001292,PRODUCT_VIEW,29,2026-08-07 03:57:55,22477.1
7670,sess_001292,ADD_TO_CART,29,2026-08-07 03:58:31,22477.1
7671,sess_001292,CHECKOUT_START,45,2026-08-07 03:59:42,36443.59
7672,sess_001292,PAYMENT_FAILURE,45,2026-08-07 04:00:12,36443.59
7673,sess_001292,PAYMENT_FAILURE,45,2026-08-07 04:00:58,36443.59
7674,sess_001292,PAYMENT_FAILURE,45,2026-08-07 04:02:26,36443.59
7675,sess_001293,PRODUCT_VIEW,2,2026-08-01 18:18:06,8878.17
7676,sess_001293,ADD_TO_CART,2,2026-08-01 18:19:01,8878.17
7677,sess_001293,CHECKOUT_START,2,2026-08-01 18:19:50,8878.17
7678,sess_001294,PRODUCT_VIEW,9,2026-07-31 16:14:06,33952.76
7679,sess_001294,ADD_TO_CART,9,2026-07-31 16:14:35,33952.76
7680,sess_001294,PRODUCT_VIEW,11,2026-07-31 16:15:54,6189.77
7681,sess_001294,ADD_TO_CART,11,2026-07-31 16:16:09,6189.77
7682,sess_001295,PRODUCT_VIEW,32,2026-08-06 10:18:06,5145.04
7683,sess_001295,ADD_TO_CART,32,2026-08-06 10:18:41,5145.04
7684,sess_001295,PRODUCT_VIEW,43,2026-08-06 10:19:36,24226.27
7685,sess_001295,ADD_TO_CART,43,2026-08-06 10:20:11,24226.27
7686,sess_001295,PRODUCT_VIEW,3,2026-08-06 10:20:45,15751.54
7687,sess_001295,ADD_TO_CART,3,2026-08-06 10:21:38,15751.54
7688,sess_001295,PRODUCT_VIEW,21,2026-08-06 10:22:51,9659.58
7689,sess_001295,ADD_TO_CART,21,2026-08-06 10:23:04,9659.58
7690,sess_001295,CHECKOUT_START,32,2026-08-06 10:24:24,54782.43000000001
7691,sess_001296,PRODUCT_VIEW,15,2026-07-16 06:41:06,6095.52
7692,sess_001296,ADD_TO_CART,15,2026-07-16 06:41:28,6095.52
7693,sess_001296,PRODUCT_VIEW,30,2026-07-16 06:42:22,16078.93
7694,sess_001296,ADD_TO_CART,30,2026-07-16 06:42:59,16078.93
7695,sess_001296,PRODUCT_VIEW,12,2026-07-16 06:43:30,11993.35
7696,sess_001296,ADD_TO_CART,12,2026-07-16 06:44:08,11993.35
7697,sess_001296,CHECKOUT_START,15,2026-07-16 06:45:22,34167.8
7698,sess_001297,PRODUCT_VIEW,42,2026-07-11 17:52:06,1353.46
7699,sess_001297,ADD_TO_CART,42,2026-07-11 17:53:06,1353.46
7700,sess_001297,CHECKOUT_START,42,2026-07-11 17:54:45,1353.46
7701,sess_001298,PRODUCT_VIEW,23,2026-07-08 17:48:06,1664.26
7702,sess_001298,ADD_TO_CART,23,2026-07-08 17:49:03,1664.26
7703,sess_001298,PRODUCT_VIEW,18,2026-07-08 17:49:48,29592.56
7704,sess_001298,ADD_TO_CART,18,2026-07-08 17:50:27,29592.56
7705,sess_001298,PRODUCT_VIEW,19,2026-07-08 17:51:09,20611.38
7706,sess_001298,ADD_TO_CART,19,2026-07-08 17:51:48,20611.38
7707,sess_001298,PRODUCT_VIEW,8,2026-07-08 17:53:08,27139.29
7708,sess_001298,ADD_TO_CART,8,2026-07-08 17:54:00,27139.29
7709,sess_001298,CHECKOUT_START,23,2026-07-08 17:55:09,79007.48999999999
7710,sess_001299,PRODUCT_VIEW,12,2026-07-09 23:33:06,11993.35
7711,sess_001299,ADD_TO_CART,12,2026-07-09 23:33:33,11993.35
7712,sess_001299,PRODUCT_VIEW,40,2026-07-09 23:34:47,17551.46
7713,sess_001299,ADD_TO_CART,40,2026-07-09 23:35:01,17551.46
7714,sess_001299,PRODUCT_VIEW,3,2026-07-09 23:36:21,15751.54
7715,sess_001299,ADD_TO_CART,3,2026-07-09 23:36:51,15751.54
7716,sess_001299,CHECKOUT_START,12,2026-07-09 23:37:54,45296.35
7717,sess_001300,PRODUCT_VIEW,3,2026-07-11 07:45:06,15751.54
7718,sess_001300,ADD_TO_CART,3,2026-07-11 07:45:34,15751.54
7719,sess_001300,PRODUCT_VIEW,11,2026-07-11 07:47:05,6189.77
7720,sess_001300,ADD_TO_CART,11,2026-07-11 07:47:29,6189.77
7721,sess_001300,CHECKOUT_START,3,2026-07-11 07:48:45,21941.31
7722,sess_001301,PRODUCT_VIEW,13,2026-07-31 15:27:06,15251.23
7723,sess_001301,ADD_TO_CART,13,2026-07-31 15:27:52,15251.23
7724,sess_001301,PRODUCT_VIEW,33,2026-07-31 15:28:44,10984.48
7725,sess_001301,ADD_TO_CART,33,2026-07-31 15:29:22,10984.48
7726,sess_001301,PRODUCT_VIEW,25,2026-07-31 15:30:54,11269.93
7727,sess_001301,ADD_TO_CART,25,2026-07-31 15:31:52,11269.93
7728,sess_001302,PRODUCT_VIEW,45,2026-07-31 11:42:06,13966.49
7729,sess_001302,ADD_TO_CART,45,2026-07-31 11:42:28,13966.49
7730,sess_001302,PRODUCT_VIEW,30,2026-07-31 11:43:54,16078.93
7731,sess_001302,ADD_TO_CART,30,2026-07-31 11:44:31,16078.93
7732,sess_001302,PRODUCT_VIEW,12,2026-07-31 11:45:25,11993.35
7733,sess_001302,ADD_TO_CART,12,2026-07-31 11:45:39,11993.35
7734,sess_001302,CHECKOUT_START,45,2026-07-31 11:46:00,42038.77
7735,sess_001302,PAYMENT_FAILURE,45,2026-07-31 11:46:30,42038.77
7736,sess_001302,PAYMENT_FAILURE,45,2026-07-31 11:47:38,42038.77
7737,sess_001303,PRODUCT_VIEW,47,2026-07-15 15:29:06,34979.66
7738,sess_001303,ADD_TO_CART,47,2026-07-15 15:30:05,34979.66
7739,sess_001303,PRODUCT_VIEW,18,2026-07-15 15:31:40,29592.56
7740,sess_001303,ADD_TO_CART,18,2026-07-15 15:32:28,29592.56
7741,sess_001303,PRODUCT_VIEW,16,2026-07-15 15:32:50,1571.54
7742,sess_001303,ADD_TO_CART,16,2026-07-15 15:33:02,1571.54
7743,sess_001303,PRODUCT_VIEW,21,2026-07-15 15:34:36,9659.58
7744,sess_001303,ADD_TO_CART,21,2026-07-15 15:35:35,9659.58
7745,sess_001303,CHECKOUT_START,47,2026-07-15 15:36:23,75803.34
7746,sess_001304,PRODUCT_VIEW,15,2026-07-29 07:57:06,6095.52
7747,sess_001304,ADD_TO_CART,15,2026-07-29 07:57:49,6095.52
7748,sess_001304,PRODUCT_VIEW,30,2026-07-29 07:58:42,16078.93
7749,sess_001304,ADD_TO_CART,30,2026-07-29 07:59:09,16078.93
7750,sess_001304,PRODUCT_VIEW,33,2026-07-29 07:59:56,10984.48
7751,sess_001304,ADD_TO_CART,33,2026-07-29 08:00:35,10984.48
7752,sess_001304,CHECKOUT_START,15,2026-07-29 08:01:01,33158.93
7753,sess_001304,PAYMENT_FAILURE,15,2026-07-29 08:01:56,33158.93
7754,sess_001304,PAYMENT_FAILURE,15,2026-07-29 08:03:12,33158.93
7755,sess_001304,PAYMENT_FAILURE,15,2026-07-29 08:04:06,33158.93
7756,sess_001305,PRODUCT_VIEW,49,2026-07-25 15:52:06,30515.02
7757,sess_001305,ADD_TO_CART,49,2026-07-25 15:53:06,30515.02
7758,sess_001305,PRODUCT_VIEW,15,2026-07-25 15:53:34,6095.52
7759,sess_001305,ADD_TO_CART,15,2026-07-25 15:54:07,6095.52
7760,sess_001305,PRODUCT_VIEW,26,2026-07-25 15:55:05,1741.62
7761,sess_001305,ADD_TO_CART,26,2026-07-25 15:55:59,1741.62
7762,sess_001305,PRODUCT_VIEW,36,2026-07-25 15:56:30,23638.97
7763,sess_001305,ADD_TO_CART,36,2026-07-25 15:57:13,23638.97
7764,sess_001305,CHECKOUT_START,49,2026-07-25 15:58:20,61991.130000000005
7765,sess_001306,PRODUCT_VIEW,50,2026-07-24 08:24:06,19975.03
7766,sess_001306,ADD_TO_CART,50,2026-07-24 08:24:49,19975.03
7767,sess_001306,CHECKOUT_START,50,2026-07-24 08:25:48,19975.03
7768,sess_001307,PRODUCT_VIEW,3,2026-07-29 16:34:06,15751.54
7769,sess_001307,ADD_TO_CART,3,2026-07-29 16:34:31,15751.54
7770,sess_001307,PRODUCT_VIEW,15,2026-07-29 16:35:47,6095.52
7771,sess_001307,ADD_TO_CART,15,2026-07-29 16:36:14,6095.52
7772,sess_001307,PRODUCT_VIEW,46,2026-07-29 16:37:28,3997.88
7773,sess_001307,ADD_TO_CART,46,2026-07-29 16:38:15,3997.88
7774,sess_001307,CHECKOUT_START,3,2026-07-29 16:39:40,25844.940000000002
7775,sess_001307,PAYMENT_FAILURE,3,2026-07-29 16:40:25,25844.940000000002
7776,sess_001307,PAYMENT_FAILURE,3,2026-07-29 16:41:08,25844.940000000002
7777,sess_001308,PRODUCT_VIEW,12,2026-08-01 23:52:06,11993.35
7778,sess_001308,ADD_TO_CART,12,2026-08-01 23:52:27,11993.35
7779,sess_001308,PRODUCT_VIEW,48,2026-08-01 23:53:40,34207.92
7780,sess_001308,ADD_TO_CART,48,2026-08-01 23:54:16,34207.92
7781,sess_001308,CHECKOUT_START,12,2026-08-01 23:55:36,46201.27
7782,sess_001309,PRODUCT_VIEW,14,2026-08-07 07:09:06,21714.55
7783,sess_001309,ADD_TO_CART,14,2026-08-07 07:09:37,21714.55
7784,sess_001309,PRODUCT_VIEW,33,2026-08-07 07:11:13,10984.48
7785,sess_001309,ADD_TO_CART,33,2026-08-07 07:11:25,10984.48
7786,sess_001309,PRODUCT_VIEW,49,2026-08-07 07:12:34,30515.02
7787,sess_001309,ADD_TO_CART,49,2026-08-07 07:13:14,30515.02
7788,sess_001309,CHECKOUT_START,14,2026-08-07 07:14:00,63214.05
7789,sess_001310,PRODUCT_VIEW,26,2026-07-22 00:57:06,1741.62
7790,sess_001310,ADD_TO_CART,26,2026-07-22 00:57:56,1741.62
7791,sess_001310,PRODUCT_VIEW,2,2026-07-22 00:58:57,8878.17
7792,sess_001310,ADD_TO_CART,2,2026-07-22 00:59:08,8878.17
7793,sess_001310,PRODUCT_VIEW,48,2026-07-22 01:00:06,34207.92
7794,sess_001310,ADD_TO_CART,48,2026-07-22 01:00:52,34207.92
7795,sess_001310,PRODUCT_VIEW,21,2026-07-22 01:01:29,9659.58
7796,sess_001310,ADD_TO_CART,21,2026-07-22 01:01:47,9659.58
7797,sess_001311,PRODUCT_VIEW,2,2026-07-16 21:58:06,8878.17
7798,sess_001311,ADD_TO_CART,2,2026-07-16 21:58:27,8878.17
7799,sess_001311,PRODUCT_VIEW,27,2026-07-16 21:58:54,34536.05
7800,sess_001311,ADD_TO_CART,27,2026-07-16 21:59:52,34536.05
7801,sess_001311,PRODUCT_VIEW,26,2026-07-16 22:00:20,1741.62
7802,sess_001311,ADD_TO_CART,26,2026-07-16 22:00:55,1741.62
7803,sess_001311,PRODUCT_VIEW,14,2026-07-16 22:01:35,21714.55
7804,sess_001311,ADD_TO_CART,14,2026-07-16 22:02:21,21714.55
7805,sess_001312,PRODUCT_VIEW,8,2026-07-20 06:19:06,27139.29
7806,sess_001312,ADD_TO_CART,8,2026-07-20 06:20:00,27139.29
7807,sess_001312,PRODUCT_VIEW,36,2026-07-20 06:21:01,23638.97
7808,sess_001312,ADD_TO_CART,36,2026-07-20 06:22:00,23638.97
7809,sess_001312,PRODUCT_VIEW,10,2026-07-20 06:22:46,8490.19
7810,sess_001312,ADD_TO_CART,10,2026-07-20 06:23:45,8490.19
7811,sess_001312,PRODUCT_VIEW,27,2026-07-20 06:24:34,34536.05
7812,sess_001312,ADD_TO_CART,27,2026-07-20 06:25:13,34536.05
7813,sess_001313,PRODUCT_VIEW,26,2026-07-12 14:07:06,1741.62
7814,sess_001313,ADD_TO_CART,26,2026-07-12 14:07:34,1741.62
7815,sess_001313,PRODUCT_VIEW,38,2026-07-12 14:08:14,24333.81
7816,sess_001313,ADD_TO_CART,38,2026-07-12 14:08:25,24333.81
7817,sess_001314,PRODUCT_VIEW,19,2026-07-14 16:31:06,20611.38
7818,sess_001314,ADD_TO_CART,19,2026-07-14 16:31:38,20611.38
7819,sess_001314,CHECKOUT_START,19,2026-07-14 16:33:10,20611.38
7820,sess_001315,PRODUCT_VIEW,13,2026-08-02 22:27:06,15251.23
7821,sess_001315,ADD_TO_CART,13,2026-08-02 22:27:54,15251.23
7822,sess_001315,PRODUCT_VIEW,1,2026-08-02 22:29:21,29947.02
7823,sess_001315,ADD_TO_CART,1,2026-08-02 22:29:41,29947.02
7824,sess_001315,PRODUCT_VIEW,24,2026-08-02 22:30:35,15990.76
7825,sess_001315,ADD_TO_CART,24,2026-08-02 22:30:59,15990.76
7826,sess_001315,PRODUCT_VIEW,17,2026-08-02 22:32:30,23333.68
7827,sess_001315,ADD_TO_CART,17,2026-08-02 22:33:12,23333.68
7828,sess_001316,PRODUCT_VIEW,31,2026-07-11 00:57:06,17262.47
7829,sess_001316,ADD_TO_CART,31,2026-07-11 00:57:56,17262.47
7830,sess_001316,PRODUCT_VIEW,33,2026-07-11 00:59:04,10984.48
7831,sess_001316,ADD_TO_CART,33,2026-07-11 00:59:55,10984.48
7832,sess_001316,PRODUCT_VIEW,1,2026-07-11 01:00:49,29947.02
7833,sess_001316,ADD_TO_CART,1,2026-07-11 01:01:41,29947.02
7834,sess_001316,PRODUCT_VIEW,25,2026-07-11 01:02:29,11269.93
7835,sess_001316,ADD_TO_CART,25,2026-07-11 01:03:22,11269.93
7836,sess_001316,CHECKOUT_START,31,2026-07-11 01:03:56,69463.9
7837,sess_001317,PRODUCT_VIEW,42,2026-07-11 16:00:06,1353.46
7838,sess_001317,ADD_TO_CART,42,2026-07-11 16:00:21,1353.46
7839,sess_001317,PRODUCT_VIEW,33,2026-07-11 16:01:23,10984.48
7840,sess_001317,ADD_TO_CART,33,2026-07-11 16:01:33,10984.48
7841,sess_001318,PRODUCT_VIEW,3,2026-07-09 04:11:06,15751.54
7842,sess_001318,ADD_TO_CART,3,2026-07-09 04:11:29,15751.54
7843,sess_001318,PRODUCT_VIEW,29,2026-07-09 04:11:52,22477.1
7844,sess_001318,ADD_TO_CART,29,2026-07-09 04:12:34,22477.1
7845,sess_001318,PRODUCT_VIEW,4,2026-07-09 04:14:14,12764.76
7846,sess_001318,ADD_TO_CART,4,2026-07-09 04:14:58,12764.76
7847,sess_001319,PRODUCT_VIEW,36,2026-08-03 06:35:06,23638.97
7848,sess_001319,ADD_TO_CART,36,2026-08-03 06:35:34,23638.97
7849,sess_001319,PRODUCT_VIEW,12,2026-08-03 06:36:32,11993.35
7850,sess_001319,ADD_TO_CART,12,2026-08-03 06:37:15,11993.35
7851,sess_001319,PRODUCT_VIEW,42,2026-08-03 06:38:16,1353.46
7852,sess_001319,ADD_TO_CART,42,2026-08-03 06:39:14,1353.46
7853,sess_001319,PRODUCT_VIEW,50,2026-08-03 06:39:37,19975.03
7854,sess_001319,ADD_TO_CART,50,2026-08-03 06:40:29,19975.03
7855,sess_001320,PRODUCT_VIEW,5,2026-07-18 08:41:06,5973.44
7856,sess_001320,ADD_TO_CART,5,2026-07-18 08:41:42,5973.44
7857,sess_001321,PRODUCT_VIEW,9,2026-08-04 18:46:06,33952.76
7858,sess_001321,ADD_TO_CART,9,2026-08-04 18:46:49,33952.76
7859,sess_001321,PRODUCT_VIEW,1,2026-08-04 18:47:26,29947.02
7860,sess_001321,ADD_TO_CART,1,2026-08-04 18:47:37,29947.02
7861,sess_001321,PRODUCT_VIEW,36,2026-08-04 18:48:27,23638.97
7862,sess_001321,ADD_TO_CART,36,2026-08-04 18:49:16,23638.97
7863,sess_001321,PRODUCT_VIEW,3,2026-08-04 18:49:51,15751.54
7864,sess_001321,ADD_TO_CART,3,2026-08-04 18:50:30,15751.54
7865,sess_001321,CHECKOUT_START,9,2026-08-04 18:50:57,103290.29000000001
7866,sess_001322,PRODUCT_VIEW,22,2026-07-30 17:10:06,18731.11
7867,sess_001322,ADD_TO_CART,22,2026-07-30 17:10:47,18731.11
7868,sess_001322,PRODUCT_VIEW,34,2026-07-30 17:11:07,7303.52
7869,sess_001322,ADD_TO_CART,34,2026-07-30 17:11:22,7303.52
7870,sess_001322,PRODUCT_VIEW,44,2026-07-30 17:12:04,7783.14
7871,sess_001322,ADD_TO_CART,44,2026-07-30 17:12:14,7783.14
7872,sess_001322,CHECKOUT_START,22,2026-07-30 17:13:11,33817.770000000004
7873,sess_001323,PRODUCT_VIEW,15,2026-07-10 11:52:06,6095.52
7874,sess_001323,ADD_TO_CART,15,2026-07-10 11:52:39,6095.52
7875,sess_001323,PRODUCT_VIEW,30,2026-07-10 11:53:30,16078.93
7876,sess_001323,ADD_TO_CART,30,2026-07-10 11:53:40,16078.93
7877,sess_001323,CHECKOUT_START,15,2026-07-10 11:54:23,22174.45
7878,sess_001323,PAYMENT_FAILURE,15,2026-07-10 11:55:28,22174.45
7879,sess_001323,PAYMENT_FAILURE,15,2026-07-10 11:56:56,22174.45
7880,sess_001324,PRODUCT_VIEW,9,2026-07-19 11:46:06,33952.76
7881,sess_001324,ADD_TO_CART,9,2026-07-19 11:47:04,33952.76
7882,sess_001324,CHECKOUT_START,9,2026-07-19 11:48:01,33952.76
7883,sess_001325,PRODUCT_VIEW,45,2026-07-27 12:31:06,13966.49
7884,sess_001325,ADD_TO_CART,45,2026-07-27 12:31:50,13966.49
7885,sess_001325,CHECKOUT_START,45,2026-07-27 12:33:06,13966.49
7886,sess_001326,PRODUCT_VIEW,8,2026-07-31 10:58:06,27139.29
7887,sess_001326,ADD_TO_CART,8,2026-07-31 10:59:01,27139.29
7888,sess_001326,PRODUCT_VIEW,23,2026-07-31 11:00:33,1664.26
7889,sess_001326,ADD_TO_CART,23,2026-07-31 11:01:11,1664.26
7890,sess_001326,CHECKOUT_START,8,2026-07-31 11:02:34,28803.55
7891,sess_001327,PRODUCT_VIEW,3,2026-08-03 17:53:06,15751.54
7892,sess_001327,ADD_TO_CART,3,2026-08-03 17:53:54,15751.54
7893,sess_001327,PRODUCT_VIEW,25,2026-08-03 17:55:33,11269.93
7894,sess_001327,ADD_TO_CART,25,2026-08-03 17:56:16,11269.93
7895,sess_001327,PRODUCT_VIEW,26,2026-08-03 17:57:28,1741.62
7896,sess_001327,ADD_TO_CART,26,2026-08-03 17:57:56,1741.62
7897,sess_001327,PRODUCT_VIEW,30,2026-08-03 17:59:30,16078.93
7898,sess_001327,ADD_TO_CART,30,2026-08-03 17:59:44,16078.93
7899,sess_001328,PRODUCT_VIEW,12,2026-07-09 01:52:06,11993.35
7900,sess_001328,ADD_TO_CART,12,2026-07-09 01:52:40,11993.35
7901,sess_001328,PRODUCT_VIEW,39,2026-07-09 01:53:23,33078.06
7902,sess_001328,ADD_TO_CART,39,2026-07-09 01:53:43,33078.06
7903,sess_001328,PRODUCT_VIEW,34,2026-07-09 01:54:55,7303.52
7904,sess_001328,ADD_TO_CART,34,2026-07-09 01:55:41,7303.52
7905,sess_001328,CHECKOUT_START,12,2026-07-09 01:57:20,52374.92999999999
7906,sess_001329,PRODUCT_VIEW,12,2026-07-08 09:08:06,11993.35
7907,sess_001329,ADD_TO_CART,12,2026-07-08 09:08:55,11993.35
7908,sess_001329,PRODUCT_VIEW,13,2026-07-08 09:10:30,15251.23
7909,sess_001329,ADD_TO_CART,13,2026-07-08 09:11:18,15251.23
7910,sess_001329,PRODUCT_VIEW,23,2026-07-08 09:11:57,1664.26
7911,sess_001329,ADD_TO_CART,23,2026-07-08 09:12:44,1664.26
7912,sess_001329,PRODUCT_VIEW,25,2026-07-08 09:14:21,11269.93
7913,sess_001329,ADD_TO_CART,25,2026-07-08 09:15:21,11269.93
7914,sess_001330,PRODUCT_VIEW,29,2026-07-26 05:39:06,22477.1
7915,sess_001330,ADD_TO_CART,29,2026-07-26 05:40:05,22477.1
7916,sess_001330,PRODUCT_VIEW,40,2026-07-26 05:41:20,17551.46
7917,sess_001330,ADD_TO_CART,40,2026-07-26 05:41:30,17551.46
7918,sess_001330,PRODUCT_VIEW,12,2026-07-26 05:42:28,11993.35
7919,sess_001330,ADD_TO_CART,12,2026-07-26 05:42:45,11993.35
7920,sess_001330,PRODUCT_VIEW,24,2026-07-26 05:43:36,15990.76
7921,sess_001330,ADD_TO_CART,24,2026-07-26 05:44:02,15990.76
7922,sess_001331,PRODUCT_VIEW,49,2026-07-28 17:48:06,30515.02
7923,sess_001331,ADD_TO_CART,49,2026-07-28 17:48:21,30515.02
7924,sess_001331,PRODUCT_VIEW,39,2026-07-28 17:49:00,33078.06
7925,sess_001331,ADD_TO_CART,39,2026-07-28 17:49:18,33078.06
7926,sess_001332,PRODUCT_VIEW,26,2026-07-29 22:56:06,1741.62
7927,sess_001332,ADD_TO_CART,26,2026-07-29 22:57:03,1741.62
7928,sess_001332,PRODUCT_VIEW,10,2026-07-29 22:57:31,8490.19
7929,sess_001332,ADD_TO_CART,10,2026-07-29 22:58:31,8490.19
7930,sess_001332,PRODUCT_VIEW,40,2026-07-29 22:59:30,17551.46
7931,sess_001332,ADD_TO_CART,40,2026-07-29 23:00:27,17551.46
7932,sess_001332,PRODUCT_VIEW,47,2026-07-29 23:01:16,34979.66
7933,sess_001332,ADD_TO_CART,47,2026-07-29 23:01:28,34979.66
7934,sess_001333,PRODUCT_VIEW,10,2026-08-07 17:39:06,8490.19
7935,sess_001333,ADD_TO_CART,10,2026-08-07 17:39:46,8490.19
7936,sess_001333,PRODUCT_VIEW,41,2026-08-07 17:40:22,30450.87
7937,sess_001333,ADD_TO_CART,41,2026-08-07 17:40:34,30450.87
7938,sess_001333,PRODUCT_VIEW,35,2026-08-07 17:42:09,33955.92
7939,sess_001333,ADD_TO_CART,35,2026-08-07 17:42:58,33955.92
7940,sess_001333,CHECKOUT_START,10,2026-08-07 17:44:27,72896.98
7941,sess_001334,PRODUCT_VIEW,1,2026-08-02 01:51:06,29947.02
7942,sess_001334,ADD_TO_CART,1,2026-08-02 01:52:01,29947.02
7943,sess_001334,PRODUCT_VIEW,22,2026-08-02 01:52:40,18731.11
7944,sess_001334,ADD_TO_CART,22,2026-08-02 01:52:53,18731.11
7945,sess_001334,PRODUCT_VIEW,40,2026-08-02 01:54:19,17551.46
7946,sess_001334,ADD_TO_CART,40,2026-08-02 01:54:40,17551.46
7947,sess_001335,PRODUCT_VIEW,36,2026-07-25 03:51:06,23638.97
7948,sess_001335,ADD_TO_CART,36,2026-07-25 03:51:24,23638.97
7949,sess_001335,PRODUCT_VIEW,40,2026-07-25 03:52:56,17551.46
7950,sess_001335,ADD_TO_CART,40,2026-07-25 03:53:55,17551.46
7951,sess_001335,PRODUCT_VIEW,26,2026-07-25 03:55:24,1741.62
7952,sess_001335,ADD_TO_CART,26,2026-07-25 03:55:36,1741.62
7953,sess_001336,PRODUCT_VIEW,40,2026-07-23 02:08:06,17551.46
7954,sess_001336,ADD_TO_CART,40,2026-07-23 02:08:43,17551.46
7955,sess_001336,PRODUCT_VIEW,27,2026-07-23 02:10:16,34536.05
7956,sess_001336,ADD_TO_CART,27,2026-07-23 02:10:47,34536.05
7957,sess_001336,PRODUCT_VIEW,7,2026-07-23 02:12:08,23088.42
7958,sess_001336,ADD_TO_CART,7,2026-07-23 02:12:27,23088.42
7959,sess_001336,PRODUCT_VIEW,34,2026-07-23 02:13:24,7303.52
7960,sess_001336,ADD_TO_CART,34,2026-07-23 02:13:34,7303.52
7961,sess_001336,CHECKOUT_START,40,2026-07-23 02:14:33,82479.45
7962,sess_001337,PRODUCT_VIEW,26,2026-08-02 13:46:06,1741.62
7963,sess_001337,ADD_TO_CART,26,2026-08-02 13:46:19,1741.62
7964,sess_001337,PRODUCT_VIEW,7,2026-08-02 13:47:42,23088.42
7965,sess_001337,ADD_TO_CART,7,2026-08-02 13:48:23,23088.42
7966,sess_001337,PRODUCT_VIEW,1,2026-08-02 13:49:46,29947.02
7967,sess_001337,ADD_TO_CART,1,2026-08-02 13:50:08,29947.02
7968,sess_001337,CHECKOUT_START,26,2026-08-02 13:50:49,54777.06
7969,sess_001337,PAYMENT_FAILURE,26,2026-08-02 13:51:23,54777.06
7970,sess_001338,PRODUCT_VIEW,3,2026-07-14 04:59:06,15751.54
7971,sess_001338,ADD_TO_CART,3,2026-07-14 05:00:00,15751.54
7972,sess_001338,PRODUCT_VIEW,10,2026-07-14 05:01:02,8490.19
7973,sess_001338,ADD_TO_CART,10,2026-07-14 05:01:51,8490.19
7974,sess_001339,PRODUCT_VIEW,20,2026-07-23 18:01:06,7441.9
7975,sess_001339,ADD_TO_CART,20,2026-07-23 18:01:27,7441.9
7976,sess_001339,PRODUCT_VIEW,47,2026-07-23 18:02:24,34979.66
7977,sess_001339,ADD_TO_CART,47,2026-07-23 18:02:53,34979.66
7978,sess_001339,CHECKOUT_START,20,2026-07-23 18:03:48,42421.560000000005
7979,sess_001340,PRODUCT_VIEW,48,2026-07-30 07:47:06,34207.92
7980,sess_001340,ADD_TO_CART,48,2026-07-30 07:48:05,34207.92
7981,sess_001340,PRODUCT_VIEW,35,2026-07-30 07:48:53,33955.92
7982,sess_001340,ADD_TO_CART,35,2026-07-30 07:49:23,33955.92
7983,sess_001340,PRODUCT_VIEW,27,2026-07-30 07:49:51,34536.05
7984,sess_001340,ADD_TO_CART,27,2026-07-30 07:50:01,34536.05
7985,sess_001340,PRODUCT_VIEW,9,2026-07-30 07:51:21,33952.76
7986,sess_001340,ADD_TO_CART,9,2026-07-30 07:51:57,33952.76
7987,sess_001340,CHECKOUT_START,48,2026-07-30 07:52:58,136652.65
7988,sess_001341,PRODUCT_VIEW,31,2026-08-06 01:08:06,17262.47
7989,sess_001341,ADD_TO_CART,31,2026-08-06 01:09:00,17262.47
7990,sess_001341,CHECKOUT_START,31,2026-08-06 01:09:50,17262.47
7991,sess_001342,PRODUCT_VIEW,39,2026-07-30 12:37:06,33078.06
7992,sess_001342,ADD_TO_CART,39,2026-07-30 12:37:20,33078.06
7993,sess_001342,CHECKOUT_START,39,2026-07-30 12:38:51,33078.06
7994,sess_001343,PRODUCT_VIEW,29,2026-07-15 21:56:06,22477.1
7995,sess_001343,ADD_TO_CART,29,2026-07-15 21:57:01,22477.1
7996,sess_001343,PRODUCT_VIEW,17,2026-07-15 21:58:40,23333.68
7997,sess_001343,ADD_TO_CART,17,2026-07-15 21:59:15,23333.68
7998,sess_001343,PRODUCT_VIEW,18,2026-07-15 22:00:21,29592.56
7999,sess_001343,ADD_TO_CART,18,2026-07-15 22:00:46,29592.56
8000,sess_001343,CHECKOUT_START,29,2026-07-15 22:02:23,75403.34
8001,sess_001344,PRODUCT_VIEW,38,2026-07-24 00:32:06,24333.81
8002,sess_001344,ADD_TO_CART,38,2026-07-24 00:32:31,24333.81
8003,sess_001345,PRODUCT_VIEW,6,2026-07-21 15:12:06,33938.58
8004,sess_001345,ADD_TO_CART,6,2026-07-21 15:12:17,33938.58
8005,sess_001345,PRODUCT_VIEW,35,2026-07-21 15:13:03,33955.92
8006,sess_001345,ADD_TO_CART,35,2026-07-21 15:13:50,33955.92
8007,sess_001345,CHECKOUT_START,6,2026-07-21 15:14:58,67894.5
8008,sess_001345,PAYMENT_FAILURE,6,2026-07-21 15:15:53,67894.5
8009,sess_001346,PRODUCT_VIEW,35,2026-07-12 06:03:06,33955.92
8010,sess_001346,ADD_TO_CART,35,2026-07-12 06:03:36,33955.92
8011,sess_001346,PRODUCT_VIEW,1,2026-07-12 06:04:16,29947.02
8012,sess_001346,ADD_TO_CART,1,2026-07-12 06:05:04,29947.02
8013,sess_001346,PRODUCT_VIEW,10,2026-07-12 06:06:07,8490.19
8014,sess_001346,ADD_TO_CART,10,2026-07-12 06:06:22,8490.19
8015,sess_001346,PRODUCT_VIEW,26,2026-07-12 06:07:30,1741.62
8016,sess_001346,ADD_TO_CART,26,2026-07-12 06:07:58,1741.62
8017,sess_001346,CHECKOUT_START,35,2026-07-12 06:09:13,74134.75
8018,sess_001347,PRODUCT_VIEW,13,2026-07-31 12:56:06,15251.23
8019,sess_001347,ADD_TO_CART,13,2026-07-31 12:56:54,15251.23
8020,sess_001347,CHECKOUT_START,13,2026-07-31 12:58:13,15251.23
8021,sess_001348,PRODUCT_VIEW,39,2026-07-14 09:53:06,33078.06
8022,sess_001348,ADD_TO_CART,39,2026-07-14 09:53:26,33078.06
8023,sess_001348,CHECKOUT_START,39,2026-07-14 09:53:51,33078.06
8024,sess_001348,PAYMENT_FAILURE,39,2026-07-14 09:55:04,33078.06
8025,sess_001349,PRODUCT_VIEW,25,2026-07-31 21:56:06,11269.93
8026,sess_001349,ADD_TO_CART,25,2026-07-31 21:56:22,11269.93
8027,sess_001349,PRODUCT_VIEW,7,2026-07-31 21:57:24,23088.42
8028,sess_001349,ADD_TO_CART,7,2026-07-31 21:58:08,23088.42
8029,sess_001350,PRODUCT_VIEW,3,2026-07-26 16:24:06,15751.54
8030,sess_001350,ADD_TO_CART,3,2026-07-26 16:24:59,15751.54
8031,sess_001350,PRODUCT_VIEW,19,2026-07-26 16:25:39,20611.38
8032,sess_001350,ADD_TO_CART,19,2026-07-26 16:25:58,20611.38
8033,sess_001350,PRODUCT_VIEW,30,2026-07-26 16:26:20,16078.93
8034,sess_001350,ADD_TO_CART,30,2026-07-26 16:26:50,16078.93
8035,sess_001350,PRODUCT_VIEW,44,2026-07-26 16:27:38,7783.14
8036,sess_001350,ADD_TO_CART,44,2026-07-26 16:28:26,7783.14
8037,sess_001350,CHECKOUT_START,3,2026-07-26 16:29:46,60224.99
8038,sess_001351,PRODUCT_VIEW,35,2026-07-16 15:07:06,33955.92
8039,sess_001351,ADD_TO_CART,35,2026-07-16 15:07:59,33955.92
8040,sess_001351,CHECKOUT_START,35,2026-07-16 15:08:36,33955.92
8041,sess_001352,PRODUCT_VIEW,37,2026-08-05 14:45:06,30424.4
8042,sess_001352,ADD_TO_CART,37,2026-08-05 14:45:42,30424.4
8043,sess_001352,PRODUCT_VIEW,18,2026-08-05 14:47:04,29592.56
8044,sess_001352,ADD_TO_CART,18,2026-08-05 14:47:38,29592.56
8045,sess_001352,CHECKOUT_START,37,2026-08-05 14:48:50,60016.96000000001
8046,sess_001353,PRODUCT_VIEW,1,2026-07-14 04:57:06,29947.02
8047,sess_001353,ADD_TO_CART,1,2026-07-14 04:58:03,29947.02
8048,sess_001353,PRODUCT_VIEW,9,2026-07-14 04:59:12,33952.76
8049,sess_001353,ADD_TO_CART,9,2026-07-14 04:59:26,33952.76
8050,sess_001353,CHECKOUT_START,1,2026-07-14 05:00:54,63899.78
8051,sess_001354,PRODUCT_VIEW,34,2026-07-21 09:19:06,7303.52
8052,sess_001354,ADD_TO_CART,34,2026-07-21 09:19:19,7303.52
8053,sess_001354,PRODUCT_VIEW,26,2026-07-21 09:20:29,1741.62
8054,sess_001354,ADD_TO_CART,26,2026-07-21 09:20:54,1741.62
8055,sess_001354,PRODUCT_VIEW,4,2026-07-21 09:21:19,12764.76
8056,sess_001354,ADD_TO_CART,4,2026-07-21 09:21:54,12764.76
8057,sess_001354,PRODUCT_VIEW,22,2026-07-21 09:23:04,18731.11
8058,sess_001354,ADD_TO_CART,22,2026-07-21 09:23:29,18731.11
8059,sess_001355,PRODUCT_VIEW,18,2026-07-22 02:45:06,29592.56
8060,sess_001355,ADD_TO_CART,18,2026-07-22 02:45:53,29592.56
8061,sess_001355,PRODUCT_VIEW,1,2026-07-22 02:46:28,29947.02
8062,sess_001355,ADD_TO_CART,1,2026-07-22 02:46:38,29947.02
8063,sess_001355,PRODUCT_VIEW,40,2026-07-22 02:47:25,17551.46
8064,sess_001355,ADD_TO_CART,40,2026-07-22 02:48:12,17551.46
8065,sess_001355,PRODUCT_VIEW,35,2026-07-22 02:48:37,33955.92
8066,sess_001355,ADD_TO_CART,35,2026-07-22 02:49:24,33955.92
8067,sess_001356,PRODUCT_VIEW,45,2026-07-27 20:00:06,13966.49
8068,sess_001356,ADD_TO_CART,45,2026-07-27 20:01:05,13966.49
8069,sess_001356,PRODUCT_VIEW,13,2026-07-27 20:02:23,15251.23
8070,sess_001356,ADD_TO_CART,13,2026-07-27 20:03:21,15251.23
8071,sess_001356,CHECKOUT_START,45,2026-07-27 20:04:28,29217.72
8072,sess_001357,PRODUCT_VIEW,9,2026-07-18 18:15:06,33952.76
8073,sess_001357,ADD_TO_CART,9,2026-07-18 18:15:45,33952.76
8074,sess_001357,CHECKOUT_START,9,2026-07-18 18:16:49,33952.76
8075,sess_001357,PAYMENT_FAILURE,9,2026-07-18 18:18:17,33952.76
8076,sess_001358,PRODUCT_VIEW,48,2026-07-13 15:18:06,34207.92
8077,sess_001358,ADD_TO_CART,48,2026-07-13 15:18:34,34207.92
8078,sess_001358,PRODUCT_VIEW,36,2026-07-13 15:19:30,23638.97
8079,sess_001358,ADD_TO_CART,36,2026-07-13 15:20:01,23638.97
8080,sess_001358,PRODUCT_VIEW,39,2026-07-13 15:20:49,33078.06
8081,sess_001358,ADD_TO_CART,39,2026-07-13 15:21:31,33078.06
8082,sess_001358,CHECKOUT_START,48,2026-07-13 15:22:02,90924.95
8083,sess_001359,PRODUCT_VIEW,19,2026-07-21 04:18:06,20611.38
8084,sess_001359,ADD_TO_CART,19,2026-07-21 04:18:41,20611.38
8085,sess_001359,PRODUCT_VIEW,49,2026-07-21 04:19:52,30515.02
8086,sess_001359,ADD_TO_CART,49,2026-07-21 04:20:12,30515.02
8087,sess_001359,PRODUCT_VIEW,22,2026-07-21 04:20:53,18731.11
8088,sess_001359,ADD_TO_CART,22,2026-07-21 04:21:41,18731.11
8089,sess_001359,CHECKOUT_START,19,2026-07-21 04:22:48,69857.51000000001
8090,sess_001359,PAYMENT_FAILURE,19,2026-07-21 04:23:27,69857.51000000001
8091,sess_001359,PAYMENT_FAILURE,19,2026-07-21 04:24:04,69857.51000000001
8092,sess_001360,PRODUCT_VIEW,7,2026-07-25 11:39:06,23088.42
8093,sess_001360,ADD_TO_CART,7,2026-07-25 11:39:50,23088.42
8094,sess_001360,PRODUCT_VIEW,27,2026-07-25 11:41:04,34536.05
8095,sess_001360,ADD_TO_CART,27,2026-07-25 11:41:15,34536.05
8096,sess_001360,PRODUCT_VIEW,9,2026-07-25 11:42:32,33952.76
8097,sess_001360,ADD_TO_CART,9,2026-07-25 11:42:42,33952.76
8098,sess_001360,PRODUCT_VIEW,20,2026-07-25 11:43:39,7441.9
8099,sess_001360,ADD_TO_CART,20,2026-07-25 11:44:17,7441.9
8100,sess_001360,CHECKOUT_START,7,2026-07-25 11:44:56,99019.13
8101,sess_001361,PRODUCT_VIEW,5,2026-07-27 22:29:06,5973.44
8102,sess_001361,ADD_TO_CART,5,2026-07-27 22:29:39,5973.44
8103,sess_001361,CHECKOUT_START,5,2026-07-27 22:30:24,5973.44
8104,sess_001362,PRODUCT_VIEW,21,2026-07-15 02:57:06,9659.58
8105,sess_001362,ADD_TO_CART,21,2026-07-15 02:57:43,9659.58
8106,sess_001362,CHECKOUT_START,21,2026-07-15 02:58:09,9659.58
8107,sess_001363,PRODUCT_VIEW,38,2026-08-03 18:30:06,24333.81
8108,sess_001363,ADD_TO_CART,38,2026-08-03 18:30:35,24333.81
8109,sess_001363,PRODUCT_VIEW,21,2026-08-03 18:31:51,9659.58
8110,sess_001363,ADD_TO_CART,21,2026-08-03 18:32:37,9659.58
8111,sess_001363,CHECKOUT_START,38,2026-08-03 18:33:30,33993.39
8112,sess_001363,PAYMENT_FAILURE,38,2026-08-03 18:34:03,33993.39
8113,sess_001363,PAYMENT_FAILURE,38,2026-08-03 18:35:18,33993.39
8114,sess_001364,PRODUCT_VIEW,21,2026-07-13 13:42:06,9659.58
8115,sess_001364,ADD_TO_CART,21,2026-07-13 13:43:02,9659.58
8116,sess_001365,PRODUCT_VIEW,38,2026-07-08 14:22:06,24333.81
8117,sess_001365,ADD_TO_CART,38,2026-07-08 14:22:40,24333.81
8118,sess_001365,PRODUCT_VIEW,14,2026-07-08 14:23:15,21714.55
8119,sess_001365,ADD_TO_CART,14,2026-07-08 14:24:00,21714.55
8120,sess_001365,PRODUCT_VIEW,28,2026-07-08 14:24:50,470.42
8121,sess_001365,ADD_TO_CART,28,2026-07-08 14:25:12,470.42
8122,sess_001365,PRODUCT_VIEW,22,2026-07-08 14:26:13,18731.11
8123,sess_001365,ADD_TO_CART,22,2026-07-08 14:27:08,18731.11
8124,sess_001366,PRODUCT_VIEW,31,2026-07-17 08:38:06,17262.47
8125,sess_001366,ADD_TO_CART,31,2026-07-17 08:38:32,17262.47
8126,sess_001366,PRODUCT_VIEW,47,2026-07-17 08:39:23,34979.66
8127,sess_001366,ADD_TO_CART,47,2026-07-17 08:39:33,34979.66
8128,sess_001366,PRODUCT_VIEW,6,2026-07-17 08:40:05,33938.58
8129,sess_001366,ADD_TO_CART,6,2026-07-17 08:40:51,33938.58
8130,sess_001366,PRODUCT_VIEW,35,2026-07-17 08:41:34,33955.92
8131,sess_001366,ADD_TO_CART,35,2026-07-17 08:41:54,33955.92
8132,sess_001366,CHECKOUT_START,31,2026-07-17 08:42:17,120136.63
8133,sess_001367,PRODUCT_VIEW,14,2026-08-01 19:43:06,21714.55
8134,sess_001367,ADD_TO_CART,14,2026-08-01 19:43:41,21714.55
8135,sess_001367,PRODUCT_VIEW,44,2026-08-01 19:44:38,7783.14
8136,sess_001367,ADD_TO_CART,44,2026-08-01 19:45:04,7783.14
8137,sess_001367,PRODUCT_VIEW,9,2026-08-01 19:45:29,33952.76
8138,sess_001367,ADD_TO_CART,9,2026-08-01 19:45:50,33952.76
8139,sess_001367,PRODUCT_VIEW,37,2026-08-01 19:47:21,30424.4
8140,sess_001367,ADD_TO_CART,37,2026-08-01 19:47:39,30424.4
8141,sess_001368,PRODUCT_VIEW,31,2026-07-19 04:22:06,17262.47
8142,sess_001368,ADD_TO_CART,31,2026-07-19 04:22:26,17262.47
8143,sess_001368,PRODUCT_VIEW,16,2026-07-19 04:23:14,1571.54
8144,sess_001368,ADD_TO_CART,16,2026-07-19 04:24:10,1571.54
8145,sess_001368,PRODUCT_VIEW,40,2026-07-19 04:25:38,17551.46
8146,sess_001368,ADD_TO_CART,40,2026-07-19 04:26:09,17551.46
8147,sess_001368,PRODUCT_VIEW,46,2026-07-19 04:26:47,3997.88
8148,sess_001368,ADD_TO_CART,46,2026-07-19 04:26:59,3997.88
8149,sess_001368,CHECKOUT_START,31,2026-07-19 04:27:36,40383.35
8150,sess_001368,PAYMENT_FAILURE,31,2026-07-19 04:28:21,40383.35
8151,sess_001369,PRODUCT_VIEW,34,2026-07-17 00:37:06,7303.52
8152,sess_001369,ADD_TO_CART,34,2026-07-17 00:37:34,7303.52
8153,sess_001369,PRODUCT_VIEW,18,2026-07-17 00:38:11,29592.56
8154,sess_001369,ADD_TO_CART,18,2026-07-17 00:38:34,29592.56
8155,sess_001369,CHECKOUT_START,34,2026-07-17 00:39:32,36896.08
8156,sess_001369,PAYMENT_FAILURE,34,2026-07-17 00:40:33,36896.08
8157,sess_001369,PAYMENT_FAILURE,34,2026-07-17 00:41:45,36896.08
8158,sess_001370,PRODUCT_VIEW,22,2026-07-17 08:08:06,18731.11
8159,sess_001370,ADD_TO_CART,22,2026-07-17 08:08:33,18731.11
8160,sess_001371,PRODUCT_VIEW,13,2026-07-25 05:13:06,15251.23
8161,sess_001371,ADD_TO_CART,13,2026-07-25 05:13:51,15251.23
8162,sess_001372,PRODUCT_VIEW,12,2026-07-29 16:14:06,11993.35
8163,sess_001372,ADD_TO_CART,12,2026-07-29 16:15:04,11993.35
8164,sess_001372,PRODUCT_VIEW,50,2026-07-29 16:16:19,19975.03
8165,sess_001372,ADD_TO_CART,50,2026-07-29 16:17:09,19975.03
8166,sess_001373,PRODUCT_VIEW,26,2026-08-01 17:40:06,1741.62
8167,sess_001373,ADD_TO_CART,26,2026-08-01 17:40:41,1741.62
8168,sess_001373,CHECKOUT_START,26,2026-08-01 17:41:39,1741.62
8169,sess_001374,PRODUCT_VIEW,22,2026-08-01 05:34:06,18731.11
8170,sess_001374,ADD_TO_CART,22,2026-08-01 05:34:55,18731.11
8171,sess_001374,CHECKOUT_START,22,2026-08-01 05:35:55,18731.11
8172,sess_001374,PAYMENT_FAILURE,22,2026-08-01 05:36:35,18731.11
8173,sess_001375,PRODUCT_VIEW,47,2026-07-15 23:21:06,34979.66
8174,sess_001375,ADD_TO_CART,47,2026-07-15 23:21:47,34979.66
8175,sess_001375,PRODUCT_VIEW,4,2026-07-15 23:22:41,12764.76
8176,sess_001375,ADD_TO_CART,4,2026-07-15 23:22:52,12764.76
8177,sess_001375,PRODUCT_VIEW,9,2026-07-15 23:24:07,33952.76
8178,sess_001375,ADD_TO_CART,9,2026-07-15 23:24:47,33952.76
8179,sess_001376,PRODUCT_VIEW,3,2026-07-27 05:12:06,15751.54
8180,sess_001376,ADD_TO_CART,3,2026-07-27 05:12:31,15751.54
8181,sess_001376,CHECKOUT_START,3,2026-07-27 05:13:42,15751.54
8182,sess_001377,PRODUCT_VIEW,37,2026-07-08 15:40:06,30424.4
8183,sess_001377,ADD_TO_CART,37,2026-07-08 15:40:36,30424.4
8184,sess_001377,PRODUCT_VIEW,29,2026-07-08 15:42:12,22477.1
8185,sess_001377,ADD_TO_CART,29,2026-07-08 15:42:53,22477.1
8186,sess_001377,PRODUCT_VIEW,18,2026-07-08 15:44:28,29592.56
8187,sess_001377,ADD_TO_CART,18,2026-07-08 15:44:51,29592.56
8188,sess_001377,CHECKOUT_START,37,2026-07-08 15:45:24,82494.06
8189,sess_001378,PRODUCT_VIEW,38,2026-07-19 21:59:06,24333.81
8190,sess_001378,ADD_TO_CART,38,2026-07-19 22:00:03,24333.81
8191,sess_001378,CHECKOUT_START,38,2026-07-19 22:01:42,24333.81
8192,sess_001378,PAYMENT_FAILURE,38,2026-07-19 22:03:08,24333.81
8193,sess_001378,PAYMENT_FAILURE,38,2026-07-19 22:03:58,24333.81
8194,sess_001378,PAYMENT_FAILURE,38,2026-07-19 22:05:20,24333.81
8195,sess_001379,PRODUCT_VIEW,14,2026-07-12 10:24:06,21714.55
8196,sess_001379,ADD_TO_CART,14,2026-07-12 10:24:30,21714.55
8197,sess_001379,PRODUCT_VIEW,9,2026-07-12 10:26:05,33952.76
8198,sess_001379,ADD_TO_CART,9,2026-07-12 10:26:31,33952.76
8199,sess_001379,PRODUCT_VIEW,48,2026-07-12 10:27:39,34207.92
8200,sess_001379,ADD_TO_CART,48,2026-07-12 10:27:55,34207.92
8201,sess_001379,CHECKOUT_START,14,2026-07-12 10:28:31,89875.23
8202,sess_001380,PRODUCT_VIEW,1,2026-07-19 14:47:06,29947.02
8203,sess_001380,ADD_TO_CART,1,2026-07-19 14:48:00,29947.02
8204,sess_001380,CHECKOUT_START,1,2026-07-19 14:48:29,29947.02
8205,sess_001381,PRODUCT_VIEW,41,2026-07-09 18:02:06,30450.87
8206,sess_001381,ADD_TO_CART,41,2026-07-09 18:02:37,30450.87
8207,sess_001381,PRODUCT_VIEW,11,2026-07-09 18:03:47,6189.77
8208,sess_001381,ADD_TO_CART,11,2026-07-09 18:04:42,6189.77
8209,sess_001381,CHECKOUT_START,41,2026-07-09 18:06:01,36640.64
8210,sess_001382,PRODUCT_VIEW,4,2026-07-08 20:14:06,12764.76
8211,sess_001382,ADD_TO_CART,4,2026-07-08 20:14:34,12764.76
8212,sess_001382,PRODUCT_VIEW,22,2026-07-08 20:15:02,18731.11
8213,sess_001382,ADD_TO_CART,22,2026-07-08 20:15:36,18731.11
8214,sess_001382,PRODUCT_VIEW,43,2026-07-08 20:17:02,24226.27
8215,sess_001382,ADD_TO_CART,43,2026-07-08 20:17:15,24226.27
8216,sess_001382,PRODUCT_VIEW,35,2026-07-08 20:18:24,33955.92
8217,sess_001382,ADD_TO_CART,35,2026-07-08 20:19:18,33955.92
8218,sess_001383,PRODUCT_VIEW,33,2026-07-29 08:40:06,10984.48
8219,sess_001383,ADD_TO_CART,33,2026-07-29 08:40:44,10984.48
8220,sess_001383,PRODUCT_VIEW,28,2026-07-29 08:42:23,470.42
8221,sess_001383,ADD_TO_CART,28,2026-07-29 08:42:50,470.42
8222,sess_001383,PRODUCT_VIEW,44,2026-07-29 08:44:22,7783.14
8223,sess_001383,ADD_TO_CART,44,2026-07-29 08:45:21,7783.14
8224,sess_001383,CHECKOUT_START,33,2026-07-29 08:46:30,19238.04
8225,sess_001384,PRODUCT_VIEW,37,2026-08-01 11:09:06,30424.4
8226,sess_001384,ADD_TO_CART,37,2026-08-01 11:09:25,30424.4
8227,sess_001384,CHECKOUT_START,37,2026-08-01 11:10:38,30424.4
8228,sess_001385,PRODUCT_VIEW,18,2026-07-25 13:37:06,29592.56
8229,sess_001385,ADD_TO_CART,18,2026-07-25 13:37:49,29592.56
8230,sess_001385,PRODUCT_VIEW,22,2026-07-25 13:39:00,18731.11
8231,sess_001385,ADD_TO_CART,22,2026-07-25 13:39:30,18731.11
8232,sess_001385,PRODUCT_VIEW,32,2026-07-25 13:40:31,5145.04
8233,sess_001385,ADD_TO_CART,32,2026-07-25 13:41:29,5145.04
8234,sess_001385,PRODUCT_VIEW,43,2026-07-25 13:42:34,24226.27
8235,sess_001385,ADD_TO_CART,43,2026-07-25 13:43:15,24226.27
8236,sess_001385,CHECKOUT_START,18,2026-07-25 13:44:20,77694.98
8237,sess_001386,PRODUCT_VIEW,34,2026-08-08 00:23:06,7303.52
8238,sess_001386,ADD_TO_CART,34,2026-08-08 00:23:34,7303.52
8239,sess_001386,PRODUCT_VIEW,27,2026-08-08 00:24:01,34536.05
8240,sess_001386,ADD_TO_CART,27,2026-08-08 00:24:33,34536.05
8241,sess_001386,PRODUCT_VIEW,9,2026-08-08 00:25:02,33952.76
8242,sess_001386,ADD_TO_CART,9,2026-08-08 00:25:38,33952.76
8243,sess_001386,CHECKOUT_START,34,2026-08-08 00:26:46,75792.33000000002
8244,sess_001387,PRODUCT_VIEW,19,2026-07-10 15:52:06,20611.38
8245,sess_001387,ADD_TO_CART,19,2026-07-10 15:52:28,20611.38
8246,sess_001387,PRODUCT_VIEW,1,2026-07-10 15:53:55,29947.02
8247,sess_001387,ADD_TO_CART,1,2026-07-10 15:54:31,29947.02
8248,sess_001387,PRODUCT_VIEW,10,2026-07-10 15:55:59,8490.19
8249,sess_001387,ADD_TO_CART,10,2026-07-10 15:56:36,8490.19
8250,sess_001387,PRODUCT_VIEW,13,2026-07-10 15:56:58,15251.23
8251,sess_001387,ADD_TO_CART,13,2026-07-10 15:57:40,15251.23
8252,sess_001387,CHECKOUT_START,19,2026-07-10 15:58:29,74299.82
8253,sess_001388,PRODUCT_VIEW,3,2026-08-05 09:11:06,15751.54
8254,sess_001388,ADD_TO_CART,3,2026-08-05 09:11:35,15751.54
8255,sess_001388,PRODUCT_VIEW,40,2026-08-05 09:12:29,17551.46
8256,sess_001388,ADD_TO_CART,40,2026-08-05 09:12:48,17551.46
8257,sess_001388,CHECKOUT_START,3,2026-08-05 09:13:35,33303.0
8258,sess_001389,PRODUCT_VIEW,35,2026-07-13 00:57:06,33955.92
8259,sess_001389,ADD_TO_CART,35,2026-07-13 00:57:55,33955.92
8260,sess_001390,PRODUCT_VIEW,39,2026-07-30 01:49:06,33078.06
8261,sess_001390,ADD_TO_CART,39,2026-07-30 01:49:46,33078.06
8262,sess_001390,CHECKOUT_START,39,2026-07-30 01:51:22,33078.06
8263,sess_001391,PRODUCT_VIEW,24,2026-08-03 05:40:06,15990.76
8264,sess_001391,ADD_TO_CART,24,2026-08-03 05:40:55,15990.76
8265,sess_001391,PRODUCT_VIEW,25,2026-08-03 05:41:49,11269.93
8266,sess_001391,ADD_TO_CART,25,2026-08-03 05:42:32,11269.93
8267,sess_001392,PRODUCT_VIEW,33,2026-07-14 11:44:06,10984.48
8268,sess_001392,ADD_TO_CART,33,2026-07-14 11:44:36,10984.48
8269,sess_001392,PRODUCT_VIEW,1,2026-07-14 11:45:59,29947.02
8270,sess_001392,ADD_TO_CART,1,2026-07-14 11:46:49,29947.02
8271,sess_001392,PRODUCT_VIEW,37,2026-07-14 11:47:37,30424.4
8272,sess_001392,ADD_TO_CART,37,2026-07-14 11:48:23,30424.4
8273,sess_001392,CHECKOUT_START,33,2026-07-14 11:49:15,71355.9
8274,sess_001393,PRODUCT_VIEW,42,2026-07-17 09:52:06,1353.46
8275,sess_001393,ADD_TO_CART,42,2026-07-17 09:52:30,1353.46
8276,sess_001393,PRODUCT_VIEW,3,2026-07-17 09:53:01,15751.54
8277,sess_001393,ADD_TO_CART,3,2026-07-17 09:53:33,15751.54
8278,sess_001393,CHECKOUT_START,42,2026-07-17 09:55:00,17105.0
8279,sess_001393,PAYMENT_FAILURE,42,2026-07-17 09:56:08,17105.0
8280,sess_001394,PRODUCT_VIEW,10,2026-07-13 00:02:06,8490.19
8281,sess_001394,ADD_TO_CART,10,2026-07-13 00:02:22,8490.19
8282,sess_001394,PRODUCT_VIEW,3,2026-07-13 00:03:54,15751.54
8283,sess_001394,ADD_TO_CART,3,2026-07-13 00:04:51,15751.54
8284,sess_001394,PRODUCT_VIEW,15,2026-07-13 00:06:07,6095.52
8285,sess_001394,ADD_TO_CART,15,2026-07-13 00:06:59,6095.52
8286,sess_001394,CHECKOUT_START,10,2026-07-13 00:08:17,30337.250000000004
8287,sess_001395,PRODUCT_VIEW,33,2026-07-27 20:45:06,10984.48
8288,sess_001395,ADD_TO_CART,33,2026-07-27 20:45:43,10984.48
8289,sess_001395,CHECKOUT_START,33,2026-07-27 20:46:37,10984.48
8290,sess_001396,PRODUCT_VIEW,42,2026-07-22 20:13:06,1353.46
8291,sess_001396,ADD_TO_CART,42,2026-07-22 20:14:00,1353.46
8292,sess_001396,PRODUCT_VIEW,34,2026-07-22 20:15:25,7303.52
8293,sess_001396,ADD_TO_CART,34,2026-07-22 20:15:52,7303.52
8294,sess_001396,PRODUCT_VIEW,26,2026-07-22 20:16:25,1741.62
8295,sess_001396,ADD_TO_CART,26,2026-07-22 20:17:11,1741.62
8296,sess_001397,PRODUCT_VIEW,11,2026-07-15 02:41:06,6189.77
8297,sess_001397,ADD_TO_CART,11,2026-07-15 02:41:46,6189.77
8298,sess_001397,PRODUCT_VIEW,30,2026-07-15 02:42:43,16078.93
8299,sess_001397,ADD_TO_CART,30,2026-07-15 02:43:26,16078.93
8300,sess_001397,PRODUCT_VIEW,27,2026-07-15 02:44:12,34536.05
8301,sess_001397,ADD_TO_CART,27,2026-07-15 02:44:28,34536.05
8302,sess_001397,CHECKOUT_START,11,2026-07-15 02:45:44,56804.75
8303,sess_001398,PRODUCT_VIEW,34,2026-07-12 04:28:06,7303.52
8304,sess_001398,ADD_TO_CART,34,2026-07-12 04:29:04,7303.52
8305,sess_001398,CHECKOUT_START,34,2026-07-12 04:29:35,7303.52
8306,sess_001398,PAYMENT_FAILURE,34,2026-07-12 04:30:34,7303.52
8307,sess_001398,PAYMENT_FAILURE,34,2026-07-12 04:31:38,7303.52
8308,sess_001398,PAYMENT_FAILURE,34,2026-07-12 04:32:40,7303.52
8309,sess_001399,PRODUCT_VIEW,40,2026-07-27 13:01:06,17551.46
8310,sess_001399,ADD_TO_CART,40,2026-07-27 13:01:42,17551.46
8311,sess_001399,PRODUCT_VIEW,36,2026-07-27 13:02:21,23638.97
8312,sess_001399,ADD_TO_CART,36,2026-07-27 13:02:46,23638.97
8313,sess_001399,PRODUCT_VIEW,38,2026-07-27 13:03:23,24333.81
8314,sess_001399,ADD_TO_CART,38,2026-07-27 13:04:02,24333.81
8315,sess_001399,PRODUCT_VIEW,2,2026-07-27 13:04:40,8878.17
8316,sess_001399,ADD_TO_CART,2,2026-07-27 13:05:04,8878.17
8317,sess_001400,PRODUCT_VIEW,3,2026-07-23 01:26:06,15751.54
8318,sess_001400,ADD_TO_CART,3,2026-07-23 01:27:01,15751.54
8319,sess_001401,PRODUCT_VIEW,5,2026-07-24 09:23:06,5973.44
8320,sess_001401,ADD_TO_CART,5,2026-07-24 09:23:42,5973.44
8321,sess_001401,PRODUCT_VIEW,41,2026-07-24 09:25:05,30450.87
8322,sess_001401,ADD_TO_CART,41,2026-07-24 09:25:35,30450.87
8323,sess_001401,PRODUCT_VIEW,29,2026-07-24 09:26:35,22477.1
8324,sess_001401,ADD_TO_CART,29,2026-07-24 09:26:57,22477.1
8325,sess_001402,PRODUCT_VIEW,32,2026-08-01 08:50:06,5145.04
8326,sess_001402,ADD_TO_CART,32,2026-08-01 08:50:51,5145.04
8327,sess_001402,PRODUCT_VIEW,39,2026-08-01 08:52:25,33078.06
8328,sess_001402,ADD_TO_CART,39,2026-08-01 08:52:54,33078.06
8329,sess_001402,PRODUCT_VIEW,4,2026-08-01 08:54:01,12764.76
8330,sess_001402,ADD_TO_CART,4,2026-08-01 08:54:43,12764.76
8331,sess_001402,CHECKOUT_START,32,2026-08-01 08:56:20,50987.86
8332,sess_001402,PAYMENT_FAILURE,32,2026-08-01 08:57:38,50987.86
8333,sess_001403,PRODUCT_VIEW,27,2026-07-21 17:27:06,34536.05
8334,sess_001403,ADD_TO_CART,27,2026-07-21 17:27:25,34536.05
8335,sess_001403,PRODUCT_VIEW,14,2026-07-21 17:27:47,21714.55
8336,sess_001403,ADD_TO_CART,14,2026-07-21 17:28:40,21714.55
8337,sess_001403,PRODUCT_VIEW,34,2026-07-21 17:30:01,7303.52
8338,sess_001403,ADD_TO_CART,34,2026-07-21 17:30:36,7303.52
8339,sess_001403,PRODUCT_VIEW,2,2026-07-21 17:31:06,8878.17
8340,sess_001403,ADD_TO_CART,2,2026-07-21 17:31:25,8878.17
8341,sess_001404,PRODUCT_VIEW,10,2026-07-18 01:50:06,8490.19
8342,sess_001404,ADD_TO_CART,10,2026-07-18 01:50:52,8490.19
8343,sess_001404,CHECKOUT_START,10,2026-07-18 01:52:21,8490.19
8344,sess_001404,PAYMENT_FAILURE,10,2026-07-18 01:53:24,8490.19
8345,sess_001405,PRODUCT_VIEW,46,2026-07-13 23:43:06,3997.88
8346,sess_001405,ADD_TO_CART,46,2026-07-13 23:43:23,3997.88
8347,sess_001405,PRODUCT_VIEW,49,2026-07-13 23:43:49,30515.02
8348,sess_001405,ADD_TO_CART,49,2026-07-13 23:44:28,30515.02
8349,sess_001405,PRODUCT_VIEW,39,2026-07-13 23:46:03,33078.06
8350,sess_001405,ADD_TO_CART,39,2026-07-13 23:46:21,33078.06
8351,sess_001405,PRODUCT_VIEW,3,2026-07-13 23:47:09,15751.54
8352,sess_001405,ADD_TO_CART,3,2026-07-13 23:47:49,15751.54
8353,sess_001405,CHECKOUT_START,46,2026-07-13 23:48:27,83342.5
8354,sess_001405,PAYMENT_FAILURE,46,2026-07-13 23:49:34,83342.5
8355,sess_001405,PAYMENT_FAILURE,46,2026-07-13 23:50:39,83342.5
8356,sess_001406,PRODUCT_VIEW,16,2026-07-16 07:10:06,1571.54
8357,sess_001406,ADD_TO_CART,16,2026-07-16 07:11:01,1571.54
8358,sess_001406,CHECKOUT_START,16,2026-07-16 07:12:01,1571.54
8359,sess_001407,PRODUCT_VIEW,22,2026-07-19 10:30:06,18731.11
8360,sess_001407,ADD_TO_CART,22,2026-07-19 10:31:00,18731.11
8361,sess_001407,PRODUCT_VIEW,23,2026-07-19 10:32:17,1664.26
8362,sess_001407,ADD_TO_CART,23,2026-07-19 10:32:27,1664.26
8363,sess_001407,CHECKOUT_START,22,2026-07-19 10:33:49,20395.37
8364,sess_001408,PRODUCT_VIEW,22,2026-07-13 02:10:06,18731.11
8365,sess_001408,ADD_TO_CART,22,2026-07-13 02:10:59,18731.11
8366,sess_001408,PRODUCT_VIEW,41,2026-07-13 02:11:59,30450.87
8367,sess_001408,ADD_TO_CART,41,2026-07-13 02:12:37,30450.87
8368,sess_001408,PRODUCT_VIEW,3,2026-07-13 02:13:01,15751.54
8369,sess_001408,ADD_TO_CART,3,2026-07-13 02:13:33,15751.54
8370,sess_001408,CHECKOUT_START,22,2026-07-13 02:14:09,64933.52
8371,sess_001409,PRODUCT_VIEW,33,2026-07-30 15:04:06,10984.48
8372,sess_001409,ADD_TO_CART,33,2026-07-30 15:04:22,10984.48
8373,sess_001409,PRODUCT_VIEW,35,2026-07-30 15:04:51,33955.92
8374,sess_001409,ADD_TO_CART,35,2026-07-30 15:05:20,33955.92
8375,sess_001409,PRODUCT_VIEW,14,2026-07-30 15:05:48,21714.55
8376,sess_001409,ADD_TO_CART,14,2026-07-30 15:06:17,21714.55
8377,sess_001409,CHECKOUT_START,33,2026-07-30 15:07:38,66654.95
8378,sess_001410,PRODUCT_VIEW,13,2026-07-31 02:30:06,15251.23
8379,sess_001410,ADD_TO_CART,13,2026-07-31 02:30:41,15251.23
8380,sess_001411,PRODUCT_VIEW,40,2026-07-09 06:24:06,17551.46
8381,sess_001411,ADD_TO_CART,40,2026-07-09 06:24:25,17551.46
8382,sess_001411,PRODUCT_VIEW,29,2026-07-09 06:25:14,22477.1
8383,sess_001411,ADD_TO_CART,29,2026-07-09 06:26:04,22477.1
8384,sess_001411,PRODUCT_VIEW,35,2026-07-09 06:27:02,33955.92
8385,sess_001411,ADD_TO_CART,35,2026-07-09 06:28:01,33955.92
8386,sess_001411,PRODUCT_VIEW,4,2026-07-09 06:29:41,12764.76
8387,sess_001411,ADD_TO_CART,4,2026-07-09 06:30:08,12764.76
8388,sess_001411,CHECKOUT_START,40,2026-07-09 06:31:13,86749.23999999999
8389,sess_001412,PRODUCT_VIEW,47,2026-07-23 05:01:06,34979.66
8390,sess_001412,ADD_TO_CART,47,2026-07-23 05:01:20,34979.66
8391,sess_001412,PRODUCT_VIEW,28,2026-07-23 05:02:35,470.42
8392,sess_001412,ADD_TO_CART,28,2026-07-23 05:02:58,470.42
8393,sess_001412,PRODUCT_VIEW,20,2026-07-23 05:03:35,7441.9
8394,sess_001412,ADD_TO_CART,20,2026-07-23 05:04:24,7441.9
8395,sess_001412,PRODUCT_VIEW,2,2026-07-23 05:05:24,8878.17
8396,sess_001412,ADD_TO_CART,2,2026-07-23 05:06:04,8878.17
8397,sess_001412,CHECKOUT_START,47,2026-07-23 05:06:51,51770.15
8398,sess_001413,PRODUCT_VIEW,43,2026-07-20 07:37:06,24226.27
8399,sess_001413,ADD_TO_CART,43,2026-07-20 07:37:30,24226.27
8400,sess_001413,PRODUCT_VIEW,29,2026-07-20 07:38:03,22477.1
8401,sess_001413,ADD_TO_CART,29,2026-07-20 07:38:45,22477.1
8402,sess_001413,CHECKOUT_START,43,2026-07-20 07:39:55,46703.369999999995
8403,sess_001414,PRODUCT_VIEW,46,2026-07-20 21:36:06,3997.88
8404,sess_001414,ADD_TO_CART,46,2026-07-20 21:36:57,3997.88
8405,sess_001414,PRODUCT_VIEW,43,2026-07-20 21:37:37,24226.27
8406,sess_001414,ADD_TO_CART,43,2026-07-20 21:38:01,24226.27
8407,sess_001414,PRODUCT_VIEW,20,2026-07-20 21:38:50,7441.9
8408,sess_001414,ADD_TO_CART,20,2026-07-20 21:39:11,7441.9
8409,sess_001415,PRODUCT_VIEW,25,2026-07-15 15:57:06,11269.93
8410,sess_001415,ADD_TO_CART,25,2026-07-15 15:57:35,11269.93
8411,sess_001415,PRODUCT_VIEW,2,2026-07-15 15:58:32,8878.17
8412,sess_001415,ADD_TO_CART,2,2026-07-15 15:59:32,8878.17
8413,sess_001415,PRODUCT_VIEW,30,2026-07-15 16:00:41,16078.93
8414,sess_001415,ADD_TO_CART,30,2026-07-15 16:01:21,16078.93
8415,sess_001415,PRODUCT_VIEW,14,2026-07-15 16:02:13,21714.55
8416,sess_001415,ADD_TO_CART,14,2026-07-15 16:02:47,21714.55
8417,sess_001415,CHECKOUT_START,25,2026-07-15 16:03:29,57941.58
8418,sess_001416,PRODUCT_VIEW,28,2026-07-29 02:26:06,470.42
8419,sess_001416,ADD_TO_CART,28,2026-07-29 02:26:20,470.42
8420,sess_001416,CHECKOUT_START,28,2026-07-29 02:27:36,470.42
8421,sess_001416,PAYMENT_FAILURE,28,2026-07-29 02:28:06,470.42
8422,sess_001416,PAYMENT_FAILURE,28,2026-07-29 02:28:57,470.42
8423,sess_001416,PAYMENT_FAILURE,28,2026-07-29 02:29:27,470.42
8424,sess_001417,PRODUCT_VIEW,7,2026-07-20 05:47:06,23088.42
8425,sess_001417,ADD_TO_CART,7,2026-07-20 05:47:35,23088.42
8426,sess_001417,PRODUCT_VIEW,15,2026-07-20 05:48:30,6095.52
8427,sess_001417,ADD_TO_CART,15,2026-07-20 05:49:22,6095.52
8428,sess_001417,PRODUCT_VIEW,49,2026-07-20 05:50:43,30515.02
8429,sess_001417,ADD_TO_CART,49,2026-07-20 05:51:17,30515.02
8430,sess_001418,PRODUCT_VIEW,38,2026-07-23 09:16:06,24333.81
8431,sess_001418,ADD_TO_CART,38,2026-07-23 09:16:24,24333.81
8432,sess_001418,PRODUCT_VIEW,47,2026-07-23 09:17:52,34979.66
8433,sess_001418,ADD_TO_CART,47,2026-07-23 09:18:27,34979.66
8434,sess_001419,PRODUCT_VIEW,8,2026-08-03 10:08:06,27139.29
8435,sess_001419,ADD_TO_CART,8,2026-08-03 10:08:28,27139.29
8436,sess_001419,PRODUCT_VIEW,36,2026-08-03 10:09:41,23638.97
8437,sess_001419,ADD_TO_CART,36,2026-08-03 10:10:15,23638.97
8438,sess_001419,CHECKOUT_START,8,2026-08-03 10:11:32,50778.26
8439,sess_001420,PRODUCT_VIEW,48,2026-07-08 21:58:06,34207.92
8440,sess_001420,ADD_TO_CART,48,2026-07-08 21:58:33,34207.92
8441,sess_001420,PRODUCT_VIEW,26,2026-07-08 21:59:15,1741.62
8442,sess_001420,ADD_TO_CART,26,2026-07-08 21:59:27,1741.62
8443,sess_001420,PRODUCT_VIEW,16,2026-07-08 22:00:04,1571.54
8444,sess_001420,ADD_TO_CART,16,2026-07-08 22:01:04,1571.54
8445,sess_001420,CHECKOUT_START,48,2026-07-08 22:01:40,37521.08
8446,sess_001421,PRODUCT_VIEW,36,2026-07-10 17:30:06,23638.97
8447,sess_001421,ADD_TO_CART,36,2026-07-10 17:30:38,23638.97
8448,sess_001421,PRODUCT_VIEW,15,2026-07-10 17:32:17,6095.52
8449,sess_001421,ADD_TO_CART,15,2026-07-10 17:33:14,6095.52
8450,sess_001421,PRODUCT_VIEW,27,2026-07-10 17:33:36,34536.05
8451,sess_001421,ADD_TO_CART,27,2026-07-10 17:33:52,34536.05
8452,sess_001421,PRODUCT_VIEW,32,2026-07-10 17:35:12,5145.04
8453,sess_001421,ADD_TO_CART,32,2026-07-10 17:35:50,5145.04
8454,sess_001422,PRODUCT_VIEW,2,2026-07-12 10:51:06,8878.17
8455,sess_001422,ADD_TO_CART,2,2026-07-12 10:51:29,8878.17
8456,sess_001422,PRODUCT_VIEW,40,2026-07-12 10:52:20,17551.46
8457,sess_001422,ADD_TO_CART,40,2026-07-12 10:53:19,17551.46
8458,sess_001422,PRODUCT_VIEW,11,2026-07-12 10:54:23,6189.77
8459,sess_001422,ADD_TO_CART,11,2026-07-12 10:54:37,6189.77
8460,sess_001422,CHECKOUT_START,2,2026-07-12 10:55:55,32619.399999999998
8461,sess_001423,PRODUCT_VIEW,32,2026-07-11 11:46:06,5145.04
8462,sess_001423,ADD_TO_CART,32,2026-07-11 11:46:24,5145.04
8463,sess_001423,PRODUCT_VIEW,49,2026-07-11 11:47:32,30515.02
8464,sess_001423,ADD_TO_CART,49,2026-07-11 11:47:55,30515.02
8465,sess_001423,CHECKOUT_START,32,2026-07-11 11:48:23,35660.06
8466,sess_001424,PRODUCT_VIEW,41,2026-07-19 03:00:06,30450.87
8467,sess_001424,ADD_TO_CART,41,2026-07-19 03:00:47,30450.87
8468,sess_001424,PRODUCT_VIEW,12,2026-07-19 03:02:03,11993.35
8469,sess_001424,ADD_TO_CART,12,2026-07-19 03:02:37,11993.35
8470,sess_001425,PRODUCT_VIEW,48,2026-08-01 05:56:06,34207.92
8471,sess_001425,ADD_TO_CART,48,2026-08-01 05:56:37,34207.92
8472,sess_001425,PRODUCT_VIEW,22,2026-08-01 05:57:05,18731.11
8473,sess_001425,ADD_TO_CART,22,2026-08-01 05:58:01,18731.11
8474,sess_001425,CHECKOUT_START,48,2026-08-01 05:58:47,52939.03
8475,sess_001426,PRODUCT_VIEW,37,2026-07-21 11:00:06,30424.4
8476,sess_001426,ADD_TO_CART,37,2026-07-21 11:00:35,30424.4
8477,sess_001426,PRODUCT_VIEW,1,2026-07-21 11:01:55,29947.02
8478,sess_001426,ADD_TO_CART,1,2026-07-21 11:02:53,29947.02
8479,sess_001426,CHECKOUT_START,37,2026-07-21 11:03:43,60371.42
8480,sess_001427,PRODUCT_VIEW,10,2026-07-26 00:53:06,8490.19
8481,sess_001427,ADD_TO_CART,10,2026-07-26 00:53:21,8490.19
8482,sess_001427,PRODUCT_VIEW,23,2026-07-26 00:53:55,1664.26
8483,sess_001427,ADD_TO_CART,23,2026-07-26 00:54:21,1664.26
8484,sess_001427,CHECKOUT_START,10,2026-07-26 00:55:56,10154.45
8485,sess_001427,PAYMENT_FAILURE,10,2026-07-26 00:56:55,10154.45
8486,sess_001427,PAYMENT_FAILURE,10,2026-07-26 00:57:58,10154.45
8487,sess_001428,PRODUCT_VIEW,19,2026-07-11 01:08:06,20611.38
8488,sess_001428,ADD_TO_CART,19,2026-07-11 01:08:47,20611.38
8489,sess_001428,PRODUCT_VIEW,16,2026-07-11 01:10:02,1571.54
8490,sess_001428,ADD_TO_CART,16,2026-07-11 01:10:39,1571.54
8491,sess_001428,PRODUCT_VIEW,29,2026-07-11 01:11:11,22477.1
8492,sess_001428,ADD_TO_CART,29,2026-07-11 01:11:53,22477.1
8493,sess_001428,CHECKOUT_START,19,2026-07-11 01:12:37,44660.020000000004
8494,sess_001429,PRODUCT_VIEW,14,2026-08-04 00:51:06,21714.55
8495,sess_001429,ADD_TO_CART,14,2026-08-04 00:51:36,21714.55
8496,sess_001429,PRODUCT_VIEW,38,2026-08-04 00:52:07,24333.81
8497,sess_001429,ADD_TO_CART,38,2026-08-04 00:52:21,24333.81
8498,sess_001429,PRODUCT_VIEW,6,2026-08-04 00:53:13,33938.58
8499,sess_001429,ADD_TO_CART,6,2026-08-04 00:53:37,33938.58
8500,sess_001429,CHECKOUT_START,14,2026-08-04 00:54:52,79986.94
8501,sess_001430,PRODUCT_VIEW,36,2026-07-14 00:07:06,23638.97
8502,sess_001430,ADD_TO_CART,36,2026-07-14 00:07:45,23638.97
8503,sess_001431,PRODUCT_VIEW,42,2026-07-29 20:14:06,1353.46
8504,sess_001431,ADD_TO_CART,42,2026-07-29 20:14:43,1353.46
8505,sess_001431,PRODUCT_VIEW,36,2026-07-29 20:16:17,23638.97
8506,sess_001431,ADD_TO_CART,36,2026-07-29 20:17:09,23638.97
8507,sess_001431,PRODUCT_VIEW,1,2026-07-29 20:17:54,29947.02
8508,sess_001431,ADD_TO_CART,1,2026-07-29 20:18:19,29947.02
8509,sess_001431,PRODUCT_VIEW,10,2026-07-29 20:18:48,8490.19
8510,sess_001431,ADD_TO_CART,10,2026-07-29 20:19:21,8490.19
8511,sess_001431,CHECKOUT_START,42,2026-07-29 20:20:14,63429.64
8512,sess_001432,PRODUCT_VIEW,42,2026-08-06 18:19:06,1353.46
8513,sess_001432,ADD_TO_CART,42,2026-08-06 18:20:00,1353.46
8514,sess_001432,PRODUCT_VIEW,45,2026-08-06 18:20:22,13966.49
8515,sess_001432,ADD_TO_CART,45,2026-08-06 18:21:15,13966.49
8516,sess_001432,PRODUCT_VIEW,22,2026-08-06 18:22:16,18731.11
8517,sess_001432,ADD_TO_CART,22,2026-08-06 18:22:34,18731.11
8518,sess_001432,CHECKOUT_START,42,2026-08-06 18:23:15,34051.06
8519,sess_001432,PAYMENT_FAILURE,42,2026-08-06 18:24:03,34051.06
8520,sess_001433,PRODUCT_VIEW,21,2026-07-26 10:40:06,9659.58
8521,sess_001433,ADD_TO_CART,21,2026-07-26 10:40:20,9659.58
8522,sess_001433,CHECKOUT_START,21,2026-07-26 10:41:12,9659.58
8523,sess_001434,PRODUCT_VIEW,9,2026-07-11 10:55:06,33952.76
8524,sess_001434,ADD_TO_CART,9,2026-07-11 10:55:18,33952.76
8525,sess_001434,PRODUCT_VIEW,18,2026-07-11 10:55:42,29592.56
8526,sess_001434,ADD_TO_CART,18,2026-07-11 10:56:12,29592.56
8527,sess_001434,CHECKOUT_START,9,2026-07-11 10:57:01,63545.32000000001
8528,sess_001435,PRODUCT_VIEW,7,2026-07-27 11:44:06,23088.42
8529,sess_001435,ADD_TO_CART,7,2026-07-27 11:44:58,23088.42
8530,sess_001436,PRODUCT_VIEW,15,2026-07-21 14:09:06,6095.52
8531,sess_001436,ADD_TO_CART,15,2026-07-21 14:09:27,6095.52
8532,sess_001436,PRODUCT_VIEW,42,2026-07-21 14:10:33,1353.46
8533,sess_001436,ADD_TO_CART,42,2026-07-21 14:10:54,1353.46
8534,sess_001436,CHECKOUT_START,15,2026-07-21 14:12:20,7448.9800000000005
8535,sess_001437,PRODUCT_VIEW,9,2026-07-19 15:57:06,33952.76
8536,sess_001437,ADD_TO_CART,9,2026-07-19 15:57:27,33952.76
8537,sess_001437,PRODUCT_VIEW,14,2026-07-19 15:58:51,21714.55
8538,sess_001437,ADD_TO_CART,14,2026-07-19 15:59:26,21714.55
8539,sess_001437,PRODUCT_VIEW,20,2026-07-19 16:00:24,7441.9
8540,sess_001437,ADD_TO_CART,20,2026-07-19 16:01:23,7441.9
8541,sess_001437,CHECKOUT_START,9,2026-07-19 16:02:21,63109.21
8542,sess_001438,PRODUCT_VIEW,12,2026-07-30 04:42:06,11993.35
8543,sess_001438,ADD_TO_CART,12,2026-07-30 04:43:02,11993.35
8544,sess_001438,PRODUCT_VIEW,48,2026-07-30 04:44:36,34207.92
8545,sess_001438,ADD_TO_CART,48,2026-07-30 04:45:08,34207.92
8546,sess_001438,PRODUCT_VIEW,4,2026-07-30 04:45:59,12764.76
8547,sess_001438,ADD_TO_CART,4,2026-07-30 04:46:36,12764.76
8548,sess_001438,CHECKOUT_START,12,2026-07-30 04:47:54,58966.03
8549,sess_001439,PRODUCT_VIEW,23,2026-07-17 05:04:06,1664.26
8550,sess_001439,ADD_TO_CART,23,2026-07-17 05:05:05,1664.26
8551,sess_001439,PRODUCT_VIEW,26,2026-07-17 05:05:36,1741.62
8552,sess_001439,ADD_TO_CART,26,2026-07-17 05:06:07,1741.62
8553,sess_001439,CHECKOUT_START,23,2026-07-17 05:06:49,3405.88
8554,sess_001440,PRODUCT_VIEW,24,2026-07-11 22:22:06,15990.76
8555,sess_001440,ADD_TO_CART,24,2026-07-11 22:22:56,15990.76
8556,sess_001440,PRODUCT_VIEW,16,2026-07-11 22:24:21,1571.54
8557,sess_001440,ADD_TO_CART,16,2026-07-11 22:24:34,1571.54
8558,sess_001440,CHECKOUT_START,24,2026-07-11 22:26:13,17562.3
8559,sess_001441,PRODUCT_VIEW,38,2026-07-23 12:01:06,24333.81
8560,sess_001441,ADD_TO_CART,38,2026-07-23 12:01:34,24333.81
8561,sess_001441,PRODUCT_VIEW,45,2026-07-23 12:02:50,13966.49
8562,sess_001441,ADD_TO_CART,45,2026-07-23 12:03:49,13966.49
8563,sess_001441,PRODUCT_VIEW,24,2026-07-23 12:04:43,15990.76
8564,sess_001441,ADD_TO_CART,24,2026-07-23 12:05:41,15990.76
8565,sess_001441,PRODUCT_VIEW,11,2026-07-23 12:06:51,6189.77
8566,sess_001441,ADD_TO_CART,11,2026-07-23 12:07:28,6189.77
8567,sess_001442,PRODUCT_VIEW,48,2026-07-14 02:59:06,34207.92
8568,sess_001442,ADD_TO_CART,48,2026-07-14 02:59:34,34207.92
8569,sess_001442,PRODUCT_VIEW,16,2026-07-14 03:00:19,1571.54
8570,sess_001442,ADD_TO_CART,16,2026-07-14 03:01:14,1571.54
8571,sess_001442,PRODUCT_VIEW,10,2026-07-14 03:02:23,8490.19
8572,sess_001442,ADD_TO_CART,10,2026-07-14 03:03:04,8490.19
8573,sess_001443,PRODUCT_VIEW,21,2026-08-02 02:45:06,9659.58
8574,sess_001443,ADD_TO_CART,21,2026-08-02 02:45:29,9659.58
8575,sess_001443,PRODUCT_VIEW,18,2026-08-02 02:46:25,29592.56
8576,sess_001443,ADD_TO_CART,18,2026-08-02 02:47:01,29592.56
8577,sess_001443,CHECKOUT_START,21,2026-08-02 02:48:31,39252.14
8578,sess_001444,PRODUCT_VIEW,37,2026-07-13 21:10:06,30424.4
8579,sess_001444,ADD_TO_CART,37,2026-07-13 21:10:56,30424.4
8580,sess_001444,PRODUCT_VIEW,31,2026-07-13 21:11:46,17262.47
8581,sess_001444,ADD_TO_CART,31,2026-07-13 21:12:35,17262.47
8582,sess_001444,PRODUCT_VIEW,38,2026-07-13 21:14:12,24333.81
8583,sess_001444,ADD_TO_CART,38,2026-07-13 21:15:10,24333.81
8584,sess_001444,CHECKOUT_START,37,2026-07-13 21:16:39,72020.68000000001
8585,sess_001445,PRODUCT_VIEW,7,2026-07-11 16:58:06,23088.42
8586,sess_001445,ADD_TO_CART,7,2026-07-11 16:58:41,23088.42
8587,sess_001446,PRODUCT_VIEW,9,2026-08-07 07:39:06,33952.76
8588,sess_001446,ADD_TO_CART,9,2026-08-07 07:40:00,33952.76
8589,sess_001446,PRODUCT_VIEW,25,2026-08-07 07:40:41,11269.93
8590,sess_001446,ADD_TO_CART,25,2026-08-07 07:41:40,11269.93
8591,sess_001446,PRODUCT_VIEW,4,2026-08-07 07:42:00,12764.76
8592,sess_001446,ADD_TO_CART,4,2026-08-07 07:42:16,12764.76
8593,sess_001446,PRODUCT_VIEW,31,2026-08-07 07:43:11,17262.47
8594,sess_001446,ADD_TO_CART,31,2026-08-07 07:43:55,17262.47
8595,sess_001447,PRODUCT_VIEW,19,2026-07-15 15:14:06,20611.38
8596,sess_001447,ADD_TO_CART,19,2026-07-15 15:14:41,20611.38
8597,sess_001447,CHECKOUT_START,19,2026-07-15 15:15:26,20611.38
8598,sess_001447,PAYMENT_FAILURE,19,2026-07-15 15:16:33,20611.38
8599,sess_001448,PRODUCT_VIEW,45,2026-07-18 15:08:06,13966.49
8600,sess_001448,ADD_TO_CART,45,2026-07-18 15:08:41,13966.49
8601,sess_001448,PRODUCT_VIEW,19,2026-07-18 15:09:27,20611.38
8602,sess_001448,ADD_TO_CART,19,2026-07-18 15:09:49,20611.38
8603,sess_001448,PRODUCT_VIEW,23,2026-07-18 15:11:25,1664.26
8604,sess_001448,ADD_TO_CART,23,2026-07-18 15:11:41,1664.26
8605,sess_001448,PRODUCT_VIEW,49,2026-07-18 15:12:59,30515.02
8606,sess_001448,ADD_TO_CART,49,2026-07-18 15:13:17,30515.02
8607,sess_001448,CHECKOUT_START,45,2026-07-18 15:14:51,66757.15000000001
8608,sess_001449,PRODUCT_VIEW,12,2026-07-12 05:05:06,11993.35
8609,sess_001449,ADD_TO_CART,12,2026-07-12 05:05:57,11993.35
8610,sess_001449,CHECKOUT_START,12,2026-07-12 05:07:09,11993.35
8611,sess_001450,PRODUCT_VIEW,27,2026-07-19 10:38:06,34536.05
8612,sess_001450,ADD_TO_CART,27,2026-07-19 10:38:59,34536.05
8613,sess_001451,PRODUCT_VIEW,50,2026-08-04 11:20:06,19975.03
8614,sess_001451,ADD_TO_CART,50,2026-08-04 11:20:23,19975.03
8615,sess_001451,PRODUCT_VIEW,37,2026-08-04 11:21:34,30424.4
8616,sess_001451,ADD_TO_CART,37,2026-08-04 11:22:33,30424.4
8617,sess_001451,PRODUCT_VIEW,2,2026-08-04 11:23:24,8878.17
8618,sess_001451,ADD_TO_CART,2,2026-08-04 11:24:10,8878.17
8619,sess_001452,PRODUCT_VIEW,43,2026-07-31 16:43:06,24226.27
8620,sess_001452,ADD_TO_CART,43,2026-07-31 16:43:59,24226.27
8621,sess_001452,PRODUCT_VIEW,27,2026-07-31 16:44:54,34536.05
8622,sess_001452,ADD_TO_CART,27,2026-07-31 16:45:38,34536.05
8623,sess_001452,PRODUCT_VIEW,31,2026-07-31 16:46:10,17262.47
8624,sess_001452,ADD_TO_CART,31,2026-07-31 16:46:38,17262.47
8625,sess_001452,PRODUCT_VIEW,14,2026-07-31 16:47:03,21714.55
8626,sess_001452,ADD_TO_CART,14,2026-07-31 16:47:49,21714.55
8627,sess_001452,CHECKOUT_START,43,2026-07-31 16:49:18,97739.34000000001
8628,sess_001453,PRODUCT_VIEW,17,2026-08-05 09:48:06,23333.68
8629,sess_001453,ADD_TO_CART,17,2026-08-05 09:48:50,23333.68
8630,sess_001453,CHECKOUT_START,17,2026-08-05 09:49:21,23333.68
8631,sess_001453,PAYMENT_FAILURE,17,2026-08-05 09:49:57,23333.68
8632,sess_001453,PAYMENT_FAILURE,17,2026-08-05 09:50:52,23333.68
8633,sess_001453,PAYMENT_FAILURE,17,2026-08-05 09:51:22,23333.68
8634,sess_001454,PRODUCT_VIEW,10,2026-07-11 13:59:06,8490.19
8635,sess_001454,ADD_TO_CART,10,2026-07-11 13:59:49,8490.19
8636,sess_001455,PRODUCT_VIEW,40,2026-07-09 06:03:06,17551.46
8637,sess_001455,ADD_TO_CART,40,2026-07-09 06:03:54,17551.46
8638,sess_001456,PRODUCT_VIEW,10,2026-07-22 13:23:06,8490.19
8639,sess_001456,ADD_TO_CART,10,2026-07-22 13:23:36,8490.19
8640,sess_001456,PRODUCT_VIEW,4,2026-07-22 13:24:21,12764.76
8641,sess_001456,ADD_TO_CART,4,2026-07-22 13:24:35,12764.76
8642,sess_001456,PRODUCT_VIEW,14,2026-07-22 13:25:49,21714.55
8643,sess_001456,ADD_TO_CART,14,2026-07-22 13:26:02,21714.55
8644,sess_001457,PRODUCT_VIEW,21,2026-07-09 06:04:06,9659.58
8645,sess_001457,ADD_TO_CART,21,2026-07-09 06:05:06,9659.58
8646,sess_001458,PRODUCT_VIEW,9,2026-08-01 20:01:06,33952.76
8647,sess_001458,ADD_TO_CART,9,2026-08-01 20:01:35,33952.76
8648,sess_001458,CHECKOUT_START,9,2026-08-01 20:02:54,33952.76
8649,sess_001458,PAYMENT_FAILURE,9,2026-08-01 20:04:06,33952.76
8650,sess_001459,PRODUCT_VIEW,21,2026-08-05 20:33:06,9659.58
8651,sess_001459,ADD_TO_CART,21,2026-08-05 20:34:00,9659.58
8652,sess_001459,PRODUCT_VIEW,9,2026-08-05 20:34:29,33952.76
8653,sess_001459,ADD_TO_CART,9,2026-08-05 20:35:28,33952.76
8654,sess_001459,PRODUCT_VIEW,32,2026-08-05 20:37:05,5145.04
8655,sess_001459,ADD_TO_CART,32,2026-08-05 20:37:28,5145.04
8656,sess_001459,CHECKOUT_START,21,2026-08-05 20:38:43,48757.380000000005
8657,sess_001460,PRODUCT_VIEW,36,2026-07-11 10:00:06,23638.97
8658,sess_001460,ADD_TO_CART,36,2026-07-11 10:00:18,23638.97
8659,sess_001460,PRODUCT_VIEW,6,2026-07-11 10:01:41,33938.58
8660,sess_001460,ADD_TO_CART,6,2026-07-11 10:02:10,33938.58
8661,sess_001460,CHECKOUT_START,36,2026-07-11 10:03:48,57577.55
8662,sess_001461,PRODUCT_VIEW,4,2026-07-31 02:44:06,12764.76
8663,sess_001461,ADD_TO_CART,4,2026-07-31 02:44:31,12764.76
8664,sess_001461,PRODUCT_VIEW,5,2026-07-31 02:45:01,5973.44
8665,sess_001461,ADD_TO_CART,5,2026-07-31 02:45:32,5973.44
8666,sess_001461,PRODUCT_VIEW,46,2026-07-31 02:46:19,3997.88
8667,sess_001461,ADD_TO_CART,46,2026-07-31 02:46:50,3997.88
8668,sess_001461,CHECKOUT_START,4,2026-07-31 02:47:16,22736.08
8669,sess_001462,PRODUCT_VIEW,22,2026-08-05 10:45:06,18731.11
8670,sess_001462,ADD_TO_CART,22,2026-08-05 10:45:27,18731.11
8671,sess_001462,PRODUCT_VIEW,11,2026-08-05 10:46:50,6189.77
8672,sess_001462,ADD_TO_CART,11,2026-08-05 10:47:47,6189.77
8673,sess_001462,PRODUCT_VIEW,21,2026-08-05 10:48:46,9659.58
8674,sess_001462,ADD_TO_CART,21,2026-08-05 10:49:00,9659.58
8675,sess_001462,CHECKOUT_START,22,2026-08-05 10:49:20,34580.46
8676,sess_001463,PRODUCT_VIEW,38,2026-07-13 22:24:06,24333.81
8677,sess_001463,ADD_TO_CART,38,2026-07-13 22:24:55,24333.81
8678,sess_001463,PRODUCT_VIEW,35,2026-07-13 22:25:50,33955.92
8679,sess_001463,ADD_TO_CART,35,2026-07-13 22:26:33,33955.92
8680,sess_001463,PRODUCT_VIEW,39,2026-07-13 22:28:00,33078.06
8681,sess_001463,ADD_TO_CART,39,2026-07-13 22:28:32,33078.06
8682,sess_001463,PRODUCT_VIEW,46,2026-07-13 22:29:46,3997.88
8683,sess_001463,ADD_TO_CART,46,2026-07-13 22:30:20,3997.88
8684,sess_001464,PRODUCT_VIEW,43,2026-08-04 04:27:06,24226.27
8685,sess_001464,ADD_TO_CART,43,2026-08-04 04:27:39,24226.27
8686,sess_001464,PRODUCT_VIEW,26,2026-08-04 04:28:45,1741.62
8687,sess_001464,ADD_TO_CART,26,2026-08-04 04:29:44,1741.62
8688,sess_001464,PRODUCT_VIEW,14,2026-08-04 04:31:08,21714.55
8689,sess_001464,ADD_TO_CART,14,2026-08-04 04:31:36,21714.55
8690,sess_001464,CHECKOUT_START,43,2026-08-04 04:32:14,47682.44
8691,sess_001465,PRODUCT_VIEW,26,2026-08-03 11:19:06,1741.62
8692,sess_001465,ADD_TO_CART,26,2026-08-03 11:19:32,1741.62
8693,sess_001465,PRODUCT_VIEW,24,2026-08-03 11:20:40,15990.76
8694,sess_001465,ADD_TO_CART,24,2026-08-03 11:20:50,15990.76
8695,sess_001465,PRODUCT_VIEW,2,2026-08-03 11:22:10,8878.17
8696,sess_001465,ADD_TO_CART,2,2026-08-03 11:22:21,8878.17
8697,sess_001466,PRODUCT_VIEW,17,2026-07-12 11:43:06,23333.68
8698,sess_001466,ADD_TO_CART,17,2026-07-12 11:44:06,23333.68
8699,sess_001466,PRODUCT_VIEW,3,2026-07-12 11:45:31,15751.54
8700,sess_001466,ADD_TO_CART,3,2026-07-12 11:46:09,15751.54
8701,sess_001466,CHECKOUT_START,17,2026-07-12 11:46:42,39085.22
8702,sess_001467,PRODUCT_VIEW,49,2026-07-21 04:10:06,30515.02
8703,sess_001467,ADD_TO_CART,49,2026-07-21 04:10:24,30515.02
8704,sess_001467,PRODUCT_VIEW,7,2026-07-21 04:11:52,23088.42
8705,sess_001467,ADD_TO_CART,7,2026-07-21 04:12:11,23088.42
8706,sess_001467,PRODUCT_VIEW,32,2026-07-21 04:12:31,5145.04
8707,sess_001467,ADD_TO_CART,32,2026-07-21 04:13:11,5145.04
8708,sess_001468,PRODUCT_VIEW,36,2026-07-13 02:07:06,23638.97
8709,sess_001468,ADD_TO_CART,36,2026-07-13 02:07:27,23638.97
8710,sess_001468,PRODUCT_VIEW,10,2026-07-13 02:08:09,8490.19
8711,sess_001468,ADD_TO_CART,10,2026-07-13 02:08:54,8490.19
8712,sess_001468,CHECKOUT_START,36,2026-07-13 02:09:33,32129.160000000003
8713,sess_001469,PRODUCT_VIEW,1,2026-08-03 06:40:06,29947.02
8714,sess_001469,ADD_TO_CART,1,2026-08-03 06:40:33,29947.02
8715,sess_001469,CHECKOUT_START,1,2026-08-03 06:41:04,29947.02
8716,sess_001470,PRODUCT_VIEW,23,2026-07-27 21:09:06,1664.26
8717,sess_001470,ADD_TO_CART,23,2026-07-27 21:09:17,1664.26
8718,sess_001470,PRODUCT_VIEW,43,2026-07-27 21:10:17,24226.27
8719,sess_001470,ADD_TO_CART,43,2026-07-27 21:10:39,24226.27
8720,sess_001470,CHECKOUT_START,23,2026-07-27 21:11:39,25890.53
8721,sess_001471,PRODUCT_VIEW,32,2026-07-13 00:22:06,5145.04
8722,sess_001471,ADD_TO_CART,32,2026-07-13 00:22:54,5145.04
8723,sess_001471,PRODUCT_VIEW,36,2026-07-13 00:24:13,23638.97
8724,sess_001471,ADD_TO_CART,36,2026-07-13 00:24:56,23638.97
8725,sess_001471,PRODUCT_VIEW,3,2026-07-13 00:25:46,15751.54
8726,sess_001471,ADD_TO_CART,3,2026-07-13 00:25:57,15751.54
8727,sess_001471,CHECKOUT_START,32,2026-07-13 00:26:33,44535.55
8728,sess_001472,PRODUCT_VIEW,46,2026-07-10 14:23:06,3997.88
8729,sess_001472,ADD_TO_CART,46,2026-07-10 14:23:35,3997.88
8730,sess_001472,PRODUCT_VIEW,22,2026-07-10 14:24:04,18731.11
8731,sess_001472,ADD_TO_CART,22,2026-07-10 14:24:53,18731.11
8732,sess_001472,PRODUCT_VIEW,16,2026-07-10 14:25:55,1571.54
8733,sess_001472,ADD_TO_CART,16,2026-07-10 14:26:53,1571.54
8734,sess_001473,PRODUCT_VIEW,47,2026-07-23 05:39:06,34979.66
8735,sess_001473,ADD_TO_CART,47,2026-07-23 05:39:51,34979.66
8736,sess_001473,PRODUCT_VIEW,41,2026-07-23 05:40:15,30450.87
8737,sess_001473,ADD_TO_CART,41,2026-07-23 05:40:36,30450.87
8738,sess_001473,PRODUCT_VIEW,9,2026-07-23 05:41:06,33952.76
8739,sess_001473,ADD_TO_CART,9,2026-07-23 05:41:57,33952.76
8740,sess_001474,PRODUCT_VIEW,30,2026-07-14 12:52:06,16078.93
8741,sess_001474,ADD_TO_CART,30,2026-07-14 12:52:53,16078.93
8742,sess_001474,PRODUCT_VIEW,36,2026-07-14 12:53:27,23638.97
8743,sess_001474,ADD_TO_CART,36,2026-07-14 12:54:19,23638.97
8744,sess_001474,CHECKOUT_START,30,2026-07-14 12:54:57,39717.9
8745,sess_001475,PRODUCT_VIEW,22,2026-07-15 10:53:06,18731.11
8746,sess_001475,ADD_TO_CART,22,2026-07-15 10:53:38,18731.11
8747,sess_001475,PRODUCT_VIEW,36,2026-07-15 10:55:01,23638.97
8748,sess_001475,ADD_TO_CART,36,2026-07-15 10:56:01,23638.97
8749,sess_001475,PRODUCT_VIEW,21,2026-07-15 10:57:08,9659.58
8750,sess_001475,ADD_TO_CART,21,2026-07-15 10:57:55,9659.58
8751,sess_001475,CHECKOUT_START,22,2026-07-15 10:59:28,52029.66
8752,sess_001476,PRODUCT_VIEW,45,2026-07-21 00:36:06,13966.49
8753,sess_001476,ADD_TO_CART,45,2026-07-21 00:36:35,13966.49
8754,sess_001476,CHECKOUT_START,45,2026-07-21 00:37:40,13966.49
8755,sess_001477,PRODUCT_VIEW,15,2026-07-15 22:58:06,6095.52
8756,sess_001477,ADD_TO_CART,15,2026-07-15 22:59:04,6095.52
8757,sess_001477,PRODUCT_VIEW,29,2026-07-15 22:59:58,22477.1
8758,sess_001477,ADD_TO_CART,29,2026-07-15 23:00:31,22477.1
8759,sess_001477,CHECKOUT_START,15,2026-07-15 23:01:47,28572.62
8760,sess_001477,PAYMENT_FAILURE,15,2026-07-15 23:03:14,28572.62
8761,sess_001477,PAYMENT_FAILURE,15,2026-07-15 23:03:46,28572.62
8762,sess_001478,PRODUCT_VIEW,20,2026-08-05 17:01:06,7441.9
8763,sess_001478,ADD_TO_CART,20,2026-08-05 17:01:53,7441.9
8764,sess_001479,PRODUCT_VIEW,40,2026-07-30 17:59:06,17551.46
8765,sess_001479,ADD_TO_CART,40,2026-07-30 17:59:34,17551.46
8766,sess_001479,PRODUCT_VIEW,11,2026-07-30 18:00:28,6189.77
8767,sess_001479,ADD_TO_CART,11,2026-07-30 18:00:57,6189.77
8768,sess_001479,PRODUCT_VIEW,41,2026-07-30 18:02:15,30450.87
8769,sess_001479,ADD_TO_CART,41,2026-07-30 18:03:14,30450.87
8770,sess_001479,PRODUCT_VIEW,26,2026-07-30 18:04:37,1741.62
8771,sess_001479,ADD_TO_CART,26,2026-07-30 18:04:58,1741.62
8772,sess_001480,PRODUCT_VIEW,20,2026-07-15 19:49:06,7441.9
8773,sess_001480,ADD_TO_CART,20,2026-07-15 19:49:16,7441.9
8774,sess_001480,PRODUCT_VIEW,33,2026-07-15 19:49:40,10984.48
8775,sess_001480,ADD_TO_CART,33,2026-07-15 19:50:07,10984.48
8776,sess_001480,CHECKOUT_START,20,2026-07-15 19:50:37,18426.379999999997
8777,sess_001481,PRODUCT_VIEW,21,2026-07-28 12:57:06,9659.58
8778,sess_001481,ADD_TO_CART,21,2026-07-28 12:57:50,9659.58
8779,sess_001482,PRODUCT_VIEW,11,2026-08-02 07:36:06,6189.77
8780,sess_001482,ADD_TO_CART,11,2026-08-02 07:36:19,6189.77
8781,sess_001482,PRODUCT_VIEW,24,2026-08-02 07:37:09,15990.76
8782,sess_001482,ADD_TO_CART,24,2026-08-02 07:38:07,15990.76
8783,sess_001482,PRODUCT_VIEW,29,2026-08-02 07:38:54,22477.1
8784,sess_001482,ADD_TO_CART,29,2026-08-02 07:39:18,22477.1
8785,sess_001482,CHECKOUT_START,11,2026-08-02 07:39:56,44657.63
8786,sess_001482,PAYMENT_FAILURE,11,2026-08-02 07:41:05,44657.63
8787,sess_001482,PAYMENT_FAILURE,11,2026-08-02 07:42:25,44657.63
8788,sess_001483,PRODUCT_VIEW,34,2026-07-31 21:48:06,7303.52
8789,sess_001483,ADD_TO_CART,34,2026-07-31 21:48:30,7303.52
8790,sess_001483,PRODUCT_VIEW,25,2026-07-31 21:48:55,11269.93
8791,sess_001483,ADD_TO_CART,25,2026-07-31 21:49:22,11269.93
8792,sess_001484,PRODUCT_VIEW,11,2026-07-10 01:04:06,6189.77
8793,sess_001484,ADD_TO_CART,11,2026-07-10 01:04:26,6189.77
8794,sess_001484,PRODUCT_VIEW,7,2026-07-10 01:06:02,23088.42
8795,sess_001484,ADD_TO_CART,7,2026-07-10 01:06:20,23088.42
8796,sess_001484,PRODUCT_VIEW,32,2026-07-10 01:06:56,5145.04
8797,sess_001484,ADD_TO_CART,32,2026-07-10 01:07:07,5145.04
8798,sess_001484,PRODUCT_VIEW,19,2026-07-10 01:08:05,20611.38
8799,sess_001484,ADD_TO_CART,19,2026-07-10 01:08:20,20611.38
8800,sess_001484,CHECKOUT_START,11,2026-07-10 01:09:32,55034.61
8801,sess_001485,PRODUCT_VIEW,25,2026-07-17 16:24:06,11269.93
8802,sess_001485,ADD_TO_CART,25,2026-07-17 16:24:16,11269.93
8803,sess_001485,PRODUCT_VIEW,39,2026-07-17 16:25:26,33078.06
8804,sess_001485,ADD_TO_CART,39,2026-07-17 16:25:50,33078.06
8805,sess_001485,PRODUCT_VIEW,14,2026-07-17 16:26:26,21714.55
8806,sess_001485,ADD_TO_CART,14,2026-07-17 16:26:58,21714.55
8807,sess_001485,PRODUCT_VIEW,31,2026-07-17 16:27:22,17262.47
8808,sess_001485,ADD_TO_CART,31,2026-07-17 16:27:45,17262.47
8809,sess_001486,PRODUCT_VIEW,3,2026-07-21 12:24:06,15751.54
8810,sess_001486,ADD_TO_CART,3,2026-07-21 12:24:22,15751.54
8811,sess_001486,PRODUCT_VIEW,27,2026-07-21 12:25:56,34536.05
8812,sess_001486,ADD_TO_CART,27,2026-07-21 12:26:09,34536.05
8813,sess_001487,PRODUCT_VIEW,4,2026-07-31 07:55:06,12764.76
8814,sess_001487,ADD_TO_CART,4,2026-07-31 07:55:57,12764.76
8815,sess_001487,CHECKOUT_START,4,2026-07-31 07:56:19,12764.76
8816,sess_001488,PRODUCT_VIEW,46,2026-08-03 18:20:06,3997.88
8817,sess_001488,ADD_TO_CART,46,2026-08-03 18:20:47,3997.88
8818,sess_001488,PRODUCT_VIEW,44,2026-08-03 18:21:15,7783.14
8819,sess_001488,ADD_TO_CART,44,2026-08-03 18:21:57,7783.14
8820,sess_001488,PRODUCT_VIEW,18,2026-08-03 18:23:04,29592.56
8821,sess_001488,ADD_TO_CART,18,2026-08-03 18:23:36,29592.56
8822,sess_001488,PRODUCT_VIEW,45,2026-08-03 18:25:12,13966.49
8823,sess_001488,ADD_TO_CART,45,2026-08-03 18:25:41,13966.49
8824,sess_001489,PRODUCT_VIEW,25,2026-07-13 12:53:06,11269.93
8825,sess_001489,ADD_TO_CART,25,2026-07-13 12:53:57,11269.93
8826,sess_001489,CHECKOUT_START,25,2026-07-13 12:55:37,11269.93
8827,sess_001490,PRODUCT_VIEW,48,2026-07-29 09:34:06,34207.92
8828,sess_001490,ADD_TO_CART,48,2026-07-29 09:34:23,34207.92
8829,sess_001490,CHECKOUT_START,48,2026-07-29 09:36:01,34207.92
8830,sess_001491,PRODUCT_VIEW,46,2026-08-05 01:45:06,3997.88
8831,sess_001491,ADD_TO_CART,46,2026-08-05 01:45:38,3997.88
8832,sess_001491,PRODUCT_VIEW,28,2026-08-05 01:46:20,470.42
8833,sess_001491,ADD_TO_CART,28,2026-08-05 01:47:12,470.42
8834,sess_001491,PRODUCT_VIEW,22,2026-08-05 01:48:32,18731.11
8835,sess_001491,ADD_TO_CART,22,2026-08-05 01:49:23,18731.11
8836,sess_001491,PRODUCT_VIEW,4,2026-08-05 01:50:36,12764.76
8837,sess_001491,ADD_TO_CART,4,2026-08-05 01:50:50,12764.76
8838,sess_001491,CHECKOUT_START,46,2026-08-05 01:51:26,35964.17
8839,sess_001492,PRODUCT_VIEW,27,2026-07-16 02:30:06,34536.05
8840,sess_001492,ADD_TO_CART,27,2026-07-16 02:30:58,34536.05
8841,sess_001493,PRODUCT_VIEW,41,2026-08-05 01:35:06,30450.87
8842,sess_001493,ADD_TO_CART,41,2026-08-05 01:35:17,30450.87
8843,sess_001493,PRODUCT_VIEW,36,2026-08-05 01:36:26,23638.97
8844,sess_001493,ADD_TO_CART,36,2026-08-05 01:37:16,23638.97
8845,sess_001493,PRODUCT_VIEW,44,2026-08-05 01:38:37,7783.14
8846,sess_001493,ADD_TO_CART,44,2026-08-05 01:39:27,7783.14
8847,sess_001493,PRODUCT_VIEW,29,2026-08-05 01:40:41,22477.1
8848,sess_001493,ADD_TO_CART,29,2026-08-05 01:41:04,22477.1
8849,sess_001494,PRODUCT_VIEW,9,2026-07-21 12:29:06,33952.76
8850,sess_001494,ADD_TO_CART,9,2026-07-21 12:29:40,33952.76
8851,sess_001495,PRODUCT_VIEW,39,2026-07-23 21:46:06,33078.06
8852,sess_001495,ADD_TO_CART,39,2026-07-23 21:46:28,33078.06
8853,sess_001495,PRODUCT_VIEW,20,2026-07-23 21:46:50,7441.9
8854,sess_001495,ADD_TO_CART,20,2026-07-23 21:47:02,7441.9
8855,sess_001496,PRODUCT_VIEW,45,2026-07-09 16:14:06,13966.49
8856,sess_001496,ADD_TO_CART,45,2026-07-09 16:14:29,13966.49
8857,sess_001496,PRODUCT_VIEW,5,2026-07-09 16:15:07,5973.44
8858,sess_001496,ADD_TO_CART,5,2026-07-09 16:15:33,5973.44
8859,sess_001496,CHECKOUT_START,45,2026-07-09 16:16:48,19939.93
8860,sess_001497,PRODUCT_VIEW,32,2026-07-23 06:21:06,5145.04
8861,sess_001497,ADD_TO_CART,32,2026-07-23 06:21:58,5145.04
8862,sess_001498,PRODUCT_VIEW,7,2026-08-05 12:59:06,23088.42
8863,sess_001498,ADD_TO_CART,7,2026-08-05 13:00:05,23088.42
8864,sess_001498,CHECKOUT_START,7,2026-08-05 13:01:00,23088.42
8865,sess_001498,PAYMENT_FAILURE,7,2026-08-05 13:02:12,23088.42
8866,sess_001498,PAYMENT_FAILURE,7,2026-08-05 13:03:37,23088.42
8867,sess_001498,PAYMENT_FAILURE,7,2026-08-05 13:04:08,23088.42
8868,sess_001499,PRODUCT_VIEW,10,2026-07-29 18:21:06,8490.19
8869,sess_001499,ADD_TO_CART,10,2026-07-29 18:21:47,8490.19
8870,sess_001499,CHECKOUT_START,10,2026-07-29 18:22:30,8490.19
8871,sess_001499,PAYMENT_FAILURE,10,2026-07-29 18:23:17,8490.19
8872,sess_001499,PAYMENT_FAILURE,10,2026-07-29 18:24:07,8490.19
8873,sess_001500,PRODUCT_VIEW,27,2026-07-08 12:09:06,34536.05
8874,sess_001500,ADD_TO_CART,27,2026-07-08 12:09:48,34536.05
8875,sess_001500,PRODUCT_VIEW,17,2026-07-08 12:10:45,23333.68
8876,sess_001500,ADD_TO_CART,17,2026-07-08 12:11:32,23333.68
8877,sess_001500,PRODUCT_VIEW,34,2026-07-08 12:12:46,7303.52
8878,sess_001500,ADD_TO_CART,34,2026-07-08 12:13:06,7303.52
8879,sess_001500,PRODUCT_VIEW,29,2026-07-08 12:13:47,22477.1
8880,sess_001500,ADD_TO_CART,29,2026-07-08 12:14:14,22477.1
8881,sess_001500,CHECKOUT_START,27,2026-07-08 12:15:47,87650.35
8882,sess_001501,PRODUCT_VIEW,1,2026-07-29 10:44:06,29947.02
8883,sess_001501,ADD_TO_CART,1,2026-07-29 10:44:24,29947.02
8884,sess_001501,PRODUCT_VIEW,27,2026-07-29 10:45:56,34536.05
8885,sess_001501,ADD_TO_CART,27,2026-07-29 10:46:32,34536.05
8886,sess_001501,PRODUCT_VIEW,38,2026-07-29 10:47:33,24333.81
8887,sess_001501,ADD_TO_CART,38,2026-07-29 10:48:07,24333.81
8888,sess_001502,PRODUCT_VIEW,46,2026-07-25 20:19:06,3997.88
8889,sess_001502,ADD_TO_CART,46,2026-07-25 20:19:30,3997.88
8890,sess_001502,PRODUCT_VIEW,32,2026-07-25 20:20:30,5145.04
8891,sess_001502,ADD_TO_CART,32,2026-07-25 20:21:24,5145.04
8892,sess_001502,PRODUCT_VIEW,12,2026-07-25 20:21:46,11993.35
8893,sess_001502,ADD_TO_CART,12,2026-07-25 20:22:35,11993.35
8894,sess_001502,PRODUCT_VIEW,39,2026-07-25 20:23:51,33078.06
8895,sess_001502,ADD_TO_CART,39,2026-07-25 20:24:38,33078.06
8896,sess_001503,PRODUCT_VIEW,12,2026-08-03 04:59:06,11993.35
8897,sess_001503,ADD_TO_CART,12,2026-08-03 04:59:25,11993.35
8898,sess_001503,CHECKOUT_START,12,2026-08-03 05:00:10,11993.35
8899,sess_001503,PAYMENT_FAILURE,12,2026-08-03 05:00:58,11993.35
8900,sess_001503,PAYMENT_FAILURE,12,2026-08-03 05:02:25,11993.35
8901,sess_001504,PRODUCT_VIEW,34,2026-07-23 05:16:06,7303.52
8902,sess_001504,ADD_TO_CART,34,2026-07-23 05:16:34,7303.52
8903,sess_001504,CHECKOUT_START,34,2026-07-23 05:17:00,7303.52
8904,sess_001505,PRODUCT_VIEW,50,2026-07-29 09:10:06,19975.03
8905,sess_001505,ADD_TO_CART,50,2026-07-29 09:10:28,19975.03
8906,sess_001505,PRODUCT_VIEW,16,2026-07-29 09:11:44,1571.54
8907,sess_001505,ADD_TO_CART,16,2026-07-29 09:12:35,1571.54
8908,sess_001506,PRODUCT_VIEW,26,2026-07-09 11:09:06,1741.62
8909,sess_001506,ADD_TO_CART,26,2026-07-09 11:09:28,1741.62
8910,sess_001506,CHECKOUT_START,26,2026-07-09 11:10:40,1741.62
8911,sess_001507,PRODUCT_VIEW,2,2026-08-07 20:46:06,8878.17
8912,sess_001507,ADD_TO_CART,2,2026-08-07 20:47:02,8878.17
8913,sess_001507,PRODUCT_VIEW,4,2026-08-07 20:48:28,12764.76
8914,sess_001507,ADD_TO_CART,4,2026-08-07 20:48:56,12764.76
8915,sess_001508,PRODUCT_VIEW,28,2026-07-08 06:05:06,470.42
8916,sess_001508,ADD_TO_CART,28,2026-07-08 06:05:59,470.42
8917,sess_001508,PRODUCT_VIEW,29,2026-07-08 06:07:32,22477.1
8918,sess_001508,ADD_TO_CART,29,2026-07-08 06:08:06,22477.1
8919,sess_001509,PRODUCT_VIEW,22,2026-07-15 02:51:06,18731.11
8920,sess_001509,ADD_TO_CART,22,2026-07-15 02:51:56,18731.11
8921,sess_001509,CHECKOUT_START,22,2026-07-15 02:52:48,18731.11
8922,sess_001509,PAYMENT_FAILURE,22,2026-07-15 02:53:56,18731.11
8923,sess_001509,PAYMENT_FAILURE,22,2026-07-15 02:55:24,18731.11
8924,sess_001509,PAYMENT_FAILURE,22,2026-07-15 02:56:12,18731.11
8925,sess_001510,PRODUCT_VIEW,17,2026-07-25 15:04:06,23333.68
8926,sess_001510,ADD_TO_CART,17,2026-07-25 15:04:39,23333.68
8927,sess_001510,PRODUCT_VIEW,40,2026-07-25 15:05:10,17551.46
8928,sess_001510,ADD_TO_CART,40,2026-07-25 15:05:56,17551.46
8929,sess_001510,CHECKOUT_START,17,2026-07-25 15:06:43,40885.14
8930,sess_001511,PRODUCT_VIEW,23,2026-07-28 14:40:06,1664.26
8931,sess_001511,ADD_TO_CART,23,2026-07-28 14:41:01,1664.26
8932,sess_001511,PRODUCT_VIEW,34,2026-07-28 14:41:28,7303.52
8933,sess_001511,ADD_TO_CART,34,2026-07-28 14:42:12,7303.52
8934,sess_001511,PRODUCT_VIEW,46,2026-07-28 14:42:38,3997.88
8935,sess_001511,ADD_TO_CART,46,2026-07-28 14:43:01,3997.88
8936,sess_001511,PRODUCT_VIEW,45,2026-07-28 14:44:28,13966.49
8937,sess_001511,ADD_TO_CART,45,2026-07-28 14:45:24,13966.49
8938,sess_001512,PRODUCT_VIEW,16,2026-08-05 22:32:06,1571.54
8939,sess_001512,ADD_TO_CART,16,2026-08-05 22:32:41,1571.54
8940,sess_001512,PRODUCT_VIEW,5,2026-08-05 22:33:50,5973.44
8941,sess_001512,ADD_TO_CART,5,2026-08-05 22:34:32,5973.44
8942,sess_001512,PRODUCT_VIEW,23,2026-08-05 22:35:35,1664.26
8943,sess_001512,ADD_TO_CART,23,2026-08-05 22:35:49,1664.26
8944,sess_001513,PRODUCT_VIEW,30,2026-07-22 02:35:06,16078.93
8945,sess_001513,ADD_TO_CART,30,2026-07-22 02:35:48,16078.93
8946,sess_001513,PRODUCT_VIEW,21,2026-07-22 02:36:14,9659.58
8947,sess_001513,ADD_TO_CART,21,2026-07-22 02:36:36,9659.58
8948,sess_001513,PRODUCT_VIEW,23,2026-07-22 02:37:01,1664.26
8949,sess_001513,ADD_TO_CART,23,2026-07-22 02:37:50,1664.26
8950,sess_001513,CHECKOUT_START,30,2026-07-22 02:38:11,27402.77
8951,sess_001514,PRODUCT_VIEW,3,2026-08-04 08:00:06,15751.54
8952,sess_001514,ADD_TO_CART,3,2026-08-04 08:00:18,15751.54
8953,sess_001514,PRODUCT_VIEW,6,2026-08-04 08:00:57,33938.58
8954,sess_001514,ADD_TO_CART,6,2026-08-04 08:01:36,33938.58
8955,sess_001514,PRODUCT_VIEW,39,2026-08-04 08:02:09,33078.06
8956,sess_001514,ADD_TO_CART,39,2026-08-04 08:02:44,33078.06
8957,sess_001515,PRODUCT_VIEW,34,2026-08-05 20:59:06,7303.52
8958,sess_001515,ADD_TO_CART,34,2026-08-05 20:59:52,7303.52
8959,sess_001515,PRODUCT_VIEW,28,2026-08-05 21:01:25,470.42
8960,sess_001515,ADD_TO_CART,28,2026-08-05 21:02:05,470.42
8961,sess_001515,PRODUCT_VIEW,8,2026-08-05 21:03:14,27139.29
8962,sess_001515,ADD_TO_CART,8,2026-08-05 21:03:52,27139.29
8963,sess_001515,PRODUCT_VIEW,6,2026-08-05 21:04:57,33938.58
8964,sess_001515,ADD_TO_CART,6,2026-08-05 21:05:44,33938.58
8965,sess_001515,CHECKOUT_START,34,2026-08-05 21:07:10,68851.81
8966,sess_001516,PRODUCT_VIEW,22,2026-07-23 23:12:06,18731.11
8967,sess_001516,ADD_TO_CART,22,2026-07-23 23:12:50,18731.11
8968,sess_001516,CHECKOUT_START,22,2026-07-23 23:13:36,18731.11
8969,sess_001517,PRODUCT_VIEW,35,2026-07-27 10:13:06,33955.92
8970,sess_001517,ADD_TO_CART,35,2026-07-27 10:13:31,33955.92
8971,sess_001517,PRODUCT_VIEW,24,2026-07-27 10:14:37,15990.76
8972,sess_001517,ADD_TO_CART,24,2026-07-27 10:15:02,15990.76
8973,sess_001518,PRODUCT_VIEW,50,2026-07-26 02:07:06,19975.03
8974,sess_001518,ADD_TO_CART,50,2026-07-26 02:07:51,19975.03
8975,sess_001518,PRODUCT_VIEW,45,2026-07-26 02:08:16,13966.49
8976,sess_001518,ADD_TO_CART,45,2026-07-26 02:08:30,13966.49
8977,sess_001518,PRODUCT_VIEW,31,2026-07-26 02:09:32,17262.47
8978,sess_001518,ADD_TO_CART,31,2026-07-26 02:10:16,17262.47
8979,sess_001518,PRODUCT_VIEW,22,2026-07-26 02:11:10,18731.11
8980,sess_001518,ADD_TO_CART,22,2026-07-26 02:11:47,18731.11
8981,sess_001519,PRODUCT_VIEW,12,2026-08-03 07:02:06,11993.35
8982,sess_001519,ADD_TO_CART,12,2026-08-03 07:02:43,11993.35
8983,sess_001519,PRODUCT_VIEW,31,2026-08-03 07:04:18,17262.47
8984,sess_001519,ADD_TO_CART,31,2026-08-03 07:05:03,17262.47
8985,sess_001519,PRODUCT_VIEW,49,2026-08-03 07:05:51,30515.02
8986,sess_001519,ADD_TO_CART,49,2026-08-03 07:06:17,30515.02
8987,sess_001519,PRODUCT_VIEW,25,2026-08-03 07:07:17,11269.93
8988,sess_001519,ADD_TO_CART,25,2026-08-03 07:07:31,11269.93
8989,sess_001519,CHECKOUT_START,12,2026-08-03 07:08:38,71040.76999999999
8990,sess_001520,PRODUCT_VIEW,7,2026-07-11 06:57:06,23088.42
8991,sess_001520,ADD_TO_CART,7,2026-07-11 06:57:45,23088.42
8992,sess_001520,PRODUCT_VIEW,16,2026-07-11 06:58:29,1571.54
8993,sess_001520,ADD_TO_CART,16,2026-07-11 06:58:39,1571.54
8994,sess_001520,PRODUCT_VIEW,1,2026-07-11 07:00:07,29947.02
8995,sess_001520,ADD_TO_CART,1,2026-07-11 07:00:53,29947.02
8996,sess_001520,PRODUCT_VIEW,35,2026-07-11 07:02:13,33955.92
8997,sess_001520,ADD_TO_CART,35,2026-07-11 07:02:31,33955.92
8998,sess_001521,PRODUCT_VIEW,8,2026-07-23 08:24:06,27139.29
8999,sess_001521,ADD_TO_CART,8,2026-07-23 08:25:04,27139.29
9000,sess_001521,CHECKOUT_START,8,2026-07-23 08:26:28,27139.29
9001,sess_001522,PRODUCT_VIEW,6,2026-07-22 11:19:06,33938.58
9002,sess_001522,ADD_TO_CART,6,2026-07-22 11:19:25,33938.58
9003,sess_001522,PRODUCT_VIEW,10,2026-07-22 11:20:20,8490.19
9004,sess_001522,ADD_TO_CART,10,2026-07-22 11:20:39,8490.19
9005,sess_001522,PRODUCT_VIEW,5,2026-07-22 11:21:23,5973.44
9006,sess_001522,ADD_TO_CART,5,2026-07-22 11:21:51,5973.44
9007,sess_001522,PRODUCT_VIEW,4,2026-07-22 11:22:48,12764.76
9008,sess_001522,ADD_TO_CART,4,2026-07-22 11:23:29,12764.76
9009,sess_001522,CHECKOUT_START,6,2026-07-22 11:24:16,61166.97000000001
9010,sess_001522,PAYMENT_FAILURE,6,2026-07-22 11:25:42,61166.97000000001
9011,sess_001523,PRODUCT_VIEW,8,2026-07-12 01:01:06,27139.29
9012,sess_001523,ADD_TO_CART,8,2026-07-12 01:01:46,27139.29
9013,sess_001523,PRODUCT_VIEW,44,2026-07-12 01:02:19,7783.14
9014,sess_001523,ADD_TO_CART,44,2026-07-12 01:02:53,7783.14
9015,sess_001523,PRODUCT_VIEW,38,2026-07-12 01:03:59,24333.81
9016,sess_001523,ADD_TO_CART,38,2026-07-12 01:04:54,24333.81
9017,sess_001523,PRODUCT_VIEW,41,2026-07-12 01:06:32,30450.87
9018,sess_001523,ADD_TO_CART,41,2026-07-12 01:07:09,30450.87
9019,sess_001523,CHECKOUT_START,8,2026-07-12 01:08:13,89707.11
9020,sess_001524,PRODUCT_VIEW,34,2026-07-29 23:14:06,7303.52
9021,sess_001524,ADD_TO_CART,34,2026-07-29 23:15:05,7303.52
9022,sess_001524,PRODUCT_VIEW,16,2026-07-29 23:15:59,1571.54
9023,sess_001524,ADD_TO_CART,16,2026-07-29 23:16:10,1571.54
9024,sess_001524,PRODUCT_VIEW,13,2026-07-29 23:16:32,15251.23
9025,sess_001524,ADD_TO_CART,13,2026-07-29 23:17:21,15251.23
9026,sess_001524,PRODUCT_VIEW,19,2026-07-29 23:18:27,20611.38
9027,sess_001524,ADD_TO_CART,19,2026-07-29 23:18:46,20611.38
9028,sess_001525,PRODUCT_VIEW,9,2026-07-16 12:11:06,33952.76
9029,sess_001525,ADD_TO_CART,9,2026-07-16 12:11:53,33952.76
9030,sess_001525,PRODUCT_VIEW,6,2026-07-16 12:12:22,33938.58
9031,sess_001525,ADD_TO_CART,6,2026-07-16 12:13:20,33938.58
9032,sess_001525,CHECKOUT_START,9,2026-07-16 12:14:13,67891.34
9033,sess_001526,PRODUCT_VIEW,49,2026-07-16 14:55:06,30515.02
9034,sess_001526,ADD_TO_CART,49,2026-07-16 14:55:23,30515.02
9035,sess_001526,CHECKOUT_START,49,2026-07-16 14:56:25,30515.02
9036,sess_001527,PRODUCT_VIEW,46,2026-07-15 00:40:06,3997.88
9037,sess_001527,ADD_TO_CART,46,2026-07-15 00:40:17,3997.88
9038,sess_001527,PRODUCT_VIEW,10,2026-07-15 00:41:41,8490.19
9039,sess_001527,ADD_TO_CART,10,2026-07-15 00:41:53,8490.19
9040,sess_001527,PRODUCT_VIEW,27,2026-07-15 00:42:30,34536.05
9041,sess_001527,ADD_TO_CART,27,2026-07-15 00:43:05,34536.05
9042,sess_001527,PRODUCT_VIEW,1,2026-07-15 00:44:09,29947.02
9043,sess_001527,ADD_TO_CART,1,2026-07-15 00:44:54,29947.02
9044,sess_001527,CHECKOUT_START,46,2026-07-15 00:46:27,76971.14
9045,sess_001528,PRODUCT_VIEW,15,2026-07-28 04:13:06,6095.52
9046,sess_001528,ADD_TO_CART,15,2026-07-28 04:13:34,6095.52
9047,sess_001528,PRODUCT_VIEW,21,2026-07-28 04:14:58,9659.58
9048,sess_001528,ADD_TO_CART,21,2026-07-28 04:15:40,9659.58
9049,sess_001529,PRODUCT_VIEW,17,2026-07-29 05:09:06,23333.68
9050,sess_001529,ADD_TO_CART,17,2026-07-29 05:09:40,23333.68
9051,sess_001529,CHECKOUT_START,17,2026-07-29 05:10:31,23333.68
9052,sess_001530,PRODUCT_VIEW,2,2026-07-29 01:27:06,8878.17
9053,sess_001530,ADD_TO_CART,2,2026-07-29 01:27:21,8878.17
9054,sess_001530,PRODUCT_VIEW,14,2026-07-29 01:28:44,21714.55
9055,sess_001530,ADD_TO_CART,14,2026-07-29 01:29:38,21714.55
9056,sess_001531,PRODUCT_VIEW,17,2026-07-14 06:56:06,23333.68
9057,sess_001531,ADD_TO_CART,17,2026-07-14 06:57:02,23333.68
9058,sess_001531,PRODUCT_VIEW,38,2026-07-14 06:58:25,24333.81
9059,sess_001531,ADD_TO_CART,38,2026-07-14 06:59:17,24333.81
9060,sess_001531,PRODUCT_VIEW,11,2026-07-14 06:59:53,6189.77
9061,sess_001531,ADD_TO_CART,11,2026-07-14 07:00:21,6189.77
9062,sess_001531,CHECKOUT_START,17,2026-07-14 07:00:41,53857.26000000001
9063,sess_001532,PRODUCT_VIEW,21,2026-08-06 21:41:06,9659.58
9064,sess_001532,ADD_TO_CART,21,2026-08-06 21:41:21,9659.58
9065,sess_001532,CHECKOUT_START,21,2026-08-06 21:42:56,9659.58
9066,sess_001533,PRODUCT_VIEW,47,2026-08-03 07:43:06,34979.66
9067,sess_001533,ADD_TO_CART,47,2026-08-03 07:43:57,34979.66
9068,sess_001533,PRODUCT_VIEW,4,2026-08-03 07:44:42,12764.76
9069,sess_001533,ADD_TO_CART,4,2026-08-03 07:45:07,12764.76
9070,sess_001533,CHECKOUT_START,47,2026-08-03 07:46:07,47744.420000000006
9071,sess_001534,PRODUCT_VIEW,47,2026-08-07 21:34:06,34979.66
9072,sess_001534,ADD_TO_CART,47,2026-08-07 21:34:18,34979.66
9073,sess_001535,PRODUCT_VIEW,12,2026-08-05 00:30:06,11993.35
9074,sess_001535,ADD_TO_CART,12,2026-08-05 00:30:49,11993.35
9075,sess_001536,PRODUCT_VIEW,17,2026-07-10 04:08:06,23333.68
9076,sess_001536,ADD_TO_CART,17,2026-07-10 04:09:01,23333.68
9077,sess_001536,CHECKOUT_START,17,2026-07-10 04:09:49,23333.68
9078,sess_001537,PRODUCT_VIEW,33,2026-07-14 10:22:06,10984.48
9079,sess_001537,ADD_TO_CART,33,2026-07-14 10:23:06,10984.48
9080,sess_001537,CHECKOUT_START,33,2026-07-14 10:23:36,10984.48
9081,sess_001538,PRODUCT_VIEW,1,2026-07-11 05:06:06,29947.02
9082,sess_001538,ADD_TO_CART,1,2026-07-11 05:06:20,29947.02
9083,sess_001538,PRODUCT_VIEW,23,2026-07-11 05:06:51,1664.26
9084,sess_001538,ADD_TO_CART,23,2026-07-11 05:07:03,1664.26
9085,sess_001538,PRODUCT_VIEW,46,2026-07-11 05:08:07,3997.88
9086,sess_001538,ADD_TO_CART,46,2026-07-11 05:09:00,3997.88
9087,sess_001538,PRODUCT_VIEW,15,2026-07-11 05:10:30,6095.52
9088,sess_001538,ADD_TO_CART,15,2026-07-11 05:10:53,6095.52
9089,sess_001538,CHECKOUT_START,1,2026-07-11 05:11:44,41704.67999999999
9090,sess_001539,PRODUCT_VIEW,7,2026-07-24 03:30:06,23088.42
9091,sess_001539,ADD_TO_CART,7,2026-07-24 03:30:53,23088.42
9092,sess_001539,PRODUCT_VIEW,36,2026-07-24 03:31:28,23638.97
9093,sess_001539,ADD_TO_CART,36,2026-07-24 03:32:25,23638.97
9094,sess_001539,CHECKOUT_START,7,2026-07-24 03:33:24,46727.39
9095,sess_001540,PRODUCT_VIEW,28,2026-07-25 12:28:06,470.42
9096,sess_001540,ADD_TO_CART,28,2026-07-25 12:28:48,470.42
9097,sess_001540,PRODUCT_VIEW,31,2026-07-25 12:30:11,17262.47
9098,sess_001540,ADD_TO_CART,31,2026-07-25 12:30:51,17262.47
9099,sess_001540,PRODUCT_VIEW,45,2026-07-25 12:32:01,13966.49
9100,sess_001540,ADD_TO_CART,45,2026-07-25 12:32:19,13966.49
9101,sess_001540,PRODUCT_VIEW,7,2026-07-25 12:33:46,23088.42
9102,sess_001540,ADD_TO_CART,7,2026-07-25 12:34:30,23088.42
9103,sess_001540,CHECKOUT_START,28,2026-07-25 12:35:17,54787.799999999996
9104,sess_001541,PRODUCT_VIEW,12,2026-08-05 02:17:06,11993.35
9105,sess_001541,ADD_TO_CART,12,2026-08-05 02:17:43,11993.35
9106,sess_001541,PRODUCT_VIEW,38,2026-08-05 02:18:58,24333.81
9107,sess_001541,ADD_TO_CART,38,2026-08-05 02:19:36,24333.81
9108,sess_001541,PRODUCT_VIEW,11,2026-08-05 02:21:01,6189.77
9109,sess_001541,ADD_TO_CART,11,2026-08-05 02:21:55,6189.77
9110,sess_001541,PRODUCT_VIEW,28,2026-08-05 02:23:20,470.42
9111,sess_001541,ADD_TO_CART,28,2026-08-05 02:23:30,470.42
9112,sess_001541,CHECKOUT_START,12,2026-08-05 02:25:02,42987.350000000006
9113,sess_001542,PRODUCT_VIEW,19,2026-07-08 11:08:06,20611.38
9114,sess_001542,ADD_TO_CART,19,2026-07-08 11:08:52,20611.38
9115,sess_001542,PRODUCT_VIEW,38,2026-07-08 11:10:20,24333.81
9116,sess_001542,ADD_TO_CART,38,2026-07-08 11:10:36,24333.81
9117,sess_001542,PRODUCT_VIEW,16,2026-07-08 11:11:13,1571.54
9118,sess_001542,ADD_TO_CART,16,2026-07-08 11:11:43,1571.54
9119,sess_001542,PRODUCT_VIEW,21,2026-07-08 11:12:46,9659.58
9120,sess_001542,ADD_TO_CART,21,2026-07-08 11:13:35,9659.58
9121,sess_001542,CHECKOUT_START,19,2026-07-08 11:14:56,56176.310000000005
9122,sess_001542,PAYMENT_FAILURE,19,2026-07-08 11:15:56,56176.310000000005
9123,sess_001543,PRODUCT_VIEW,48,2026-07-29 23:46:06,34207.92
9124,sess_001543,ADD_TO_CART,48,2026-07-29 23:46:36,34207.92
9125,sess_001543,PRODUCT_VIEW,35,2026-07-29 23:46:59,33955.92
9126,sess_001543,ADD_TO_CART,35,2026-07-29 23:47:13,33955.92
9127,sess_001543,PRODUCT_VIEW,2,2026-07-29 23:48:10,8878.17
9128,sess_001543,ADD_TO_CART,2,2026-07-29 23:48:27,8878.17
9129,sess_001543,CHECKOUT_START,48,2026-07-29 23:49:43,77042.01
9130,sess_001544,PRODUCT_VIEW,35,2026-08-05 19:53:06,33955.92
9131,sess_001544,ADD_TO_CART,35,2026-08-05 19:53:50,33955.92
9132,sess_001544,CHECKOUT_START,35,2026-08-05 19:55:06,33955.92
9133,sess_001545,PRODUCT_VIEW,50,2026-07-25 23:17:06,19975.03
9134,sess_001545,ADD_TO_CART,50,2026-07-25 23:18:01,19975.03
9135,sess_001545,PRODUCT_VIEW,3,2026-07-25 23:19:38,15751.54
9136,sess_001545,ADD_TO_CART,3,2026-07-25 23:19:59,15751.54
9137,sess_001545,PRODUCT_VIEW,1,2026-07-25 23:20:52,29947.02
9138,sess_001545,ADD_TO_CART,1,2026-07-25 23:21:19,29947.02
9139,sess_001546,PRODUCT_VIEW,42,2026-07-12 07:51:06,1353.46
9140,sess_001546,ADD_TO_CART,42,2026-07-12 07:52:05,1353.46
9141,sess_001546,PRODUCT_VIEW,2,2026-07-12 07:52:43,8878.17
9142,sess_001546,ADD_TO_CART,2,2026-07-12 07:53:30,8878.17
9143,sess_001546,CHECKOUT_START,42,2026-07-12 07:54:15,10231.630000000001
9144,sess_001546,PAYMENT_FAILURE,42,2026-07-12 07:54:46,10231.630000000001
9145,sess_001546,PAYMENT_FAILURE,42,2026-07-12 07:55:23,10231.630000000001
9146,sess_001546,PAYMENT_FAILURE,42,2026-07-12 07:55:59,10231.630000000001
9147,sess_001547,PRODUCT_VIEW,11,2026-07-18 07:19:06,6189.77
9148,sess_001547,ADD_TO_CART,11,2026-07-18 07:19:17,6189.77
9149,sess_001547,PRODUCT_VIEW,37,2026-07-18 07:20:28,30424.4
9150,sess_001547,ADD_TO_CART,37,2026-07-18 07:21:20,30424.4
9151,sess_001547,PRODUCT_VIEW,49,2026-07-18 07:22:56,30515.02
9152,sess_001547,ADD_TO_CART,49,2026-07-18 07:23:28,30515.02
9153,sess_001547,CHECKOUT_START,11,2026-07-18 07:24:07,67129.19
9154,sess_001548,PRODUCT_VIEW,25,2026-07-19 17:26:06,11269.93
9155,sess_001548,ADD_TO_CART,25,2026-07-19 17:26:26,11269.93
9156,sess_001549,PRODUCT_VIEW,45,2026-07-30 18:44:06,13966.49
9157,sess_001549,ADD_TO_CART,45,2026-07-30 18:44:39,13966.49
9158,sess_001549,PRODUCT_VIEW,37,2026-07-30 18:45:29,30424.4
9159,sess_001549,ADD_TO_CART,37,2026-07-30 18:46:09,30424.4
9160,sess_001549,PRODUCT_VIEW,29,2026-07-30 18:47:05,22477.1
9161,sess_001549,ADD_TO_CART,29,2026-07-30 18:47:16,22477.1
9162,sess_001549,CHECKOUT_START,45,2026-07-30 18:48:17,66867.98999999999
9163,sess_001550,PRODUCT_VIEW,4,2026-07-26 01:59:06,12764.76
9164,sess_001550,ADD_TO_CART,4,2026-07-26 01:59:50,12764.76
9165,sess_001550,PRODUCT_VIEW,47,2026-07-26 02:01:13,34979.66
9166,sess_001550,ADD_TO_CART,47,2026-07-26 02:02:13,34979.66
9167,sess_001550,PRODUCT_VIEW,25,2026-07-26 02:02:59,11269.93
9168,sess_001550,ADD_TO_CART,25,2026-07-26 02:03:32,11269.93
9169,sess_001550,CHECKOUT_START,4,2026-07-26 02:04:30,59014.350000000006
9170,sess_001550,PAYMENT_FAILURE,4,2026-07-26 02:05:16,59014.350000000006
9171,sess_001550,PAYMENT_FAILURE,4,2026-07-26 02:06:46,59014.350000000006
9172,sess_001551,PRODUCT_VIEW,33,2026-07-26 02:15:06,10984.48
9173,sess_001551,ADD_TO_CART,33,2026-07-26 02:16:03,10984.48
9174,sess_001551,PRODUCT_VIEW,13,2026-07-26 02:16:57,15251.23
9175,sess_001551,ADD_TO_CART,13,2026-07-26 02:17:39,15251.23
9176,sess_001551,PRODUCT_VIEW,43,2026-07-26 02:18:24,24226.27
9177,sess_001551,ADD_TO_CART,43,2026-07-26 02:19:24,24226.27
9178,sess_001551,CHECKOUT_START,33,2026-07-26 02:20:21,50461.979999999996
9179,sess_001552,PRODUCT_VIEW,28,2026-07-21 09:59:06,470.42
9180,sess_001552,ADD_TO_CART,28,2026-07-21 09:59:35,470.42
9181,sess_001552,PRODUCT_VIEW,26,2026-07-21 10:01:01,1741.62
9182,sess_001552,ADD_TO_CART,26,2026-07-21 10:01:31,1741.62
9183,sess_001552,CHECKOUT_START,28,2026-07-21 10:02:21,2212.04
9184,sess_001553,PRODUCT_VIEW,50,2026-07-24 00:28:06,19975.03
9185,sess_001553,ADD_TO_CART,50,2026-07-24 00:28:58,19975.03
9186,sess_001553,PRODUCT_VIEW,40,2026-07-24 00:29:50,17551.46
9187,sess_001553,ADD_TO_CART,40,2026-07-24 00:30:19,17551.46
9188,sess_001553,PRODUCT_VIEW,36,2026-07-24 00:31:10,23638.97
9189,sess_001553,ADD_TO_CART,36,2026-07-24 00:32:06,23638.97
9190,sess_001553,PRODUCT_VIEW,14,2026-07-24 00:33:21,21714.55
9191,sess_001553,ADD_TO_CART,14,2026-07-24 00:34:09,21714.55
9192,sess_001553,CHECKOUT_START,50,2026-07-24 00:35:12,82880.01
9193,sess_001554,PRODUCT_VIEW,35,2026-07-15 14:12:06,33955.92
9194,sess_001554,ADD_TO_CART,35,2026-07-15 14:12:41,33955.92
9195,sess_001554,PRODUCT_VIEW,18,2026-07-15 14:14:00,29592.56
9196,sess_001554,ADD_TO_CART,18,2026-07-15 14:14:20,29592.56
9197,sess_001554,CHECKOUT_START,35,2026-07-15 14:14:41,63548.479999999996
9198,sess_001554,PAYMENT_FAILURE,35,2026-07-15 14:15:14,63548.479999999996
9199,sess_001555,PRODUCT_VIEW,48,2026-08-06 00:50:06,34207.92
9200,sess_001555,ADD_TO_CART,48,2026-08-06 00:50:25,34207.92
9201,sess_001555,PRODUCT_VIEW,32,2026-08-06 00:52:00,5145.04
9202,sess_001555,ADD_TO_CART,32,2026-08-06 00:52:30,5145.04
9203,sess_001556,PRODUCT_VIEW,23,2026-07-25 19:55:06,1664.26
9204,sess_001556,ADD_TO_CART,23,2026-07-25 19:55:18,1664.26
9205,sess_001556,CHECKOUT_START,23,2026-07-25 19:55:54,1664.26
9206,sess_001557,PRODUCT_VIEW,14,2026-07-17 18:19:06,21714.55
9207,sess_001557,ADD_TO_CART,14,2026-07-17 18:19:20,21714.55
9208,sess_001557,PRODUCT_VIEW,22,2026-07-17 18:19:57,18731.11
9209,sess_001557,ADD_TO_CART,22,2026-07-17 18:20:36,18731.11
9210,sess_001557,PRODUCT_VIEW,15,2026-07-17 18:22:12,6095.52
9211,sess_001557,ADD_TO_CART,15,2026-07-17 18:22:38,6095.52
9212,sess_001557,CHECKOUT_START,14,2026-07-17 18:23:27,46541.18000000001
9213,sess_001558,PRODUCT_VIEW,43,2026-08-05 21:12:06,24226.27
9214,sess_001558,ADD_TO_CART,43,2026-08-05 21:12:52,24226.27
9215,sess_001558,PRODUCT_VIEW,23,2026-08-05 21:13:15,1664.26
9216,sess_001558,ADD_TO_CART,23,2026-08-05 21:13:42,1664.26
9217,sess_001558,CHECKOUT_START,43,2026-08-05 21:14:23,25890.53
9218,sess_001559,PRODUCT_VIEW,8,2026-07-30 19:32:06,27139.29
9219,sess_001559,ADD_TO_CART,8,2026-07-30 19:32:49,27139.29
9220,sess_001559,PRODUCT_VIEW,45,2026-07-30 19:33:55,13966.49
9221,sess_001559,ADD_TO_CART,45,2026-07-30 19:34:36,13966.49
9222,sess_001559,PRODUCT_VIEW,4,2026-07-30 19:35:24,12764.76
9223,sess_001559,ADD_TO_CART,4,2026-07-30 19:36:07,12764.76
9224,sess_001559,CHECKOUT_START,8,2026-07-30 19:36:51,53870.54
9225,sess_001560,PRODUCT_VIEW,38,2026-07-08 21:53:06,24333.81
9226,sess_001560,ADD_TO_CART,38,2026-07-08 21:53:30,24333.81
9227,sess_001560,CHECKOUT_START,38,2026-07-08 21:54:31,24333.81
9228,sess_001560,PAYMENT_FAILURE,38,2026-07-08 21:55:07,24333.81
9229,sess_001560,PAYMENT_FAILURE,38,2026-07-08 21:55:42,24333.81
9230,sess_001560,PAYMENT_FAILURE,38,2026-07-08 21:56:42,24333.81
9231,sess_001561,PRODUCT_VIEW,45,2026-07-14 01:16:06,13966.49
9232,sess_001561,ADD_TO_CART,45,2026-07-14 01:16:24,13966.49
9233,sess_001561,PRODUCT_VIEW,3,2026-07-14 01:17:44,15751.54
9234,sess_001561,ADD_TO_CART,3,2026-07-14 01:18:05,15751.54
9235,sess_001561,PRODUCT_VIEW,49,2026-07-14 01:19:34,30515.02
9236,sess_001561,ADD_TO_CART,49,2026-07-14 01:19:50,30515.02
9237,sess_001561,PRODUCT_VIEW,27,2026-07-14 01:21:03,34536.05
9238,sess_001561,ADD_TO_CART,27,2026-07-14 01:21:42,34536.05
9239,sess_001562,PRODUCT_VIEW,47,2026-08-03 21:40:06,34979.66
9240,sess_001562,ADD_TO_CART,47,2026-08-03 21:41:04,34979.66
9241,sess_001562,PRODUCT_VIEW,49,2026-08-03 21:42:18,30515.02
9242,sess_001562,ADD_TO_CART,49,2026-08-03 21:42:44,30515.02
9243,sess_001562,PRODUCT_VIEW,48,2026-08-03 21:43:16,34207.92
9244,sess_001562,ADD_TO_CART,48,2026-08-03 21:43:37,34207.92
9245,sess_001562,PRODUCT_VIEW,11,2026-08-03 21:44:51,6189.77
9246,sess_001562,ADD_TO_CART,11,2026-08-03 21:45:02,6189.77
9247,sess_001562,CHECKOUT_START,47,2026-08-03 21:46:27,105892.37000000001
9248,sess_001563,PRODUCT_VIEW,39,2026-08-03 00:09:06,33078.06
9249,sess_001563,ADD_TO_CART,39,2026-08-03 00:09:43,33078.06
9250,sess_001563,CHECKOUT_START,39,2026-08-03 00:10:33,33078.06
9251,sess_001564,PRODUCT_VIEW,46,2026-07-15 07:46:06,3997.88
9252,sess_001564,ADD_TO_CART,46,2026-07-15 07:46:37,3997.88
9253,sess_001564,CHECKOUT_START,46,2026-07-15 07:48:15,3997.88
9254,sess_001565,PRODUCT_VIEW,18,2026-07-17 10:20:06,29592.56
9255,sess_001565,ADD_TO_CART,18,2026-07-17 10:21:05,29592.56
9256,sess_001565,PRODUCT_VIEW,15,2026-07-17 10:22:32,6095.52
9257,sess_001565,ADD_TO_CART,15,2026-07-17 10:23:17,6095.52
9258,sess_001565,CHECKOUT_START,18,2026-07-17 10:24:44,35688.08
9259,sess_001565,PAYMENT_FAILURE,18,2026-07-17 10:25:16,35688.08
9260,sess_001566,PRODUCT_VIEW,24,2026-07-29 02:26:06,15990.76
9261,sess_001566,ADD_TO_CART,24,2026-07-29 02:26:31,15990.76
9262,sess_001566,PRODUCT_VIEW,39,2026-07-29 02:27:42,33078.06
9263,sess_001566,ADD_TO_CART,39,2026-07-29 02:28:11,33078.06
9264,sess_001567,PRODUCT_VIEW,31,2026-07-15 16:31:06,17262.47
9265,sess_001567,ADD_TO_CART,31,2026-07-15 16:32:05,17262.47
9266,sess_001567,PRODUCT_VIEW,24,2026-07-15 16:33:12,15990.76
9267,sess_001567,ADD_TO_CART,24,2026-07-15 16:33:50,15990.76
9268,sess_001567,CHECKOUT_START,31,2026-07-15 16:34:58,33253.23
9269,sess_001568,PRODUCT_VIEW,13,2026-07-20 23:48:06,15251.23
9270,sess_001568,ADD_TO_CART,13,2026-07-20 23:49:01,15251.23
9271,sess_001568,PRODUCT_VIEW,6,2026-07-20 23:49:46,33938.58
9272,sess_001568,ADD_TO_CART,6,2026-07-20 23:50:37,33938.58
9273,sess_001568,PRODUCT_VIEW,34,2026-07-20 23:51:35,7303.52
9274,sess_001568,ADD_TO_CART,34,2026-07-20 23:52:00,7303.52
9275,sess_001568,CHECKOUT_START,13,2026-07-20 23:53:15,56493.33
9276,sess_001569,PRODUCT_VIEW,8,2026-08-06 01:13:06,27139.29
9277,sess_001569,ADD_TO_CART,8,2026-08-06 01:13:36,27139.29
9278,sess_001569,PRODUCT_VIEW,44,2026-08-06 01:13:58,7783.14
9279,sess_001569,ADD_TO_CART,44,2026-08-06 01:14:34,7783.14
9280,sess_001569,PRODUCT_VIEW,42,2026-08-06 01:15:12,1353.46
9281,sess_001569,ADD_TO_CART,42,2026-08-06 01:16:05,1353.46
9282,sess_001569,PRODUCT_VIEW,7,2026-08-06 01:17:39,23088.42
9283,sess_001569,ADD_TO_CART,7,2026-08-06 01:17:56,23088.42
9284,sess_001569,CHECKOUT_START,8,2026-08-06 01:19:15,59364.31
9285,sess_001570,PRODUCT_VIEW,28,2026-08-05 09:12:06,470.42
9286,sess_001570,ADD_TO_CART,28,2026-08-05 09:12:25,470.42
9287,sess_001571,PRODUCT_VIEW,26,2026-07-12 03:31:06,1741.62
9288,sess_001571,ADD_TO_CART,26,2026-07-12 03:31:20,1741.62
9289,sess_001571,PRODUCT_VIEW,37,2026-07-12 03:32:21,30424.4
9290,sess_001571,ADD_TO_CART,37,2026-07-12 03:32:59,30424.4
9291,sess_001571,CHECKOUT_START,26,2026-07-12 03:33:46,32166.02
9292,sess_001572,PRODUCT_VIEW,1,2026-07-14 23:42:06,29947.02
9293,sess_001572,ADD_TO_CART,1,2026-07-14 23:42:38,29947.02
9294,sess_001572,PRODUCT_VIEW,29,2026-07-14 23:44:14,22477.1
9295,sess_001572,ADD_TO_CART,29,2026-07-14 23:45:11,22477.1
9296,sess_001572,PRODUCT_VIEW,42,2026-07-14 23:46:50,1353.46
9297,sess_001572,ADD_TO_CART,42,2026-07-14 23:47:46,1353.46
9298,sess_001572,PRODUCT_VIEW,19,2026-07-14 23:48:16,20611.38
9299,sess_001572,ADD_TO_CART,19,2026-07-14 23:48:49,20611.38
9300,sess_001572,CHECKOUT_START,1,2026-07-14 23:49:34,74388.95999999999
9301,sess_001572,PAYMENT_FAILURE,1,2026-07-14 23:50:07,74388.95999999999
9302,sess_001573,PRODUCT_VIEW,48,2026-08-03 00:25:06,34207.92
9303,sess_001573,ADD_TO_CART,48,2026-08-03 00:25:47,34207.92
9304,sess_001573,PRODUCT_VIEW,34,2026-08-03 00:27:18,7303.52
9305,sess_001573,ADD_TO_CART,34,2026-08-03 00:28:07,7303.52
9306,sess_001573,PRODUCT_VIEW,16,2026-08-03 00:28:31,1571.54
9307,sess_001573,ADD_TO_CART,16,2026-08-03 00:28:54,1571.54
9308,sess_001573,PRODUCT_VIEW,36,2026-08-03 00:29:53,23638.97
9309,sess_001573,ADD_TO_CART,36,2026-08-03 00:30:43,23638.97
9310,sess_001574,PRODUCT_VIEW,16,2026-07-26 09:11:06,1571.54
9311,sess_001574,ADD_TO_CART,16,2026-07-26 09:11:57,1571.54
9312,sess_001575,PRODUCT_VIEW,16,2026-07-16 08:57:06,1571.54
9313,sess_001575,ADD_TO_CART,16,2026-07-16 08:57:50,1571.54
9314,sess_001575,PRODUCT_VIEW,28,2026-07-16 08:59:14,470.42
9315,sess_001575,ADD_TO_CART,28,2026-07-16 08:59:30,470.42
9316,sess_001575,CHECKOUT_START,16,2026-07-16 08:59:55,2041.96
9317,sess_001575,PAYMENT_FAILURE,16,2026-07-16 09:00:29,2041.96
9318,sess_001575,PAYMENT_FAILURE,16,2026-07-16 09:01:55,2041.96
9319,sess_001576,PRODUCT_VIEW,25,2026-08-06 13:55:06,11269.93
9320,sess_001576,ADD_TO_CART,25,2026-08-06 13:55:50,11269.93
9321,sess_001576,PRODUCT_VIEW,4,2026-08-06 13:56:49,12764.76
9322,sess_001576,ADD_TO_CART,4,2026-08-06 13:57:09,12764.76
9323,sess_001576,PRODUCT_VIEW,7,2026-08-06 13:57:48,23088.42
9324,sess_001576,ADD_TO_CART,7,2026-08-06 13:57:58,23088.42
9325,sess_001576,CHECKOUT_START,25,2026-08-06 13:58:30,47123.11
9326,sess_001577,PRODUCT_VIEW,47,2026-08-06 05:51:06,34979.66
9327,sess_001577,ADD_TO_CART,47,2026-08-06 05:52:05,34979.66
9328,sess_001577,CHECKOUT_START,47,2026-08-06 05:53:17,34979.66
9329,sess_001577,PAYMENT_FAILURE,47,2026-08-06 05:54:01,34979.66
9330,sess_001578,PRODUCT_VIEW,30,2026-07-08 00:41:06,16078.93
9331,sess_001578,ADD_TO_CART,30,2026-07-08 00:42:03,16078.93
9332,sess_001578,CHECKOUT_START,30,2026-07-08 00:43:28,16078.93
9333,sess_001579,PRODUCT_VIEW,9,2026-07-23 18:20:06,33952.76
9334,sess_001579,ADD_TO_CART,9,2026-07-23 18:21:00,33952.76
9335,sess_001579,PRODUCT_VIEW,6,2026-07-23 18:21:32,33938.58
9336,sess_001579,ADD_TO_CART,6,2026-07-23 18:22:31,33938.58
9337,sess_001579,PRODUCT_VIEW,17,2026-07-23 18:22:57,23333.68
9338,sess_001579,ADD_TO_CART,17,2026-07-23 18:23:37,23333.68
9339,sess_001579,CHECKOUT_START,9,2026-07-23 18:23:58,91225.01999999999
9340,sess_001580,PRODUCT_VIEW,12,2026-07-27 23:41:06,11993.35
9341,sess_001580,ADD_TO_CART,12,2026-07-27 23:41:29,11993.35
9342,sess_001580,CHECKOUT_START,12,2026-07-27 23:42:47,11993.35
9343,sess_001580,PAYMENT_FAILURE,12,2026-07-27 23:43:17,11993.35
9344,sess_001580,PAYMENT_FAILURE,12,2026-07-27 23:44:20,11993.35
9345,sess_001580,PAYMENT_FAILURE,12,2026-07-27 23:45:13,11993.35
9346,sess_001581,PRODUCT_VIEW,39,2026-07-18 14:15:06,33078.06
9347,sess_001581,ADD_TO_CART,39,2026-07-18 14:15:41,33078.06
9348,sess_001581,PRODUCT_VIEW,31,2026-07-18 14:16:45,17262.47
9349,sess_001581,ADD_TO_CART,31,2026-07-18 14:17:16,17262.47
9350,sess_001581,PRODUCT_VIEW,10,2026-07-18 14:18:25,8490.19
9351,sess_001581,ADD_TO_CART,10,2026-07-18 14:18:42,8490.19
9352,sess_001581,PRODUCT_VIEW,40,2026-07-18 14:20:18,17551.46
9353,sess_001581,ADD_TO_CART,40,2026-07-18 14:20:39,17551.46
9354,sess_001581,CHECKOUT_START,39,2026-07-18 14:21:57,76382.18
9355,sess_001582,PRODUCT_VIEW,28,2026-07-15 01:16:06,470.42
9356,sess_001582,ADD_TO_CART,28,2026-07-15 01:16:53,470.42
9357,sess_001582,PRODUCT_VIEW,16,2026-07-15 01:17:58,1571.54
9358,sess_001582,ADD_TO_CART,16,2026-07-15 01:18:33,1571.54
9359,sess_001582,CHECKOUT_START,28,2026-07-15 01:19:06,2041.96
9360,sess_001583,PRODUCT_VIEW,24,2026-07-14 09:35:06,15990.76
9361,sess_001583,ADD_TO_CART,24,2026-07-14 09:35:39,15990.76
9362,sess_001583,CHECKOUT_START,24,2026-07-14 09:37:02,15990.76
9363,sess_001584,PRODUCT_VIEW,14,2026-07-29 23:02:06,21714.55
9364,sess_001584,ADD_TO_CART,14,2026-07-29 23:02:57,21714.55
9365,sess_001584,PRODUCT_VIEW,44,2026-07-29 23:03:53,7783.14
9366,sess_001584,ADD_TO_CART,44,2026-07-29 23:04:45,7783.14
9367,sess_001585,PRODUCT_VIEW,47,2026-07-26 18:37:06,34979.66
9368,sess_001585,ADD_TO_CART,47,2026-07-26 18:37:16,34979.66
9369,sess_001585,PRODUCT_VIEW,14,2026-07-26 18:38:13,21714.55
9370,sess_001585,ADD_TO_CART,14,2026-07-26 18:39:06,21714.55
9371,sess_001585,CHECKOUT_START,47,2026-07-26 18:39:40,56694.21000000001
9372,sess_001586,PRODUCT_VIEW,33,2026-07-29 18:41:06,10984.48
9373,sess_001586,ADD_TO_CART,33,2026-07-29 18:41:54,10984.48
9374,sess_001586,PRODUCT_VIEW,15,2026-07-29 18:43:04,6095.52
9375,sess_001586,ADD_TO_CART,15,2026-07-29 18:43:48,6095.52
9376,sess_001586,PRODUCT_VIEW,8,2026-07-29 18:45:01,27139.29
9377,sess_001586,ADD_TO_CART,8,2026-07-29 18:45:24,27139.29
9378,sess_001586,CHECKOUT_START,33,2026-07-29 18:46:37,44219.29
9379,sess_001587,PRODUCT_VIEW,14,2026-07-28 11:45:06,21714.55
9380,sess_001587,ADD_TO_CART,14,2026-07-28 11:45:40,21714.55
9381,sess_001587,CHECKOUT_START,14,2026-07-28 11:47:10,21714.55
9382,sess_001588,PRODUCT_VIEW,26,2026-07-31 08:01:06,1741.62
9383,sess_001588,ADD_TO_CART,26,2026-07-31 08:01:30,1741.62
9384,sess_001588,PRODUCT_VIEW,47,2026-07-31 08:02:00,34979.66
9385,sess_001588,ADD_TO_CART,47,2026-07-31 08:02:58,34979.66
9386,sess_001589,PRODUCT_VIEW,39,2026-07-18 18:54:06,33078.06
9387,sess_001589,ADD_TO_CART,39,2026-07-18 18:54:20,33078.06
9388,sess_001589,PRODUCT_VIEW,15,2026-07-18 18:54:45,6095.52
9389,sess_001589,ADD_TO_CART,15,2026-07-18 18:55:11,6095.52
9390,sess_001589,PRODUCT_VIEW,18,2026-07-18 18:55:37,29592.56
9391,sess_001589,ADD_TO_CART,18,2026-07-18 18:56:11,29592.56
9392,sess_001589,CHECKOUT_START,39,2026-07-18 18:56:49,68766.14
9393,sess_001590,PRODUCT_VIEW,34,2026-08-03 07:06:06,7303.52
9394,sess_001590,ADD_TO_CART,34,2026-08-03 07:06:28,7303.52
9395,sess_001590,CHECKOUT_START,34,2026-08-03 07:06:50,7303.52
9396,sess_001591,PRODUCT_VIEW,37,2026-08-06 08:14:06,30424.4
9397,sess_001591,ADD_TO_CART,37,2026-08-06 08:14:53,30424.4
9398,sess_001591,PRODUCT_VIEW,31,2026-08-06 08:16:31,17262.47
9399,sess_001591,ADD_TO_CART,31,2026-08-06 08:17:09,17262.47
9400,sess_001591,PRODUCT_VIEW,19,2026-08-06 08:18:48,20611.38
9401,sess_001591,ADD_TO_CART,19,2026-08-06 08:19:36,20611.38
9402,sess_001591,CHECKOUT_START,37,2026-08-06 08:20:03,68298.25
9403,sess_001592,PRODUCT_VIEW,27,2026-08-04 15:06:06,34536.05
9404,sess_001592,ADD_TO_CART,27,2026-08-04 15:07:03,34536.05
9405,sess_001592,PRODUCT_VIEW,23,2026-08-04 15:07:35,1664.26
9406,sess_001592,ADD_TO_CART,23,2026-08-04 15:08:20,1664.26
9407,sess_001592,PRODUCT_VIEW,34,2026-08-04 15:09:59,7303.52
9408,sess_001592,ADD_TO_CART,34,2026-08-04 15:10:43,7303.52
9409,sess_001592,CHECKOUT_START,27,2026-08-04 15:11:16,43503.83
9410,sess_001593,PRODUCT_VIEW,16,2026-07-18 01:15:06,1571.54
9411,sess_001593,ADD_TO_CART,16,2026-07-18 01:15:22,1571.54
9412,sess_001593,PRODUCT_VIEW,7,2026-07-18 01:16:03,23088.42
9413,sess_001593,ADD_TO_CART,7,2026-07-18 01:16:51,23088.42
9414,sess_001593,PRODUCT_VIEW,27,2026-07-18 01:18:10,34536.05
9415,sess_001593,ADD_TO_CART,27,2026-07-18 01:18:43,34536.05
9416,sess_001593,PRODUCT_VIEW,13,2026-07-18 01:19:48,15251.23
9417,sess_001593,ADD_TO_CART,13,2026-07-18 01:20:26,15251.23
9418,sess_001593,CHECKOUT_START,16,2026-07-18 01:21:08,74447.24
9419,sess_001594,PRODUCT_VIEW,37,2026-07-25 17:11:06,30424.4
9420,sess_001594,ADD_TO_CART,37,2026-07-25 17:11:29,30424.4
9421,sess_001594,CHECKOUT_START,37,2026-07-25 17:12:56,30424.4
9422,sess_001595,PRODUCT_VIEW,28,2026-08-06 20:44:06,470.42
9423,sess_001595,ADD_TO_CART,28,2026-08-06 20:44:47,470.42
9424,sess_001595,CHECKOUT_START,28,2026-08-06 20:45:51,470.42
9425,sess_001596,PRODUCT_VIEW,16,2026-07-13 01:02:06,1571.54
9426,sess_001596,ADD_TO_CART,16,2026-07-13 01:02:20,1571.54
9427,sess_001597,PRODUCT_VIEW,44,2026-07-11 23:05:06,7783.14
9428,sess_001597,ADD_TO_CART,44,2026-07-11 23:06:03,7783.14
9429,sess_001597,PRODUCT_VIEW,11,2026-07-11 23:07:00,6189.77
9430,sess_001597,ADD_TO_CART,11,2026-07-11 23:07:33,6189.77
9431,sess_001597,PRODUCT_VIEW,39,2026-07-11 23:08:59,33078.06
9432,sess_001597,ADD_TO_CART,39,2026-07-11 23:09:58,33078.06
9433,sess_001597,PRODUCT_VIEW,23,2026-07-11 23:11:00,1664.26
9434,sess_001597,ADD_TO_CART,23,2026-07-11 23:11:42,1664.26
9435,sess_001597,CHECKOUT_START,44,2026-07-11 23:12:30,48715.23
9436,sess_001598,PRODUCT_VIEW,31,2026-07-19 04:37:06,17262.47
9437,sess_001598,ADD_TO_CART,31,2026-07-19 04:38:02,17262.47
9438,sess_001598,PRODUCT_VIEW,18,2026-07-19 04:38:49,29592.56
9439,sess_001598,ADD_TO_CART,18,2026-07-19 04:39:37,29592.56
9440,sess_001598,CHECKOUT_START,31,2026-07-19 04:41:17,46855.03
9441,sess_001599,PRODUCT_VIEW,21,2026-07-24 15:20:06,9659.58
9442,sess_001599,ADD_TO_CART,21,2026-07-24 15:20:20,9659.58
9443,sess_001599,PRODUCT_VIEW,36,2026-07-24 15:22:00,23638.97
9444,sess_001599,ADD_TO_CART,36,2026-07-24 15:22:57,23638.97
9445,sess_001600,PRODUCT_VIEW,26,2026-07-09 21:00:06,1741.62
9446,sess_001600,ADD_TO_CART,26,2026-07-09 21:00:23,1741.62
9447,sess_001600,PRODUCT_VIEW,3,2026-07-09 21:01:52,15751.54
9448,sess_001600,ADD_TO_CART,3,2026-07-09 21:02:27,15751.54
9449,sess_001600,CHECKOUT_START,26,2026-07-09 21:03:16,17493.16
9450,sess_001601,PRODUCT_VIEW,21,2026-07-12 17:32:06,9659.58
9451,sess_001601,ADD_TO_CART,21,2026-07-12 17:32:40,9659.58
9452,sess_001601,CHECKOUT_START,21,2026-07-12 17:33:27,9659.58
9453,sess_001602,PRODUCT_VIEW,24,2026-07-26 06:50:06,15990.76
9454,sess_001602,ADD_TO_CART,24,2026-07-26 06:50:45,15990.76
9455,sess_001602,PRODUCT_VIEW,38,2026-07-26 06:51:22,24333.81
9456,sess_001602,ADD_TO_CART,38,2026-07-26 06:52:12,24333.81
9457,sess_001602,PRODUCT_VIEW,35,2026-07-26 06:53:07,33955.92
9458,sess_001602,ADD_TO_CART,35,2026-07-26 06:54:03,33955.92
9459,sess_001602,CHECKOUT_START,24,2026-07-26 06:54:27,74280.48999999999
9460,sess_001603,PRODUCT_VIEW,42,2026-07-23 02:55:06,1353.46
9461,sess_001603,ADD_TO_CART,42,2026-07-23 02:55:42,1353.46
9462,sess_001603,PRODUCT_VIEW,49,2026-07-23 02:56:53,30515.02
9463,sess_001603,ADD_TO_CART,49,2026-07-23 02:57:35,30515.02
9464,sess_001603,PRODUCT_VIEW,6,2026-07-23 02:58:03,33938.58
9465,sess_001603,ADD_TO_CART,6,2026-07-23 02:58:17,33938.58
9466,sess_001603,CHECKOUT_START,42,2026-07-23 02:59:03,65807.06
9467,sess_001604,PRODUCT_VIEW,31,2026-08-07 08:18:06,17262.47
9468,sess_001604,ADD_TO_CART,31,2026-08-07 08:18:58,17262.47
9469,sess_001605,PRODUCT_VIEW,48,2026-08-03 02:25:06,34207.92
9470,sess_001605,ADD_TO_CART,48,2026-08-03 02:25:22,34207.92
9471,sess_001605,PRODUCT_VIEW,18,2026-08-03 02:27:00,29592.56
9472,sess_001605,ADD_TO_CART,18,2026-08-03 02:27:43,29592.56
9473,sess_001606,PRODUCT_VIEW,7,2026-07-15 16:37:06,23088.42
9474,sess_001606,ADD_TO_CART,7,2026-07-15 16:37:50,23088.42
9475,sess_001606,CHECKOUT_START,7,2026-07-15 16:38:22,23088.42
9476,sess_001607,PRODUCT_VIEW,45,2026-07-14 05:45:06,13966.49
9477,sess_001607,ADD_TO_CART,45,2026-07-14 05:45:31,13966.49
9478,sess_001607,PRODUCT_VIEW,18,2026-07-14 05:46:38,29592.56
9479,sess_001607,ADD_TO_CART,18,2026-07-14 05:46:48,29592.56
9480,sess_001607,CHECKOUT_START,45,2026-07-14 05:48:24,43559.05
9481,sess_001608,PRODUCT_VIEW,22,2026-07-17 07:03:06,18731.11
9482,sess_001608,ADD_TO_CART,22,2026-07-17 07:03:42,18731.11
9483,sess_001609,PRODUCT_VIEW,13,2026-07-27 18:03:06,15251.23
9484,sess_001609,ADD_TO_CART,13,2026-07-27 18:03:45,15251.23
9485,sess_001610,PRODUCT_VIEW,33,2026-08-05 01:16:06,10984.48
9486,sess_001610,ADD_TO_CART,33,2026-08-05 01:16:27,10984.48
9487,sess_001611,PRODUCT_VIEW,41,2026-07-26 13:43:06,30450.87
9488,sess_001611,ADD_TO_CART,41,2026-07-26 13:43:27,30450.87
9489,sess_001611,CHECKOUT_START,41,2026-07-26 13:44:17,30450.87
9490,sess_001612,PRODUCT_VIEW,15,2026-08-02 18:54:06,6095.52
9491,sess_001612,ADD_TO_CART,15,2026-08-02 18:54:40,6095.52
9492,sess_001612,PRODUCT_VIEW,35,2026-08-02 18:55:11,33955.92
9493,sess_001612,ADD_TO_CART,35,2026-08-02 18:55:57,33955.92
9494,sess_001612,CHECKOUT_START,15,2026-08-02 18:56:49,40051.44
9495,sess_001613,PRODUCT_VIEW,18,2026-07-19 16:45:06,29592.56
9496,sess_001613,ADD_TO_CART,18,2026-07-19 16:45:56,29592.56
9497,sess_001613,PRODUCT_VIEW,42,2026-07-19 16:46:35,1353.46
9498,sess_001613,ADD_TO_CART,42,2026-07-19 16:47:03,1353.46
9499,sess_001614,PRODUCT_VIEW,16,2026-07-25 18:06:06,1571.54
9500,sess_001614,ADD_TO_CART,16,2026-07-25 18:06:29,1571.54
9501,sess_001614,PRODUCT_VIEW,17,2026-07-25 18:07:49,23333.68
9502,sess_001614,ADD_TO_CART,17,2026-07-25 18:08:22,23333.68
9503,sess_001614,CHECKOUT_START,16,2026-07-25 18:08:55,24905.22
9504,sess_001615,PRODUCT_VIEW,16,2026-08-06 07:18:06,1571.54
9505,sess_001615,ADD_TO_CART,16,2026-08-06 07:18:27,1571.54
9506,sess_001615,PRODUCT_VIEW,47,2026-08-06 07:19:36,34979.66
9507,sess_001615,ADD_TO_CART,47,2026-08-06 07:20:25,34979.66
9508,sess_001615,PRODUCT_VIEW,36,2026-08-06 07:21:02,23638.97
9509,sess_001615,ADD_TO_CART,36,2026-08-06 07:21:47,23638.97
9510,sess_001615,CHECKOUT_START,16,2026-08-06 07:22:49,60190.170000000006
9511,sess_001615,PAYMENT_FAILURE,16,2026-08-06 07:23:40,60190.170000000006
9512,sess_001615,PAYMENT_FAILURE,16,2026-08-06 07:24:11,60190.170000000006
9513,sess_001616,PRODUCT_VIEW,31,2026-07-11 12:46:06,17262.47
9514,sess_001616,ADD_TO_CART,31,2026-07-11 12:46:31,17262.47
9515,sess_001616,PRODUCT_VIEW,41,2026-07-11 12:48:03,30450.87
9516,sess_001616,ADD_TO_CART,41,2026-07-11 12:48:40,30450.87
9517,sess_001616,PRODUCT_VIEW,1,2026-07-11 12:50:17,29947.02
9518,sess_001616,ADD_TO_CART,1,2026-07-11 12:50:54,29947.02
9519,sess_001616,CHECKOUT_START,31,2026-07-11 12:51:50,77660.36
9520,sess_001617,PRODUCT_VIEW,17,2026-07-11 08:34:06,23333.68
9521,sess_001617,ADD_TO_CART,17,2026-07-11 08:34:45,23333.68
9522,sess_001617,CHECKOUT_START,17,2026-07-11 08:35:20,23333.68
9523,sess_001618,PRODUCT_VIEW,14,2026-07-20 04:32:06,21714.55
9524,sess_001618,ADD_TO_CART,14,2026-07-20 04:33:02,21714.55
9525,sess_001618,PRODUCT_VIEW,18,2026-07-20 04:34:40,29592.56
9526,sess_001618,ADD_TO_CART,18,2026-07-20 04:35:31,29592.56
9527,sess_001618,PRODUCT_VIEW,19,2026-07-20 04:36:42,20611.38
9528,sess_001618,ADD_TO_CART,19,2026-07-20 04:37:34,20611.38
9529,sess_001618,PRODUCT_VIEW,48,2026-07-20 04:38:42,34207.92
9530,sess_001618,ADD_TO_CART,48,2026-07-20 04:39:25,34207.92
9531,sess_001618,CHECKOUT_START,14,2026-07-20 04:40:40,106126.41
9532,sess_001619,PRODUCT_VIEW,6,2026-07-16 20:59:06,33938.58
9533,sess_001619,ADD_TO_CART,6,2026-07-16 20:59:32,33938.58
9534,sess_001619,CHECKOUT_START,6,2026-07-16 21:01:11,33938.58
9535,sess_001619,PAYMENT_FAILURE,6,2026-07-16 21:02:09,33938.58
9536,sess_001619,PAYMENT_FAILURE,6,2026-07-16 21:03:37,33938.58
9537,sess_001619,PAYMENT_FAILURE,6,2026-07-16 21:04:12,33938.58
9538,sess_001620,PRODUCT_VIEW,31,2026-07-08 09:20:06,17262.47
9539,sess_001620,ADD_TO_CART,31,2026-07-08 09:21:02,17262.47
9540,sess_001620,PRODUCT_VIEW,23,2026-07-08 09:22:03,1664.26
9541,sess_001620,ADD_TO_CART,23,2026-07-08 09:22:13,1664.26
9542,sess_001620,PRODUCT_VIEW,27,2026-07-08 09:23:16,34536.05
9543,sess_001620,ADD_TO_CART,27,2026-07-08 09:23:30,34536.05
9544,sess_001620,PRODUCT_VIEW,28,2026-07-08 09:24:59,470.42
9545,sess_001620,ADD_TO_CART,28,2026-07-08 09:25:55,470.42
9546,sess_001621,PRODUCT_VIEW,45,2026-07-29 15:43:06,13966.49
9547,sess_001621,ADD_TO_CART,45,2026-07-29 15:43:55,13966.49
9548,sess_001621,PRODUCT_VIEW,14,2026-07-29 15:45:10,21714.55
9549,sess_001621,ADD_TO_CART,14,2026-07-29 15:45:56,21714.55
9550,sess_001621,PRODUCT_VIEW,24,2026-07-29 15:47:22,15990.76
9551,sess_001621,ADD_TO_CART,24,2026-07-29 15:47:52,15990.76
9552,sess_001621,CHECKOUT_START,45,2026-07-29 15:48:14,51671.8
9553,sess_001621,PAYMENT_FAILURE,45,2026-07-29 15:49:40,51671.8
9554,sess_001621,PAYMENT_FAILURE,45,2026-07-29 15:51:09,51671.8
9555,sess_001621,PAYMENT_FAILURE,45,2026-07-29 15:51:56,51671.8
9556,sess_001622,PRODUCT_VIEW,22,2026-07-11 04:57:06,18731.11
9557,sess_001622,ADD_TO_CART,22,2026-07-11 04:58:01,18731.11
9558,sess_001622,PRODUCT_VIEW,20,2026-07-11 04:58:54,7441.9
9559,sess_001622,ADD_TO_CART,20,2026-07-11 04:59:15,7441.9
9560,sess_001622,PRODUCT_VIEW,3,2026-07-11 05:00:46,15751.54
9561,sess_001622,ADD_TO_CART,3,2026-07-11 05:01:23,15751.54
9562,sess_001622,PRODUCT_VIEW,9,2026-07-11 05:01:52,33952.76
9563,sess_001622,ADD_TO_CART,9,2026-07-11 05:02:32,33952.76
9564,sess_001623,PRODUCT_VIEW,35,2026-07-29 23:29:06,33955.92
9565,sess_001623,ADD_TO_CART,35,2026-07-29 23:30:01,33955.92
9566,sess_001623,PRODUCT_VIEW,21,2026-07-29 23:31:23,9659.58
9567,sess_001623,ADD_TO_CART,21,2026-07-29 23:32:00,9659.58
9568,sess_001623,CHECKOUT_START,35,2026-07-29 23:32:42,43615.5
9569,sess_001624,PRODUCT_VIEW,49,2026-07-25 16:07:06,30515.02
9570,sess_001624,ADD_TO_CART,49,2026-07-25 16:07:42,30515.02
9571,sess_001624,PRODUCT_VIEW,48,2026-07-25 16:09:13,34207.92
9572,sess_001624,ADD_TO_CART,48,2026-07-25 16:09:26,34207.92
9573,sess_001624,CHECKOUT_START,49,2026-07-25 16:10:35,64722.94
9574,sess_001625,PRODUCT_VIEW,29,2026-07-12 21:44:06,22477.1
9575,sess_001625,ADD_TO_CART,29,2026-07-12 21:44:52,22477.1
9576,sess_001625,PRODUCT_VIEW,36,2026-07-12 21:46:00,23638.97
9577,sess_001625,ADD_TO_CART,36,2026-07-12 21:46:48,23638.97
9578,sess_001626,PRODUCT_VIEW,23,2026-07-09 07:26:06,1664.26
9579,sess_001626,ADD_TO_CART,23,2026-07-09 07:26:46,1664.26
9580,sess_001626,PRODUCT_VIEW,34,2026-07-09 07:27:12,7303.52
9581,sess_001626,ADD_TO_CART,34,2026-07-09 07:27:35,7303.52
9582,sess_001626,PRODUCT_VIEW,25,2026-07-09 07:28:44,11269.93
9583,sess_001626,ADD_TO_CART,25,2026-07-09 07:29:14,11269.93
9584,sess_001626,PRODUCT_VIEW,49,2026-07-09 07:30:27,30515.02
9585,sess_001626,ADD_TO_CART,49,2026-07-09 07:30:46,30515.02
9586,sess_001626,CHECKOUT_START,23,2026-07-09 07:31:12,50752.729999999996
9587,sess_001627,PRODUCT_VIEW,48,2026-07-17 15:01:06,34207.92
9588,sess_001627,ADD_TO_CART,48,2026-07-17 15:01:22,34207.92
9589,sess_001627,PRODUCT_VIEW,46,2026-07-17 15:02:50,3997.88
9590,sess_001627,ADD_TO_CART,46,2026-07-17 15:03:04,3997.88
9591,sess_001627,PRODUCT_VIEW,16,2026-07-17 15:03:43,1571.54
9592,sess_001627,ADD_TO_CART,16,2026-07-17 15:04:05,1571.54
9593,sess_001627,PRODUCT_VIEW,15,2026-07-17 15:04:53,6095.52
9594,sess_001627,ADD_TO_CART,15,2026-07-17 15:05:26,6095.52
9595,sess_001627,CHECKOUT_START,48,2026-07-17 15:06:42,45872.86
9596,sess_001628,PRODUCT_VIEW,30,2026-07-10 17:07:06,16078.93
9597,sess_001628,ADD_TO_CART,30,2026-07-10 17:07:59,16078.93
9598,sess_001628,PRODUCT_VIEW,28,2026-07-10 17:09:11,470.42
9599,sess_001628,ADD_TO_CART,28,2026-07-10 17:09:29,470.42
9600,sess_001628,PRODUCT_VIEW,12,2026-07-10 17:10:38,11993.35
9601,sess_001628,ADD_TO_CART,12,2026-07-10 17:11:03,11993.35
9602,sess_001628,CHECKOUT_START,30,2026-07-10 17:12:13,28542.699999999997
9603,sess_001628,PAYMENT_FAILURE,30,2026-07-10 17:13:11,28542.699999999997
9604,sess_001628,PAYMENT_FAILURE,30,2026-07-10 17:14:15,28542.699999999997
9605,sess_001629,PRODUCT_VIEW,42,2026-07-23 15:35:06,1353.46
9606,sess_001629,ADD_TO_CART,42,2026-07-23 15:35:48,1353.46
9607,sess_001629,PRODUCT_VIEW,16,2026-07-23 15:36:50,1571.54
9608,sess_001629,ADD_TO_CART,16,2026-07-23 15:37:08,1571.54
9609,sess_001629,PRODUCT_VIEW,19,2026-07-23 15:38:43,20611.38
9610,sess_001629,ADD_TO_CART,19,2026-07-23 15:39:15,20611.38
9611,sess_001629,CHECKOUT_START,42,2026-07-23 15:39:59,23536.38
9612,sess_001630,PRODUCT_VIEW,25,2026-07-12 23:41:06,11269.93
9613,sess_001630,ADD_TO_CART,25,2026-07-12 23:41:46,11269.93
9614,sess_001630,PRODUCT_VIEW,30,2026-07-12 23:42:42,16078.93
9615,sess_001630,ADD_TO_CART,30,2026-07-12 23:42:53,16078.93
9616,sess_001630,PRODUCT_VIEW,27,2026-07-12 23:43:46,34536.05
9617,sess_001630,ADD_TO_CART,27,2026-07-12 23:44:05,34536.05
9618,sess_001630,PRODUCT_VIEW,36,2026-07-12 23:44:27,23638.97
9619,sess_001630,ADD_TO_CART,36,2026-07-12 23:45:07,23638.97
9620,sess_001631,PRODUCT_VIEW,49,2026-08-01 14:27:06,30515.02
9621,sess_001631,ADD_TO_CART,49,2026-08-01 14:27:29,30515.02
9622,sess_001631,PRODUCT_VIEW,31,2026-08-01 14:28:15,17262.47
9623,sess_001631,ADD_TO_CART,31,2026-08-01 14:28:28,17262.47
9624,sess_001631,PRODUCT_VIEW,50,2026-08-01 14:30:07,19975.03
9625,sess_001631,ADD_TO_CART,50,2026-08-01 14:30:54,19975.03
9626,sess_001632,PRODUCT_VIEW,48,2026-08-06 10:40:06,34207.92
9627,sess_001632,ADD_TO_CART,48,2026-08-06 10:41:02,34207.92
9628,sess_001632,PRODUCT_VIEW,19,2026-08-06 10:41:55,20611.38
9629,sess_001632,ADD_TO_CART,19,2026-08-06 10:42:26,20611.38
9630,sess_001632,CHECKOUT_START,48,2026-08-06 10:43:17,54819.3
9631,sess_001632,PAYMENT_FAILURE,48,2026-08-06 10:44:20,54819.3
9632,sess_001632,PAYMENT_FAILURE,48,2026-08-06 10:45:41,54819.3
9633,sess_001633,PRODUCT_VIEW,3,2026-07-08 18:28:06,15751.54
9634,sess_001633,ADD_TO_CART,3,2026-07-08 18:29:04,15751.54
9635,sess_001633,PRODUCT_VIEW,41,2026-07-08 18:29:25,30450.87
9636,sess_001633,ADD_TO_CART,41,2026-07-08 18:29:37,30450.87
9637,sess_001633,PRODUCT_VIEW,44,2026-07-08 18:30:30,7783.14
9638,sess_001633,ADD_TO_CART,44,2026-07-08 18:31:09,7783.14
9639,sess_001633,PRODUCT_VIEW,43,2026-07-08 18:31:32,24226.27
9640,sess_001633,ADD_TO_CART,43,2026-07-08 18:32:18,24226.27
9641,sess_001633,CHECKOUT_START,3,2026-07-08 18:32:48,78211.82
9642,sess_001634,PRODUCT_VIEW,21,2026-07-14 01:54:06,9659.58
9643,sess_001634,ADD_TO_CART,21,2026-07-14 01:54:59,9659.58
9644,sess_001634,PRODUCT_VIEW,6,2026-07-14 01:55:59,33938.58
9645,sess_001634,ADD_TO_CART,6,2026-07-14 01:56:41,33938.58
9646,sess_001634,PRODUCT_VIEW,36,2026-07-14 01:57:28,23638.97
9647,sess_001634,ADD_TO_CART,36,2026-07-14 01:58:25,23638.97
9648,sess_001634,PRODUCT_VIEW,7,2026-07-14 01:59:42,23088.42
9649,sess_001634,ADD_TO_CART,7,2026-07-14 02:00:42,23088.42
9650,sess_001634,CHECKOUT_START,21,2026-07-14 02:01:37,90325.55
9651,sess_001634,PAYMENT_FAILURE,21,2026-07-14 02:02:32,90325.55
9652,sess_001634,PAYMENT_FAILURE,21,2026-07-14 02:03:29,90325.55
9653,sess_001635,PRODUCT_VIEW,33,2026-07-09 21:27:06,10984.48
9654,sess_001635,ADD_TO_CART,33,2026-07-09 21:27:33,10984.48
9655,sess_001635,PRODUCT_VIEW,32,2026-07-09 21:28:52,5145.04
9656,sess_001635,ADD_TO_CART,32,2026-07-09 21:29:48,5145.04
9657,sess_001635,PRODUCT_VIEW,43,2026-07-09 21:31:22,24226.27
9658,sess_001635,ADD_TO_CART,43,2026-07-09 21:31:58,24226.27
9659,sess_001635,PRODUCT_VIEW,1,2026-07-09 21:33:09,29947.02
9660,sess_001635,ADD_TO_CART,1,2026-07-09 21:34:01,29947.02
9661,sess_001636,PRODUCT_VIEW,34,2026-08-03 12:02:06,7303.52
9662,sess_001636,ADD_TO_CART,34,2026-08-03 12:02:57,7303.52
9663,sess_001636,CHECKOUT_START,34,2026-08-03 12:04:36,7303.52
9664,sess_001637,PRODUCT_VIEW,32,2026-08-01 00:30:06,5145.04
9665,sess_001637,ADD_TO_CART,32,2026-08-01 00:30:34,5145.04
9666,sess_001637,PRODUCT_VIEW,28,2026-08-01 00:30:56,470.42
9667,sess_001637,ADD_TO_CART,28,2026-08-01 00:31:26,470.42
9668,sess_001637,CHECKOUT_START,32,2026-08-01 00:32:21,5615.46
9669,sess_001638,PRODUCT_VIEW,23,2026-07-09 19:19:06,1664.26
9670,sess_001638,ADD_TO_CART,23,2026-07-09 19:19:20,1664.26
9671,sess_001638,CHECKOUT_START,23,2026-07-09 19:20:07,1664.26
9672,sess_001639,PRODUCT_VIEW,36,2026-07-23 14:08:06,23638.97
9673,sess_001639,ADD_TO_CART,36,2026-07-23 14:08:21,23638.97
9674,sess_001639,PRODUCT_VIEW,38,2026-07-23 14:09:13,24333.81
9675,sess_001639,ADD_TO_CART,38,2026-07-23 14:09:52,24333.81
9676,sess_001639,CHECKOUT_START,36,2026-07-23 14:11:16,47972.78
9677,sess_001640,PRODUCT_VIEW,19,2026-07-29 20:15:06,20611.38
9678,sess_001640,ADD_TO_CART,19,2026-07-29 20:16:03,20611.38
9679,sess_001640,PRODUCT_VIEW,7,2026-07-29 20:16:44,23088.42
9680,sess_001640,ADD_TO_CART,7,2026-07-29 20:17:40,23088.42
9681,sess_001640,PRODUCT_VIEW,2,2026-07-29 20:18:28,8878.17
9682,sess_001640,ADD_TO_CART,2,2026-07-29 20:19:28,8878.17
9683,sess_001640,CHECKOUT_START,19,2026-07-29 20:20:52,52577.97
9684,sess_001641,PRODUCT_VIEW,27,2026-08-05 06:17:06,34536.05
9685,sess_001641,ADD_TO_CART,27,2026-08-05 06:17:35,34536.05
9686,sess_001641,PRODUCT_VIEW,20,2026-08-05 06:18:07,7441.9
9687,sess_001641,ADD_TO_CART,20,2026-08-05 06:18:30,7441.9
9688,sess_001641,PRODUCT_VIEW,32,2026-08-05 06:19:01,5145.04
9689,sess_001641,ADD_TO_CART,32,2026-08-05 06:19:24,5145.04
9690,sess_001641,PRODUCT_VIEW,31,2026-08-05 06:20:30,17262.47
9691,sess_001641,ADD_TO_CART,31,2026-08-05 06:20:44,17262.47
9692,sess_001642,PRODUCT_VIEW,23,2026-07-27 17:57:06,1664.26
9693,sess_001642,ADD_TO_CART,23,2026-07-27 17:57:29,1664.26
9694,sess_001642,CHECKOUT_START,23,2026-07-27 17:59:08,1664.26
9695,sess_001643,PRODUCT_VIEW,46,2026-08-04 07:56:06,3997.88
9696,sess_001643,ADD_TO_CART,46,2026-08-04 07:56:26,3997.88
9697,sess_001643,PRODUCT_VIEW,44,2026-08-04 07:57:56,7783.14
9698,sess_001643,ADD_TO_CART,44,2026-08-04 07:58:30,7783.14
9699,sess_001643,PRODUCT_VIEW,5,2026-08-04 07:59:32,5973.44
9700,sess_001643,ADD_TO_CART,5,2026-08-04 08:00:05,5973.44
9701,sess_001643,CHECKOUT_START,46,2026-08-04 08:01:31,17754.46
9702,sess_001644,PRODUCT_VIEW,7,2026-07-19 18:33:06,23088.42
9703,sess_001644,ADD_TO_CART,7,2026-07-19 18:33:30,23088.42
9704,sess_001644,PRODUCT_VIEW,38,2026-07-19 18:34:29,24333.81
9705,sess_001644,ADD_TO_CART,38,2026-07-19 18:35:13,24333.81
9706,sess_001645,PRODUCT_VIEW,13,2026-07-08 06:26:06,15251.23
9707,sess_001645,ADD_TO_CART,13,2026-07-08 06:26:54,15251.23
9708,sess_001645,PRODUCT_VIEW,17,2026-07-08 06:27:36,23333.68
9709,sess_001645,ADD_TO_CART,17,2026-07-08 06:28:05,23333.68
9710,sess_001645,PRODUCT_VIEW,9,2026-07-08 06:28:45,33952.76
9711,sess_001645,ADD_TO_CART,9,2026-07-08 06:29:01,33952.76
9712,sess_001645,PRODUCT_VIEW,46,2026-07-08 06:30:38,3997.88
9713,sess_001645,ADD_TO_CART,46,2026-07-08 06:31:11,3997.88
9714,sess_001646,PRODUCT_VIEW,31,2026-07-20 21:09:06,17262.47
9715,sess_001646,ADD_TO_CART,31,2026-07-20 21:09:34,17262.47
9716,sess_001646,PRODUCT_VIEW,13,2026-07-20 21:10:05,15251.23
9717,sess_001646,ADD_TO_CART,13,2026-07-20 21:10:20,15251.23
9718,sess_001646,CHECKOUT_START,31,2026-07-20 21:11:17,32513.7
9719,sess_001647,PRODUCT_VIEW,5,2026-07-28 02:44:06,5973.44
9720,sess_001647,ADD_TO_CART,5,2026-07-28 02:44:36,5973.44
9721,sess_001647,CHECKOUT_START,5,2026-07-28 02:45:24,5973.44
9722,sess_001648,PRODUCT_VIEW,4,2026-08-07 09:16:06,12764.76
9723,sess_001648,ADD_TO_CART,4,2026-08-07 09:16:55,12764.76
9724,sess_001648,CHECKOUT_START,4,2026-08-07 09:18:07,12764.76
9725,sess_001649,PRODUCT_VIEW,20,2026-07-24 10:44:06,7441.9
9726,sess_001649,ADD_TO_CART,20,2026-07-24 10:45:03,7441.9
9727,sess_001649,PRODUCT_VIEW,8,2026-07-24 10:45:46,27139.29
9728,sess_001649,ADD_TO_CART,8,2026-07-24 10:46:34,27139.29
9729,sess_001649,PRODUCT_VIEW,36,2026-07-24 10:48:09,23638.97
9730,sess_001649,ADD_TO_CART,36,2026-07-24 10:48:25,23638.97
9731,sess_001649,CHECKOUT_START,20,2026-07-24 10:49:03,58220.16
9732,sess_001650,PRODUCT_VIEW,7,2026-07-25 14:09:06,23088.42
9733,sess_001650,ADD_TO_CART,7,2026-07-25 14:09:57,23088.42
9734,sess_001650,PRODUCT_VIEW,45,2026-07-25 14:11:05,13966.49
9735,sess_001650,ADD_TO_CART,45,2026-07-25 14:11:59,13966.49
9736,sess_001650,PRODUCT_VIEW,48,2026-07-25 14:13:37,34207.92
9737,sess_001650,ADD_TO_CART,48,2026-07-25 14:13:52,34207.92
9738,sess_001650,PRODUCT_VIEW,25,2026-07-25 14:14:14,11269.93
9739,sess_001650,ADD_TO_CART,25,2026-07-25 14:14:27,11269.93
9740,sess_001650,CHECKOUT_START,7,2026-07-25 14:15:54,82532.75999999998
9741,sess_001651,PRODUCT_VIEW,33,2026-07-13 20:25:06,10984.48
9742,sess_001651,ADD_TO_CART,33,2026-07-13 20:25:21,10984.48
9743,sess_001651,PRODUCT_VIEW,9,2026-07-13 20:26:44,33952.76
9744,sess_001651,ADD_TO_CART,9,2026-07-13 20:27:16,33952.76
9745,sess_001651,PRODUCT_VIEW,10,2026-07-13 20:28:27,8490.19
9746,sess_001651,ADD_TO_CART,10,2026-07-13 20:28:47,8490.19
9747,sess_001651,PRODUCT_VIEW,44,2026-07-13 20:29:55,7783.14
9748,sess_001651,ADD_TO_CART,44,2026-07-13 20:30:44,7783.14
9749,sess_001651,CHECKOUT_START,33,2026-07-13 20:32:16,61210.57000000001
9750,sess_001652,PRODUCT_VIEW,23,2026-07-30 07:41:06,1664.26
9751,sess_001652,ADD_TO_CART,23,2026-07-30 07:41:52,1664.26
9752,sess_001652,CHECKOUT_START,23,2026-07-30 07:42:41,1664.26
9753,sess_001652,PAYMENT_FAILURE,23,2026-07-30 07:43:19,1664.26
9754,sess_001652,PAYMENT_FAILURE,23,2026-07-30 07:44:31,1664.26
9755,sess_001652,PAYMENT_FAILURE,23,2026-07-30 07:45:52,1664.26
9756,sess_001653,PRODUCT_VIEW,46,2026-08-03 05:49:06,3997.88
9757,sess_001653,ADD_TO_CART,46,2026-08-03 05:49:28,3997.88
9758,sess_001654,PRODUCT_VIEW,48,2026-07-11 15:30:06,34207.92
9759,sess_001654,ADD_TO_CART,48,2026-07-11 15:30:51,34207.92
9760,sess_001654,PRODUCT_VIEW,9,2026-07-11 15:32:10,33952.76
9761,sess_001654,ADD_TO_CART,9,2026-07-11 15:32:27,33952.76
9762,sess_001654,PRODUCT_VIEW,17,2026-07-11 15:33:05,23333.68
9763,sess_001654,ADD_TO_CART,17,2026-07-11 15:33:54,23333.68
9764,sess_001654,PRODUCT_VIEW,13,2026-07-11 15:34:58,15251.23
9765,sess_001654,ADD_TO_CART,13,2026-07-11 15:35:13,15251.23
9766,sess_001654,CHECKOUT_START,48,2026-07-11 15:36:10,106745.58999999998
9767,sess_001655,PRODUCT_VIEW,25,2026-07-09 19:36:06,11269.93
9768,sess_001655,ADD_TO_CART,25,2026-07-09 19:36:18,11269.93
9769,sess_001655,CHECKOUT_START,25,2026-07-09 19:37:14,11269.93
9770,sess_001656,PRODUCT_VIEW,29,2026-08-07 10:20:06,22477.1
9771,sess_001656,ADD_TO_CART,29,2026-08-07 10:20:54,22477.1
9772,sess_001656,PRODUCT_VIEW,26,2026-08-07 10:21:57,1741.62
9773,sess_001656,ADD_TO_CART,26,2026-08-07 10:22:09,1741.62
9774,sess_001656,PRODUCT_VIEW,45,2026-08-07 10:23:43,13966.49
9775,sess_001656,ADD_TO_CART,45,2026-08-07 10:23:54,13966.49
9776,sess_001656,CHECKOUT_START,29,2026-08-07 10:24:46,38185.21
9777,sess_001657,PRODUCT_VIEW,25,2026-07-16 15:46:06,11269.93
9778,sess_001657,ADD_TO_CART,25,2026-07-16 15:46:37,11269.93
9779,sess_001658,PRODUCT_VIEW,47,2026-07-22 05:33:06,34979.66
9780,sess_001658,ADD_TO_CART,47,2026-07-22 05:34:00,34979.66
9781,sess_001658,PRODUCT_VIEW,25,2026-07-22 05:35:38,11269.93
9782,sess_001658,ADD_TO_CART,25,2026-07-22 05:36:27,11269.93
9783,sess_001658,PRODUCT_VIEW,23,2026-07-22 05:37:17,1664.26
9784,sess_001658,ADD_TO_CART,23,2026-07-22 05:37:31,1664.26
9785,sess_001658,PRODUCT_VIEW,28,2026-07-22 05:38:17,470.42
9786,sess_001658,ADD_TO_CART,28,2026-07-22 05:38:51,470.42
9787,sess_001659,PRODUCT_VIEW,47,2026-07-20 23:50:06,34979.66
9788,sess_001659,ADD_TO_CART,47,2026-07-20 23:50:28,34979.66
9789,sess_001660,PRODUCT_VIEW,14,2026-07-14 09:22:06,21714.55
9790,sess_001660,ADD_TO_CART,14,2026-07-14 09:22:48,21714.55
9791,sess_001661,PRODUCT_VIEW,36,2026-07-22 04:36:06,23638.97
9792,sess_001661,ADD_TO_CART,36,2026-07-22 04:37:01,23638.97
9793,sess_001661,PRODUCT_VIEW,11,2026-07-22 04:38:33,6189.77
9794,sess_001661,ADD_TO_CART,11,2026-07-22 04:39:01,6189.77
9795,sess_001662,PRODUCT_VIEW,29,2026-07-20 23:00:06,22477.1
9796,sess_001662,ADD_TO_CART,29,2026-07-20 23:00:31,22477.1
9797,sess_001662,PRODUCT_VIEW,9,2026-07-20 23:02:06,33952.76
9798,sess_001662,ADD_TO_CART,9,2026-07-20 23:02:38,33952.76
9799,sess_001662,PRODUCT_VIEW,36,2026-07-20 23:03:09,23638.97
9800,sess_001662,ADD_TO_CART,36,2026-07-20 23:04:06,23638.97
9801,sess_001662,CHECKOUT_START,29,2026-07-20 23:05:18,80068.83
9802,sess_001663,PRODUCT_VIEW,33,2026-07-31 20:19:06,10984.48
9803,sess_001663,ADD_TO_CART,33,2026-07-31 20:19:41,10984.48
9804,sess_001663,PRODUCT_VIEW,49,2026-07-31 20:21:21,30515.02
9805,sess_001663,ADD_TO_CART,49,2026-07-31 20:22:04,30515.02
9806,sess_001663,PRODUCT_VIEW,34,2026-07-31 20:23:16,7303.52
9807,sess_001663,ADD_TO_CART,34,2026-07-31 20:23:47,7303.52
9808,sess_001663,CHECKOUT_START,33,2026-07-31 20:24:55,48803.020000000004
9809,sess_001664,PRODUCT_VIEW,34,2026-07-14 01:59:06,7303.52
9810,sess_001664,ADD_TO_CART,34,2026-07-14 02:00:01,7303.52
9811,sess_001664,PRODUCT_VIEW,11,2026-07-14 02:01:29,6189.77
9812,sess_001664,ADD_TO_CART,11,2026-07-14 02:01:39,6189.77
9813,sess_001664,CHECKOUT_START,34,2026-07-14 02:02:13,13493.29
9814,sess_001665,PRODUCT_VIEW,28,2026-08-06 09:43:06,470.42
9815,sess_001665,ADD_TO_CART,28,2026-08-06 09:43:35,470.42
9816,sess_001665,PRODUCT_VIEW,35,2026-08-06 09:44:49,33955.92
9817,sess_001665,ADD_TO_CART,35,2026-08-06 09:45:30,33955.92
9818,sess_001665,PRODUCT_VIEW,47,2026-08-06 09:46:42,34979.66
9819,sess_001665,ADD_TO_CART,47,2026-08-06 09:47:32,34979.66
9820,sess_001666,PRODUCT_VIEW,37,2026-07-21 17:09:06,30424.4
9821,sess_001666,ADD_TO_CART,37,2026-07-21 17:09:37,30424.4
9822,sess_001666,PRODUCT_VIEW,21,2026-07-21 17:10:15,9659.58
9823,sess_001666,ADD_TO_CART,21,2026-07-21 17:10:30,9659.58
9824,sess_001666,PRODUCT_VIEW,31,2026-07-21 17:11:19,17262.47
9825,sess_001666,ADD_TO_CART,31,2026-07-21 17:11:51,17262.47
9826,sess_001667,PRODUCT_VIEW,18,2026-07-13 13:22:06,29592.56
9827,sess_001667,ADD_TO_CART,18,2026-07-13 13:22:33,29592.56
9828,sess_001667,PRODUCT_VIEW,35,2026-07-13 13:23:04,33955.92
9829,sess_001667,ADD_TO_CART,35,2026-07-13 13:23:57,33955.92
9830,sess_001667,PRODUCT_VIEW,46,2026-07-13 13:24:25,3997.88
9831,sess_001667,ADD_TO_CART,46,2026-07-13 13:25:20,3997.88
9832,sess_001667,PRODUCT_VIEW,30,2026-07-13 13:26:17,16078.93
9833,sess_001667,ADD_TO_CART,30,2026-07-13 13:27:00,16078.93
9834,sess_001667,CHECKOUT_START,18,2026-07-13 13:28:09,83625.29000000001
9835,sess_001668,PRODUCT_VIEW,22,2026-08-04 02:22:06,18731.11
9836,sess_001668,ADD_TO_CART,22,2026-08-04 02:22:55,18731.11
9837,sess_001668,PRODUCT_VIEW,15,2026-08-04 02:24:07,6095.52
9838,sess_001668,ADD_TO_CART,15,2026-08-04 02:24:39,6095.52
9839,sess_001668,PRODUCT_VIEW,18,2026-08-04 02:25:39,29592.56
9840,sess_001668,ADD_TO_CART,18,2026-08-04 02:25:53,29592.56
9841,sess_001668,CHECKOUT_START,22,2026-08-04 02:26:58,54419.19
9842,sess_001669,PRODUCT_VIEW,4,2026-07-26 09:35:06,12764.76
9843,sess_001669,ADD_TO_CART,4,2026-07-26 09:35:52,12764.76
9844,sess_001669,CHECKOUT_START,4,2026-07-26 09:36:38,12764.76
9845,sess_001669,PAYMENT_FAILURE,4,2026-07-26 09:37:30,12764.76
9846,sess_001669,PAYMENT_FAILURE,4,2026-07-26 09:38:47,12764.76
9847,sess_001669,PAYMENT_FAILURE,4,2026-07-26 09:39:49,12764.76
9848,sess_001670,PRODUCT_VIEW,49,2026-07-13 18:05:06,30515.02
9849,sess_001670,ADD_TO_CART,49,2026-07-13 18:06:03,30515.02
9850,sess_001671,PRODUCT_VIEW,50,2026-08-03 06:44:06,19975.03
9851,sess_001671,ADD_TO_CART,50,2026-08-03 06:44:26,19975.03
9852,sess_001671,PRODUCT_VIEW,43,2026-08-03 06:45:47,24226.27
9853,sess_001671,ADD_TO_CART,43,2026-08-03 06:46:21,24226.27
9854,sess_001671,PRODUCT_VIEW,39,2026-08-03 06:47:33,33078.06
9855,sess_001671,ADD_TO_CART,39,2026-08-03 06:48:18,33078.06
9856,sess_001671,CHECKOUT_START,50,2026-08-03 06:48:44,77279.36
9857,sess_001672,PRODUCT_VIEW,1,2026-08-05 03:00:06,29947.02
9858,sess_001672,ADD_TO_CART,1,2026-08-05 03:00:35,29947.02
9859,sess_001672,PRODUCT_VIEW,14,2026-08-05 03:02:05,21714.55
9860,sess_001672,ADD_TO_CART,14,2026-08-05 03:02:15,21714.55
9861,sess_001672,PRODUCT_VIEW,13,2026-08-05 03:02:44,15251.23
9862,sess_001672,ADD_TO_CART,13,2026-08-05 03:03:15,15251.23
9863,sess_001672,CHECKOUT_START,1,2026-08-05 03:04:03,66912.8
9864,sess_001673,PRODUCT_VIEW,18,2026-07-15 08:02:06,29592.56
9865,sess_001673,ADD_TO_CART,18,2026-07-15 08:02:38,29592.56
9866,sess_001673,PRODUCT_VIEW,27,2026-07-15 08:03:29,34536.05
9867,sess_001673,ADD_TO_CART,27,2026-07-15 08:04:16,34536.05
9868,sess_001673,PRODUCT_VIEW,2,2026-07-15 08:04:55,8878.17
9869,sess_001673,ADD_TO_CART,2,2026-07-15 08:05:30,8878.17
9870,sess_001673,CHECKOUT_START,18,2026-07-15 08:05:55,73006.78
9871,sess_001674,PRODUCT_VIEW,4,2026-07-15 10:52:06,12764.76
9872,sess_001674,ADD_TO_CART,4,2026-07-15 10:52:37,12764.76
9873,sess_001674,PRODUCT_VIEW,41,2026-07-15 10:53:23,30450.87
9874,sess_001674,ADD_TO_CART,41,2026-07-15 10:53:58,30450.87
9875,sess_001674,CHECKOUT_START,4,2026-07-15 10:54:56,43215.63
9876,sess_001674,PAYMENT_FAILURE,4,2026-07-15 10:56:05,43215.63
9877,sess_001674,PAYMENT_FAILURE,4,2026-07-15 10:57:11,43215.63
9878,sess_001674,PAYMENT_FAILURE,4,2026-07-15 10:57:45,43215.63
9879,sess_001675,PRODUCT_VIEW,33,2026-07-24 03:14:06,10984.48
9880,sess_001675,ADD_TO_CART,33,2026-07-24 03:15:03,10984.48
9881,sess_001675,PRODUCT_VIEW,24,2026-07-24 03:15:28,15990.76
9882,sess_001675,ADD_TO_CART,24,2026-07-24 03:15:48,15990.76
9883,sess_001676,PRODUCT_VIEW,22,2026-07-31 23:57:06,18731.11
9884,sess_001676,ADD_TO_CART,22,2026-07-31 23:57:21,18731.11
9885,sess_001676,PRODUCT_VIEW,21,2026-07-31 23:58:01,9659.58
9886,sess_001676,ADD_TO_CART,21,2026-07-31 23:58:35,9659.58
9887,sess_001676,PRODUCT_VIEW,36,2026-07-31 23:59:18,23638.97
9888,sess_001676,ADD_TO_CART,36,2026-07-31 23:59:54,23638.97
9889,sess_001676,PRODUCT_VIEW,9,2026-08-01 00:00:47,33952.76
9890,sess_001676,ADD_TO_CART,9,2026-08-01 00:01:10,33952.76
9891,sess_001676,CHECKOUT_START,22,2026-08-01 00:02:47,85982.42000000001
9892,sess_001677,PRODUCT_VIEW,31,2026-07-15 11:08:06,17262.47
9893,sess_001677,ADD_TO_CART,31,2026-07-15 11:08:37,17262.47
9894,sess_001678,PRODUCT_VIEW,7,2026-07-23 11:50:06,23088.42
9895,sess_001678,ADD_TO_CART,7,2026-07-23 11:51:05,23088.42
9896,sess_001678,PRODUCT_VIEW,20,2026-07-23 11:51:46,7441.9
9897,sess_001678,ADD_TO_CART,20,2026-07-23 11:52:17,7441.9
9898,sess_001678,PRODUCT_VIEW,39,2026-07-23 11:53:03,33078.06
9899,sess_001678,ADD_TO_CART,39,2026-07-23 11:53:56,33078.06
9900,sess_001678,CHECKOUT_START,7,2026-07-23 11:54:28,63608.38
9901,sess_001678,PAYMENT_FAILURE,7,2026-07-23 11:55:25,63608.38
9902,sess_001679,PRODUCT_VIEW,29,2026-07-14 02:38:06,22477.1
9903,sess_001679,ADD_TO_CART,29,2026-07-14 02:38:40,22477.1
9904,sess_001679,PRODUCT_VIEW,28,2026-07-14 02:39:40,470.42
9905,sess_001679,ADD_TO_CART,28,2026-07-14 02:40:27,470.42
9906,sess_001679,PRODUCT_VIEW,23,2026-07-14 02:40:51,1664.26
9907,sess_001679,ADD_TO_CART,23,2026-07-14 02:41:31,1664.26
9908,sess_001679,CHECKOUT_START,29,2026-07-14 02:41:53,24611.779999999995
9909,sess_001680,PRODUCT_VIEW,43,2026-07-13 17:27:06,24226.27
9910,sess_001680,ADD_TO_CART,43,2026-07-13 17:27:42,24226.27
9911,sess_001680,PRODUCT_VIEW,32,2026-07-13 17:29:14,5145.04
9912,sess_001680,ADD_TO_CART,32,2026-07-13 17:29:35,5145.04
9913,sess_001680,PRODUCT_VIEW,7,2026-07-13 17:30:13,23088.42
9914,sess_001680,ADD_TO_CART,7,2026-07-13 17:31:09,23088.42
9915,sess_001680,PRODUCT_VIEW,22,2026-07-13 17:31:29,18731.11
9916,sess_001680,ADD_TO_CART,22,2026-07-13 17:32:16,18731.11
9917,sess_001680,CHECKOUT_START,43,2026-07-13 17:33:10,71190.84
9918,sess_001681,PRODUCT_VIEW,23,2026-07-08 00:56:06,1664.26
9919,sess_001681,ADD_TO_CART,23,2026-07-08 00:56:29,1664.26
9920,sess_001682,PRODUCT_VIEW,15,2026-08-06 20:53:06,6095.52
9921,sess_001682,ADD_TO_CART,15,2026-08-06 20:53:32,6095.52
9922,sess_001682,PRODUCT_VIEW,50,2026-08-06 20:54:22,19975.03
9923,sess_001682,ADD_TO_CART,50,2026-08-06 20:55:14,19975.03
9924,sess_001682,PRODUCT_VIEW,19,2026-08-06 20:55:43,20611.38
9925,sess_001682,ADD_TO_CART,19,2026-08-06 20:56:35,20611.38
9926,sess_001682,PRODUCT_VIEW,40,2026-08-06 20:57:28,17551.46
9927,sess_001682,ADD_TO_CART,40,2026-08-06 20:58:22,17551.46
9928,sess_001682,CHECKOUT_START,15,2026-08-06 20:59:50,64233.39
9929,sess_001682,PAYMENT_FAILURE,15,2026-08-06 21:00:50,64233.39
9930,sess_001682,PAYMENT_FAILURE,15,2026-08-06 21:01:28,64233.39
9931,sess_001683,PRODUCT_VIEW,7,2026-07-30 21:05:06,23088.42
9932,sess_001683,ADD_TO_CART,7,2026-07-30 21:05:37,23088.42
9933,sess_001683,PRODUCT_VIEW,26,2026-07-30 21:06:44,1741.62
9934,sess_001683,ADD_TO_CART,26,2026-07-30 21:07:23,1741.62
9935,sess_001683,PRODUCT_VIEW,35,2026-07-30 21:08:10,33955.92
9936,sess_001683,ADD_TO_CART,35,2026-07-30 21:08:59,33955.92
9937,sess_001683,CHECKOUT_START,7,2026-07-30 21:09:59,58785.95999999999
9938,sess_001683,PAYMENT_FAILURE,7,2026-07-30 21:10:38,58785.95999999999
9939,sess_001683,PAYMENT_FAILURE,7,2026-07-30 21:11:23,58785.95999999999
9940,sess_001684,PRODUCT_VIEW,48,2026-08-07 01:37:06,34207.92
9941,sess_001684,ADD_TO_CART,48,2026-08-07 01:37:39,34207.92
9942,sess_001684,PRODUCT_VIEW,39,2026-08-07 01:39:03,33078.06
9943,sess_001684,ADD_TO_CART,39,2026-08-07 01:39:19,33078.06
9944,sess_001684,PRODUCT_VIEW,20,2026-08-07 01:40:31,7441.9
9945,sess_001684,ADD_TO_CART,20,2026-08-07 01:41:06,7441.9
9946,sess_001684,PRODUCT_VIEW,32,2026-08-07 01:41:31,5145.04
9947,sess_001684,ADD_TO_CART,32,2026-08-07 01:41:50,5145.04
9948,sess_001684,CHECKOUT_START,48,2026-08-07 01:43:17,79872.91999999998
9949,sess_001685,PRODUCT_VIEW,29,2026-08-02 16:29:06,22477.1
9950,sess_001685,ADD_TO_CART,29,2026-08-02 16:29:17,22477.1
9951,sess_001685,PRODUCT_VIEW,1,2026-08-02 16:30:36,29947.02
9952,sess_001685,ADD_TO_CART,1,2026-08-02 16:30:52,29947.02
9953,sess_001685,PRODUCT_VIEW,20,2026-08-02 16:31:44,7441.9
9954,sess_001685,ADD_TO_CART,20,2026-08-02 16:32:19,7441.9
9955,sess_001686,PRODUCT_VIEW,46,2026-07-20 07:56:06,3997.88
9956,sess_001686,ADD_TO_CART,46,2026-07-20 07:56:37,3997.88
9957,sess_001686,PRODUCT_VIEW,21,2026-07-20 07:57:02,9659.58
9958,sess_001686,ADD_TO_CART,21,2026-07-20 07:57:45,9659.58
9959,sess_001686,PRODUCT_VIEW,37,2026-07-20 07:58:32,30424.4
9960,sess_001686,ADD_TO_CART,37,2026-07-20 07:59:13,30424.4
9961,sess_001686,CHECKOUT_START,46,2026-07-20 08:00:09,44081.86
9962,sess_001687,PRODUCT_VIEW,2,2026-08-07 18:06:06,8878.17
9963,sess_001687,ADD_TO_CART,2,2026-08-07 18:06:20,8878.17
9964,sess_001688,PRODUCT_VIEW,37,2026-08-04 09:40:06,30424.4
9965,sess_001688,ADD_TO_CART,37,2026-08-04 09:40:50,30424.4
9966,sess_001688,PRODUCT_VIEW,3,2026-08-04 09:42:05,15751.54
9967,sess_001688,ADD_TO_CART,3,2026-08-04 09:42:59,15751.54
9968,sess_001688,PRODUCT_VIEW,32,2026-08-04 09:44:35,5145.04
9969,sess_001688,ADD_TO_CART,32,2026-08-04 09:44:56,5145.04
9970,sess_001688,CHECKOUT_START,37,2026-08-04 09:46:23,51320.98
9971,sess_001689,PRODUCT_VIEW,26,2026-07-15 12:10:06,1741.62
9972,sess_001689,ADD_TO_CART,26,2026-07-15 12:10:28,1741.62
9973,sess_001689,PRODUCT_VIEW,44,2026-07-15 12:11:42,7783.14
9974,sess_001689,ADD_TO_CART,44,2026-07-15 12:12:23,7783.14
9975,sess_001689,PRODUCT_VIEW,16,2026-07-15 12:13:13,1571.54
9976,sess_001689,ADD_TO_CART,16,2026-07-15 12:13:46,1571.54
9977,sess_001689,PRODUCT_VIEW,23,2026-07-15 12:14:51,1664.26
9978,sess_001689,ADD_TO_CART,23,2026-07-15 12:15:46,1664.26
9979,sess_001689,CHECKOUT_START,26,2026-07-15 12:17:13,12760.56
9980,sess_001689,PAYMENT_FAILURE,26,2026-07-15 12:18:21,12760.56
9981,sess_001690,PRODUCT_VIEW,15,2026-08-03 06:24:06,6095.52
9982,sess_001690,ADD_TO_CART,15,2026-08-03 06:24:22,6095.52
9983,sess_001690,PRODUCT_VIEW,23,2026-08-03 06:25:06,1664.26
9984,sess_001690,ADD_TO_CART,23,2026-08-03 06:25:55,1664.26
9985,sess_001690,CHECKOUT_START,15,2026-08-03 06:26:15,7759.780000000001
9986,sess_001691,PRODUCT_VIEW,28,2026-07-11 14:03:06,470.42
9987,sess_001691,ADD_TO_CART,28,2026-07-11 14:03:59,470.42
9988,sess_001691,PRODUCT_VIEW,26,2026-07-11 14:04:47,1741.62
9989,sess_001691,ADD_TO_CART,26,2026-07-11 14:05:17,1741.62
9990,sess_001691,CHECKOUT_START,28,2026-07-11 14:06:38,2212.04
9991,sess_001692,PRODUCT_VIEW,46,2026-07-16 15:29:06,3997.88
9992,sess_001692,ADD_TO_CART,46,2026-07-16 15:29:58,3997.88
9993,sess_001692,PRODUCT_VIEW,50,2026-07-16 15:30:19,19975.03
9994,sess_001692,ADD_TO_CART,50,2026-07-16 15:31:11,19975.03
9995,sess_001692,CHECKOUT_START,46,2026-07-16 15:31:37,23972.91
9996,sess_001693,PRODUCT_VIEW,2,2026-07-18 09:43:06,8878.17
9997,sess_001693,ADD_TO_CART,2,2026-07-18 09:43:27,8878.17
9998,sess_001693,PRODUCT_VIEW,33,2026-07-18 09:44:40,10984.48
9999,sess_001693,ADD_TO_CART,33,2026-07-18 09:45:05,10984.48
10000,sess_001693,PRODUCT_VIEW,12,2026-07-18 09:46:25,11993.35
10001,sess_001693,ADD_TO_CART,12,2026-07-18 09:47:12,11993.35
10002,sess_001693,PRODUCT_VIEW,22,2026-07-18 09:48:05,18731.11
10003,sess_001693,ADD_TO_CART,22,2026-07-18 09:49:00,18731.11
10004,sess_001693,CHECKOUT_START,2,2026-07-18 09:49:28,50587.11
10005,sess_001694,PRODUCT_VIEW,17,2026-07-13 20:19:06,23333.68
10006,sess_001694,ADD_TO_CART,17,2026-07-13 20:19:56,23333.68
10007,sess_001694,CHECKOUT_START,17,2026-07-13 20:20:37,23333.68
10008,sess_001694,PAYMENT_FAILURE,17,2026-07-13 20:21:27,23333.68
10009,sess_001695,PRODUCT_VIEW,22,2026-07-23 02:43:06,18731.11
10010,sess_001695,ADD_TO_CART,22,2026-07-23 02:43:35,18731.11
10011,sess_001695,PRODUCT_VIEW,40,2026-07-23 02:44:45,17551.46
10012,sess_001695,ADD_TO_CART,40,2026-07-23 02:45:43,17551.46
10013,sess_001696,PRODUCT_VIEW,5,2026-08-01 18:27:06,5973.44
10014,sess_001696,ADD_TO_CART,5,2026-08-01 18:27:22,5973.44
10015,sess_001696,PRODUCT_VIEW,8,2026-08-01 18:28:50,27139.29
10016,sess_001696,ADD_TO_CART,8,2026-08-01 18:29:42,27139.29
10017,sess_001696,PRODUCT_VIEW,34,2026-08-01 18:30:45,7303.52
10018,sess_001696,ADD_TO_CART,34,2026-08-01 18:31:00,7303.52
10019,sess_001696,CHECKOUT_START,5,2026-08-01 18:31:47,40416.25
10020,sess_001697,PRODUCT_VIEW,45,2026-07-28 19:42:06,13966.49
10021,sess_001697,ADD_TO_CART,45,2026-07-28 19:42:53,13966.49
10022,sess_001698,PRODUCT_VIEW,43,2026-08-04 06:18:06,24226.27
10023,sess_001698,ADD_TO_CART,43,2026-08-04 06:18:20,24226.27
10024,sess_001698,PRODUCT_VIEW,9,2026-08-04 06:19:13,33952.76
10025,sess_001698,ADD_TO_CART,9,2026-08-04 06:20:05,33952.76
10026,sess_001698,PRODUCT_VIEW,11,2026-08-04 06:21:31,6189.77
10027,sess_001698,ADD_TO_CART,11,2026-08-04 06:21:56,6189.77
10028,sess_001698,PRODUCT_VIEW,2,2026-08-04 06:22:41,8878.17
10029,sess_001698,ADD_TO_CART,2,2026-08-04 06:23:06,8878.17
10030,sess_001698,CHECKOUT_START,43,2026-08-04 06:24:07,73246.97
10031,sess_001698,PAYMENT_FAILURE,43,2026-08-04 06:24:54,73246.97
10032,sess_001698,PAYMENT_FAILURE,43,2026-08-04 06:25:27,73246.97
10033,sess_001699,PRODUCT_VIEW,1,2026-07-21 17:33:06,29947.02
10034,sess_001699,ADD_TO_CART,1,2026-07-21 17:33:46,29947.02
10035,sess_001699,PRODUCT_VIEW,33,2026-07-21 17:34:56,10984.48
10036,sess_001699,ADD_TO_CART,33,2026-07-21 17:35:24,10984.48
10037,sess_001699,CHECKOUT_START,1,2026-07-21 17:36:43,40931.5
10038,sess_001700,PRODUCT_VIEW,50,2026-07-25 02:03:06,19975.03
10039,sess_001700,ADD_TO_CART,50,2026-07-25 02:03:40,19975.03
10040,sess_001700,PRODUCT_VIEW,30,2026-07-25 02:04:18,16078.93
10041,sess_001700,ADD_TO_CART,30,2026-07-25 02:05:15,16078.93
10042,sess_001700,CHECKOUT_START,50,2026-07-25 02:06:52,36053.96
10043,sess_001701,PRODUCT_VIEW,10,2026-07-12 22:23:06,8490.19
10044,sess_001701,ADD_TO_CART,10,2026-07-12 22:23:49,8490.19
10045,sess_001701,PRODUCT_VIEW,3,2026-07-12 22:25:15,15751.54
10046,sess_001701,ADD_TO_CART,3,2026-07-12 22:25:50,15751.54
10047,sess_001701,PRODUCT_VIEW,19,2026-07-12 22:27:21,20611.38
10048,sess_001701,ADD_TO_CART,19,2026-07-12 22:27:34,20611.38
10049,sess_001701,PRODUCT_VIEW,35,2026-07-12 22:28:32,33955.92
10050,sess_001701,ADD_TO_CART,35,2026-07-12 22:28:48,33955.92
10051,sess_001701,CHECKOUT_START,10,2026-07-12 22:30:12,78809.03
10052,sess_001702,PRODUCT_VIEW,26,2026-07-12 01:43:06,1741.62
10053,sess_001702,ADD_TO_CART,26,2026-07-12 01:43:43,1741.62
10054,sess_001702,PRODUCT_VIEW,17,2026-07-12 01:45:02,23333.68
10055,sess_001702,ADD_TO_CART,17,2026-07-12 01:45:31,23333.68
10056,sess_001702,PRODUCT_VIEW,40,2026-07-12 01:46:04,17551.46
10057,sess_001702,ADD_TO_CART,40,2026-07-12 01:46:51,17551.46
10058,sess_001702,CHECKOUT_START,26,2026-07-12 01:48:29,42626.759999999995
10059,sess_001703,PRODUCT_VIEW,42,2026-07-17 23:56:06,1353.46
10060,sess_001703,ADD_TO_CART,42,2026-07-17 23:56:24,1353.46
10061,sess_001703,PRODUCT_VIEW,1,2026-07-17 23:57:27,29947.02
10062,sess_001703,ADD_TO_CART,1,2026-07-17 23:58:19,29947.02
10063,sess_001703,PRODUCT_VIEW,15,2026-07-17 23:58:53,6095.52
10064,sess_001703,ADD_TO_CART,15,2026-07-17 23:59:48,6095.52
10065,sess_001703,PRODUCT_VIEW,20,2026-07-18 00:01:24,7441.9
10066,sess_001703,ADD_TO_CART,20,2026-07-18 00:02:02,7441.9
10067,sess_001703,CHECKOUT_START,42,2026-07-18 00:02:28,44837.9
10068,sess_001704,PRODUCT_VIEW,30,2026-07-20 21:13:06,16078.93
10069,sess_001704,ADD_TO_CART,30,2026-07-20 21:13:23,16078.93
10070,sess_001704,PRODUCT_VIEW,1,2026-07-20 21:14:25,29947.02
10071,sess_001704,ADD_TO_CART,1,2026-07-20 21:14:50,29947.02
10072,sess_001704,PRODUCT_VIEW,18,2026-07-20 21:15:18,29592.56
10073,sess_001704,ADD_TO_CART,18,2026-07-20 21:16:06,29592.56
10074,sess_001704,PRODUCT_VIEW,12,2026-07-20 21:16:57,11993.35
10075,sess_001704,ADD_TO_CART,12,2026-07-20 21:17:47,11993.35
10076,sess_001704,CHECKOUT_START,30,2026-07-20 21:18:57,87611.86
10077,sess_001705,PRODUCT_VIEW,28,2026-07-14 00:30:06,470.42
10078,sess_001705,ADD_TO_CART,28,2026-07-14 00:30:52,470.42
10079,sess_001705,CHECKOUT_START,28,2026-07-14 00:31:15,470.42
10080,sess_001706,PRODUCT_VIEW,13,2026-08-07 19:48:06,15251.23
10081,sess_001706,ADD_TO_CART,13,2026-08-07 19:48:39,15251.23
10082,sess_001706,PRODUCT_VIEW,50,2026-08-07 19:50:08,19975.03
10083,sess_001706,ADD_TO_CART,50,2026-08-07 19:50:32,19975.03
10084,sess_001707,PRODUCT_VIEW,6,2026-07-25 12:16:06,33938.58
10085,sess_001707,ADD_TO_CART,6,2026-07-25 12:16:37,33938.58
10086,sess_001707,PRODUCT_VIEW,31,2026-07-25 12:17:29,17262.47
10087,sess_001707,ADD_TO_CART,31,2026-07-25 12:18:03,17262.47
10088,sess_001707,PRODUCT_VIEW,20,2026-07-25 12:19:36,7441.9
10089,sess_001707,ADD_TO_CART,20,2026-07-25 12:19:59,7441.9
10090,sess_001708,PRODUCT_VIEW,6,2026-08-06 21:36:06,33938.58
10091,sess_001708,ADD_TO_CART,6,2026-08-06 21:36:37,33938.58
10092,sess_001708,PRODUCT_VIEW,37,2026-08-06 21:37:44,30424.4
10093,sess_001708,ADD_TO_CART,37,2026-08-06 21:38:26,30424.4
10094,sess_001708,CHECKOUT_START,6,2026-08-06 21:40:00,64362.98
10095,sess_001709,PRODUCT_VIEW,6,2026-07-13 04:03:06,33938.58
10096,sess_001709,ADD_TO_CART,6,2026-07-13 04:03:28,33938.58
10097,sess_001709,PRODUCT_VIEW,32,2026-07-13 04:03:52,5145.04
10098,sess_001709,ADD_TO_CART,32,2026-07-13 04:04:24,5145.04
10099,sess_001709,PRODUCT_VIEW,45,2026-07-13 04:05:36,13966.49
10100,sess_001709,ADD_TO_CART,45,2026-07-13 04:06:18,13966.49
10101,sess_001709,PRODUCT_VIEW,2,2026-07-13 04:07:35,8878.17
10102,sess_001709,ADD_TO_CART,2,2026-07-13 04:07:48,8878.17
10103,sess_001709,CHECKOUT_START,6,2026-07-13 04:09:21,61928.28
10104,sess_001710,PRODUCT_VIEW,14,2026-07-28 21:27:06,21714.55
10105,sess_001710,ADD_TO_CART,14,2026-07-28 21:27:40,21714.55
10106,sess_001710,PRODUCT_VIEW,16,2026-07-28 21:29:11,1571.54
10107,sess_001710,ADD_TO_CART,16,2026-07-28 21:29:37,1571.54
10108,sess_001710,PRODUCT_VIEW,29,2026-07-28 21:30:11,22477.1
10109,sess_001710,ADD_TO_CART,29,2026-07-28 21:31:09,22477.1
10110,sess_001710,CHECKOUT_START,14,2026-07-28 21:32:40,45763.19
10111,sess_001711,PRODUCT_VIEW,21,2026-08-07 00:18:06,9659.58
10112,sess_001711,ADD_TO_CART,21,2026-08-07 00:18:53,9659.58
10113,sess_001711,PRODUCT_VIEW,42,2026-08-07 00:20:11,1353.46
10114,sess_001711,ADD_TO_CART,42,2026-08-07 00:21:04,1353.46
10115,sess_001711,PRODUCT_VIEW,46,2026-08-07 00:21:53,3997.88
10116,sess_001711,ADD_TO_CART,46,2026-08-07 00:22:08,3997.88
10117,sess_001711,CHECKOUT_START,21,2026-08-07 00:23:28,15010.920000000002
10118,sess_001712,PRODUCT_VIEW,17,2026-07-30 04:49:06,23333.68
10119,sess_001712,ADD_TO_CART,17,2026-07-30 04:49:16,23333.68
10120,sess_001712,PRODUCT_VIEW,22,2026-07-30 04:50:14,18731.11
10121,sess_001712,ADD_TO_CART,22,2026-07-30 04:50:58,18731.11
10122,sess_001712,PRODUCT_VIEW,8,2026-07-30 04:51:53,27139.29
10123,sess_001712,ADD_TO_CART,8,2026-07-30 04:52:37,27139.29
10124,sess_001712,PRODUCT_VIEW,50,2026-07-30 04:53:02,19975.03
10125,sess_001712,ADD_TO_CART,50,2026-07-30 04:53:49,19975.03
10126,sess_001712,CHECKOUT_START,17,2026-07-30 04:54:47,89179.11
10127,sess_001713,PRODUCT_VIEW,19,2026-08-05 12:52:06,20611.38
10128,sess_001713,ADD_TO_CART,19,2026-08-05 12:52:19,20611.38
10129,sess_001713,PRODUCT_VIEW,11,2026-08-05 12:53:37,6189.77
10130,sess_001713,ADD_TO_CART,11,2026-08-05 12:54:25,6189.77
10131,sess_001713,PRODUCT_VIEW,31,2026-08-05 12:55:59,17262.47
10132,sess_001713,ADD_TO_CART,31,2026-08-05 12:56:32,17262.47
10133,sess_001713,CHECKOUT_START,19,2026-08-05 12:58:06,44063.62
10134,sess_001714,PRODUCT_VIEW,20,2026-08-04 22:53:06,7441.9
10135,sess_001714,ADD_TO_CART,20,2026-08-04 22:53:59,7441.9
10136,sess_001714,PRODUCT_VIEW,29,2026-08-04 22:55:03,22477.1
10137,sess_001714,ADD_TO_CART,29,2026-08-04 22:55:39,22477.1
10138,sess_001714,PRODUCT_VIEW,24,2026-08-04 22:56:42,15990.76
10139,sess_001714,ADD_TO_CART,24,2026-08-04 22:57:21,15990.76
10140,sess_001714,PRODUCT_VIEW,19,2026-08-04 22:58:00,20611.38
10141,sess_001714,ADD_TO_CART,19,2026-08-04 22:58:42,20611.38
10142,sess_001714,CHECKOUT_START,20,2026-08-04 23:00:14,66521.14
10143,sess_001715,PRODUCT_VIEW,49,2026-07-20 17:27:06,30515.02
10144,sess_001715,ADD_TO_CART,49,2026-07-20 17:27:29,30515.02
10145,sess_001715,CHECKOUT_START,49,2026-07-20 17:29:03,30515.02
10146,sess_001715,PAYMENT_FAILURE,49,2026-07-20 17:29:33,30515.02
10147,sess_001715,PAYMENT_FAILURE,49,2026-07-20 17:30:41,30515.02
10148,sess_001715,PAYMENT_FAILURE,49,2026-07-20 17:31:43,30515.02
10149,sess_001716,PRODUCT_VIEW,14,2026-07-26 00:14:06,21714.55
10150,sess_001716,ADD_TO_CART,14,2026-07-26 00:14:49,21714.55
10151,sess_001716,CHECKOUT_START,14,2026-07-26 00:15:25,21714.55
10152,sess_001716,PAYMENT_FAILURE,14,2026-07-26 00:16:54,21714.55
10153,sess_001716,PAYMENT_FAILURE,14,2026-07-26 00:17:50,21714.55
10154,sess_001717,PRODUCT_VIEW,30,2026-07-24 09:03:06,16078.93
10155,sess_001717,ADD_TO_CART,30,2026-07-24 09:03:57,16078.93
10156,sess_001717,PRODUCT_VIEW,3,2026-07-24 09:04:43,15751.54
10157,sess_001717,ADD_TO_CART,3,2026-07-24 09:05:29,15751.54
10158,sess_001717,PRODUCT_VIEW,49,2026-07-24 09:07:01,30515.02
10159,sess_001717,ADD_TO_CART,49,2026-07-24 09:07:37,30515.02
10160,sess_001718,PRODUCT_VIEW,4,2026-07-15 09:28:06,12764.76
10161,sess_001718,ADD_TO_CART,4,2026-07-15 09:28:44,12764.76
10162,sess_001719,PRODUCT_VIEW,13,2026-08-02 02:04:06,15251.23
10163,sess_001719,ADD_TO_CART,13,2026-08-02 02:04:28,15251.23
10164,sess_001719,PRODUCT_VIEW,11,2026-08-02 02:05:18,6189.77
10165,sess_001719,ADD_TO_CART,11,2026-08-02 02:05:31,6189.77
10166,sess_001719,PRODUCT_VIEW,15,2026-08-02 02:06:09,6095.52
10167,sess_001719,ADD_TO_CART,15,2026-08-02 02:06:32,6095.52
10168,sess_001719,CHECKOUT_START,13,2026-08-02 02:08:10,27536.52
10169,sess_001720,PRODUCT_VIEW,25,2026-07-13 10:56:06,11269.93
10170,sess_001720,ADD_TO_CART,25,2026-07-13 10:56:52,11269.93
10171,sess_001721,PRODUCT_VIEW,21,2026-08-03 18:07:06,9659.58
10172,sess_001721,ADD_TO_CART,21,2026-08-03 18:07:35,9659.58
10173,sess_001721,PRODUCT_VIEW,50,2026-08-03 18:08:06,19975.03
10174,sess_001721,ADD_TO_CART,50,2026-08-03 18:08:24,19975.03
10175,sess_001721,PRODUCT_VIEW,9,2026-08-03 18:09:48,33952.76
10176,sess_001721,ADD_TO_CART,9,2026-08-03 18:10:19,33952.76
10177,sess_001721,PRODUCT_VIEW,39,2026-08-03 18:11:10,33078.06
10178,sess_001721,ADD_TO_CART,39,2026-08-03 18:11:50,33078.06
10179,sess_001722,PRODUCT_VIEW,38,2026-07-21 08:17:06,24333.81
10180,sess_001722,ADD_TO_CART,38,2026-07-21 08:17:56,24333.81
10181,sess_001722,CHECKOUT_START,38,2026-07-21 08:19:22,24333.81
10182,sess_001723,PRODUCT_VIEW,29,2026-07-08 14:01:06,22477.1
10183,sess_001723,ADD_TO_CART,29,2026-07-08 14:02:04,22477.1
10184,sess_001723,PRODUCT_VIEW,27,2026-07-08 14:03:02,34536.05
10185,sess_001723,ADD_TO_CART,27,2026-07-08 14:03:20,34536.05
10186,sess_001723,CHECKOUT_START,29,2026-07-08 14:04:26,57013.15
10187,sess_001723,PAYMENT_FAILURE,29,2026-07-08 14:05:17,57013.15
10188,sess_001723,PAYMENT_FAILURE,29,2026-07-08 14:06:38,57013.15
10189,sess_001723,PAYMENT_FAILURE,29,2026-07-08 14:07:09,57013.15
10190,sess_001724,PRODUCT_VIEW,15,2026-07-26 23:41:06,6095.52
10191,sess_001724,ADD_TO_CART,15,2026-07-26 23:42:02,6095.52
10192,sess_001724,CHECKOUT_START,15,2026-07-26 23:43:37,6095.52
10193,sess_001725,PRODUCT_VIEW,36,2026-08-05 08:13:06,23638.97
10194,sess_001725,ADD_TO_CART,36,2026-08-05 08:13:29,23638.97
10195,sess_001725,PRODUCT_VIEW,26,2026-08-05 08:15:04,1741.62
10196,sess_001725,ADD_TO_CART,26,2026-08-05 08:16:03,1741.62
10197,sess_001725,PRODUCT_VIEW,27,2026-08-05 08:17:36,34536.05
10198,sess_001725,ADD_TO_CART,27,2026-08-05 08:18:28,34536.05
10199,sess_001726,PRODUCT_VIEW,20,2026-07-12 00:45:06,7441.9
10200,sess_001726,ADD_TO_CART,20,2026-07-12 00:45:39,7441.9
10201,sess_001726,PRODUCT_VIEW,37,2026-07-12 00:46:51,30424.4
10202,sess_001726,ADD_TO_CART,37,2026-07-12 00:47:12,30424.4
10203,sess_001727,PRODUCT_VIEW,49,2026-07-29 20:42:06,30515.02
10204,sess_001727,ADD_TO_CART,49,2026-07-29 20:42:50,30515.02
10205,sess_001727,PRODUCT_VIEW,12,2026-07-29 20:44:21,11993.35
10206,sess_001727,ADD_TO_CART,12,2026-07-29 20:45:03,11993.35
10207,sess_001727,CHECKOUT_START,49,2026-07-29 20:45:23,42508.37
10208,sess_001728,PRODUCT_VIEW,10,2026-08-06 18:31:06,8490.19
10209,sess_001728,ADD_TO_CART,10,2026-08-06 18:31:17,8490.19
10210,sess_001728,CHECKOUT_START,10,2026-08-06 18:31:55,8490.19
10211,sess_001728,PAYMENT_FAILURE,10,2026-08-06 18:33:08,8490.19
10212,sess_001728,PAYMENT_FAILURE,10,2026-08-06 18:33:48,8490.19
10213,sess_001729,PRODUCT_VIEW,18,2026-07-29 12:07:06,29592.56
10214,sess_001729,ADD_TO_CART,18,2026-07-29 12:07:24,29592.56
10215,sess_001729,PRODUCT_VIEW,34,2026-07-29 12:07:52,7303.52
10216,sess_001729,ADD_TO_CART,34,2026-07-29 12:08:05,7303.52
10217,sess_001729,PRODUCT_VIEW,32,2026-07-29 12:08:59,5145.04
10218,sess_001729,ADD_TO_CART,32,2026-07-29 12:09:34,5145.04
10219,sess_001729,PRODUCT_VIEW,40,2026-07-29 12:10:47,17551.46
10220,sess_001729,ADD_TO_CART,40,2026-07-29 12:11:05,17551.46
10221,sess_001729,CHECKOUT_START,18,2026-07-29 12:12:24,59592.58
10222,sess_001730,PRODUCT_VIEW,18,2026-08-02 10:47:06,29592.56
10223,sess_001730,ADD_TO_CART,18,2026-08-02 10:47:30,29592.56
10224,sess_001730,PRODUCT_VIEW,11,2026-08-02 10:48:40,6189.77
10225,sess_001730,ADD_TO_CART,11,2026-08-02 10:48:53,6189.77
10226,sess_001730,PRODUCT_VIEW,4,2026-08-02 10:50:14,12764.76
10227,sess_001730,ADD_TO_CART,4,2026-08-02 10:50:58,12764.76
10228,sess_001730,CHECKOUT_START,18,2026-08-02 10:52:01,48547.090000000004
10229,sess_001731,PRODUCT_VIEW,26,2026-07-08 11:55:06,1741.62
10230,sess_001731,ADD_TO_CART,26,2026-07-08 11:56:01,1741.62
10231,sess_001731,PRODUCT_VIEW,35,2026-07-08 11:56:22,33955.92
10232,sess_001731,ADD_TO_CART,35,2026-07-08 11:56:59,33955.92
10233,sess_001731,CHECKOUT_START,26,2026-07-08 11:57:25,35697.54
10234,sess_001732,PRODUCT_VIEW,32,2026-07-19 19:23:06,5145.04
10235,sess_001732,ADD_TO_CART,32,2026-07-19 19:23:58,5145.04
10236,sess_001732,PRODUCT_VIEW,5,2026-07-19 19:25:26,5973.44
10237,sess_001732,ADD_TO_CART,5,2026-07-19 19:25:57,5973.44
10238,sess_001732,PRODUCT_VIEW,18,2026-07-19 19:27:21,29592.56
10239,sess_001732,ADD_TO_CART,18,2026-07-19 19:28:16,29592.56
10240,sess_001732,PRODUCT_VIEW,48,2026-07-19 19:28:48,34207.92
10241,sess_001732,ADD_TO_CART,48,2026-07-19 19:29:37,34207.92
10242,sess_001733,PRODUCT_VIEW,2,2026-07-25 07:41:06,8878.17
10243,sess_001733,ADD_TO_CART,2,2026-07-25 07:41:24,8878.17
10244,sess_001733,PRODUCT_VIEW,40,2026-07-25 07:42:28,17551.46
10245,sess_001733,ADD_TO_CART,40,2026-07-25 07:42:42,17551.46
10246,sess_001733,CHECKOUT_START,2,2026-07-25 07:44:15,26429.629999999997
10247,sess_001734,PRODUCT_VIEW,46,2026-07-15 12:35:06,3997.88
10248,sess_001734,ADD_TO_CART,46,2026-07-15 12:35:52,3997.88
10249,sess_001734,PRODUCT_VIEW,10,2026-07-15 12:37:09,8490.19
10250,sess_001734,ADD_TO_CART,10,2026-07-15 12:37:19,8490.19
10251,sess_001735,PRODUCT_VIEW,22,2026-07-28 07:22:06,18731.11
10252,sess_001735,ADD_TO_CART,22,2026-07-28 07:22:50,18731.11
10253,sess_001736,PRODUCT_VIEW,6,2026-07-25 17:25:06,33938.58
10254,sess_001736,ADD_TO_CART,6,2026-07-25 17:25:17,33938.58
10255,sess_001736,PRODUCT_VIEW,19,2026-07-25 17:26:36,20611.38
10256,sess_001736,ADD_TO_CART,19,2026-07-25 17:27:07,20611.38
10257,sess_001736,PRODUCT_VIEW,39,2026-07-25 17:28:25,33078.06
10258,sess_001736,ADD_TO_CART,39,2026-07-25 17:28:54,33078.06
10259,sess_001736,PRODUCT_VIEW,11,2026-07-25 17:29:28,6189.77
10260,sess_001736,ADD_TO_CART,11,2026-07-25 17:30:28,6189.77
10261,sess_001737,PRODUCT_VIEW,39,2026-07-31 04:44:06,33078.06
10262,sess_001737,ADD_TO_CART,39,2026-07-31 04:44:50,33078.06
10263,sess_001737,PRODUCT_VIEW,6,2026-07-31 04:45:40,33938.58
10264,sess_001737,ADD_TO_CART,6,2026-07-31 04:46:34,33938.58
10265,sess_001737,PRODUCT_VIEW,34,2026-07-31 04:47:02,7303.52
10266,sess_001737,ADD_TO_CART,34,2026-07-31 04:47:23,7303.52
10267,sess_001737,CHECKOUT_START,39,2026-07-31 04:48:21,74320.16
10268,sess_001737,PAYMENT_FAILURE,39,2026-07-31 04:49:32,74320.16
10269,sess_001738,PRODUCT_VIEW,20,2026-07-13 08:53:06,7441.9
10270,sess_001738,ADD_TO_CART,20,2026-07-13 08:53:35,7441.9
10271,sess_001738,PRODUCT_VIEW,13,2026-07-13 08:54:20,15251.23
10272,sess_001738,ADD_TO_CART,13,2026-07-13 08:55:10,15251.23
10273,sess_001738,PRODUCT_VIEW,41,2026-07-13 08:56:13,30450.87
10274,sess_001738,ADD_TO_CART,41,2026-07-13 08:56:42,30450.87
10275,sess_001738,CHECKOUT_START,20,2026-07-13 08:58:21,53144.0
10276,sess_001739,PRODUCT_VIEW,34,2026-07-23 20:52:06,7303.52
10277,sess_001739,ADD_TO_CART,34,2026-07-23 20:52:57,7303.52
10278,sess_001739,PRODUCT_VIEW,44,2026-07-23 20:53:22,7783.14
10279,sess_001739,ADD_TO_CART,44,2026-07-23 20:53:42,7783.14
10280,sess_001739,CHECKOUT_START,34,2026-07-23 20:55:20,15086.66
10281,sess_001740,PRODUCT_VIEW,9,2026-07-09 06:24:06,33952.76
10282,sess_001740,ADD_TO_CART,9,2026-07-09 06:24:53,33952.76
10283,sess_001740,PRODUCT_VIEW,19,2026-07-09 06:26:06,20611.38
10284,sess_001740,ADD_TO_CART,19,2026-07-09 06:26:19,20611.38
10285,sess_001740,PRODUCT_VIEW,31,2026-07-09 06:27:59,17262.47
10286,sess_001740,ADD_TO_CART,31,2026-07-09 06:28:10,17262.47
10287,sess_001740,CHECKOUT_START,9,2026-07-09 06:28:36,71826.61
10288,sess_001741,PRODUCT_VIEW,9,2026-07-16 12:32:06,33952.76
10289,sess_001741,ADD_TO_CART,9,2026-07-16 12:32:40,33952.76
10290,sess_001741,PRODUCT_VIEW,19,2026-07-16 12:33:17,20611.38
10291,sess_001741,ADD_TO_CART,19,2026-07-16 12:33:35,20611.38
10292,sess_001741,PRODUCT_VIEW,11,2026-07-16 12:34:41,6189.77
10293,sess_001741,ADD_TO_CART,11,2026-07-16 12:35:07,6189.77
10294,sess_001741,PRODUCT_VIEW,26,2026-07-16 12:36:43,1741.62
10295,sess_001741,ADD_TO_CART,26,2026-07-16 12:37:02,1741.62
10296,sess_001741,CHECKOUT_START,9,2026-07-16 12:37:26,62495.530000000006
10297,sess_001742,PRODUCT_VIEW,44,2026-07-08 15:28:06,7783.14
10298,sess_001742,ADD_TO_CART,44,2026-07-08 15:28:37,7783.14
10299,sess_001742,CHECKOUT_START,44,2026-07-08 15:29:15,7783.14
10300,sess_001743,PRODUCT_VIEW,17,2026-07-24 18:20:06,23333.68
10301,sess_001743,ADD_TO_CART,17,2026-07-24 18:20:47,23333.68
10302,sess_001743,CHECKOUT_START,17,2026-07-24 18:21:49,23333.68
10303,sess_001744,PRODUCT_VIEW,22,2026-08-05 06:49:06,18731.11
10304,sess_001744,ADD_TO_CART,22,2026-08-05 06:49:49,18731.11
10305,sess_001744,PRODUCT_VIEW,40,2026-08-05 06:50:43,17551.46
10306,sess_001744,ADD_TO_CART,40,2026-08-05 06:51:21,17551.46
10307,sess_001744,CHECKOUT_START,22,2026-08-05 06:52:20,36282.57
10308,sess_001745,PRODUCT_VIEW,23,2026-07-25 01:16:06,1664.26
10309,sess_001745,ADD_TO_CART,23,2026-07-25 01:16:31,1664.26
10310,sess_001745,CHECKOUT_START,23,2026-07-25 01:18:07,1664.26
10311,sess_001746,PRODUCT_VIEW,3,2026-07-29 08:45:06,15751.54
10312,sess_001746,ADD_TO_CART,3,2026-07-29 08:46:02,15751.54
10313,sess_001746,CHECKOUT_START,3,2026-07-29 08:46:47,15751.54
10314,sess_001747,PRODUCT_VIEW,27,2026-07-18 22:44:06,34536.05
10315,sess_001747,ADD_TO_CART,27,2026-07-18 22:44:35,34536.05
10316,sess_001747,PRODUCT_VIEW,5,2026-07-18 22:45:13,5973.44
10317,sess_001747,ADD_TO_CART,5,2026-07-18 22:45:51,5973.44
10318,sess_001747,PRODUCT_VIEW,42,2026-07-18 22:47:15,1353.46
10319,sess_001747,ADD_TO_CART,42,2026-07-18 22:47:56,1353.46
10320,sess_001747,PRODUCT_VIEW,20,2026-07-18 22:48:47,7441.9
10321,sess_001747,ADD_TO_CART,20,2026-07-18 22:49:44,7441.9
10322,sess_001748,PRODUCT_VIEW,39,2026-07-18 16:08:06,33078.06
10323,sess_001748,ADD_TO_CART,39,2026-07-18 16:09:03,33078.06
10324,sess_001748,PRODUCT_VIEW,10,2026-07-18 16:09:30,8490.19
10325,sess_001748,ADD_TO_CART,10,2026-07-18 16:10:27,8490.19
10326,sess_001748,PRODUCT_VIEW,47,2026-07-18 16:11:42,34979.66
10327,sess_001748,ADD_TO_CART,47,2026-07-18 16:12:20,34979.66
10328,sess_001748,PRODUCT_VIEW,46,2026-07-18 16:13:26,3997.88
10329,sess_001748,ADD_TO_CART,46,2026-07-18 16:13:53,3997.88
10330,sess_001749,PRODUCT_VIEW,21,2026-07-20 10:58:06,9659.58
10331,sess_001749,ADD_TO_CART,21,2026-07-20 10:59:05,9659.58
10332,sess_001749,PRODUCT_VIEW,14,2026-07-20 11:00:40,21714.55
10333,sess_001749,ADD_TO_CART,14,2026-07-20 11:01:01,21714.55
10334,sess_001749,PRODUCT_VIEW,48,2026-07-20 11:02:05,34207.92
10335,sess_001749,ADD_TO_CART,48,2026-07-20 11:02:26,34207.92
10336,sess_001749,CHECKOUT_START,21,2026-07-20 11:03:51,65582.04999999999
10337,sess_001750,PRODUCT_VIEW,31,2026-07-31 07:11:06,17262.47
10338,sess_001750,ADD_TO_CART,31,2026-07-31 07:11:30,17262.47
10339,sess_001750,CHECKOUT_START,31,2026-07-31 07:12:25,17262.47
10340,sess_001751,PRODUCT_VIEW,19,2026-07-31 10:11:06,20611.38
10341,sess_001751,ADD_TO_CART,19,2026-07-31 10:11:46,20611.38
10342,sess_001751,PRODUCT_VIEW,49,2026-07-31 10:12:38,30515.02
10343,sess_001751,ADD_TO_CART,49,2026-07-31 10:12:49,30515.02
10344,sess_001751,CHECKOUT_START,19,2026-07-31 10:14:21,51126.4
10345,sess_001752,PRODUCT_VIEW,5,2026-08-06 16:22:06,5973.44
10346,sess_001752,ADD_TO_CART,5,2026-08-06 16:22:24,5973.44
10347,sess_001752,PRODUCT_VIEW,26,2026-08-06 16:23:15,1741.62
10348,sess_001752,ADD_TO_CART,26,2026-08-06 16:23:33,1741.62
10349,sess_001752,PRODUCT_VIEW,4,2026-08-06 16:24:34,12764.76
10350,sess_001752,ADD_TO_CART,4,2026-08-06 16:24:50,12764.76
10351,sess_001752,CHECKOUT_START,5,2026-08-06 16:25:13,20479.82
10352,sess_001753,PRODUCT_VIEW,10,2026-07-21 07:36:06,8490.19
10353,sess_001753,ADD_TO_CART,10,2026-07-21 07:36:59,8490.19
10354,sess_001753,PRODUCT_VIEW,42,2026-07-21 07:37:57,1353.46
10355,sess_001753,ADD_TO_CART,42,2026-07-21 07:38:28,1353.46
10356,sess_001753,PRODUCT_VIEW,44,2026-07-21 07:39:38,7783.14
10357,sess_001753,ADD_TO_CART,44,2026-07-21 07:40:07,7783.14
10358,sess_001753,CHECKOUT_START,10,2026-07-21 07:40:36,17626.79
10359,sess_001754,PRODUCT_VIEW,32,2026-08-05 20:08:06,5145.04
10360,sess_001754,ADD_TO_CART,32,2026-08-05 20:09:05,5145.04
10361,sess_001755,PRODUCT_VIEW,40,2026-07-15 12:50:06,17551.46
10362,sess_001755,ADD_TO_CART,40,2026-07-15 12:50:20,17551.46
10363,sess_001755,PRODUCT_VIEW,17,2026-07-15 12:51:58,23333.68
10364,sess_001755,ADD_TO_CART,17,2026-07-15 12:52:53,23333.68
10365,sess_001755,PRODUCT_VIEW,49,2026-07-15 12:54:13,30515.02
10366,sess_001755,ADD_TO_CART,49,2026-07-15 12:54:30,30515.02
10367,sess_001755,CHECKOUT_START,40,2026-07-15 12:55:32,71400.16
10368,sess_001756,PRODUCT_VIEW,27,2026-08-04 11:14:06,34536.05
10369,sess_001756,ADD_TO_CART,27,2026-08-04 11:15:06,34536.05
10370,sess_001756,PRODUCT_VIEW,16,2026-08-04 11:16:21,1571.54
10371,sess_001756,ADD_TO_CART,16,2026-08-04 11:16:38,1571.54
10372,sess_001756,PRODUCT_VIEW,2,2026-08-04 11:17:50,8878.17
10373,sess_001756,ADD_TO_CART,2,2026-08-04 11:18:08,8878.17
10374,sess_001756,CHECKOUT_START,27,2026-08-04 11:18:37,44985.76
10375,sess_001756,PAYMENT_FAILURE,27,2026-08-04 11:19:49,44985.76
10376,sess_001757,PRODUCT_VIEW,5,2026-07-28 20:08:06,5973.44
10377,sess_001757,ADD_TO_CART,5,2026-07-28 20:08:25,5973.44
10378,sess_001757,PRODUCT_VIEW,21,2026-07-28 20:08:52,9659.58
10379,sess_001757,ADD_TO_CART,21,2026-07-28 20:09:22,9659.58
10380,sess_001757,PRODUCT_VIEW,3,2026-07-28 20:10:59,15751.54
10381,sess_001757,ADD_TO_CART,3,2026-07-28 20:11:44,15751.54
10382,sess_001757,PRODUCT_VIEW,19,2026-07-28 20:12:53,20611.38
10383,sess_001757,ADD_TO_CART,19,2026-07-28 20:13:35,20611.38
10384,sess_001757,CHECKOUT_START,5,2026-07-28 20:14:40,51995.94
10385,sess_001758,PRODUCT_VIEW,2,2026-07-10 21:59:06,8878.17
10386,sess_001758,ADD_TO_CART,2,2026-07-10 22:00:04,8878.17
10387,sess_001758,PRODUCT_VIEW,33,2026-07-10 22:01:39,10984.48
10388,sess_001758,ADD_TO_CART,33,2026-07-10 22:01:51,10984.48
10389,sess_001758,PRODUCT_VIEW,3,2026-07-10 22:02:24,15751.54
10390,sess_001758,ADD_TO_CART,3,2026-07-10 22:02:36,15751.54
10391,sess_001758,PRODUCT_VIEW,48,2026-07-10 22:03:06,34207.92
10392,sess_001758,ADD_TO_CART,48,2026-07-10 22:03:34,34207.92
10393,sess_001758,CHECKOUT_START,2,2026-07-10 22:04:47,69822.11
10394,sess_001759,PRODUCT_VIEW,3,2026-08-03 08:03:06,15751.54
10395,sess_001759,ADD_TO_CART,3,2026-08-03 08:03:41,15751.54
10396,sess_001759,PRODUCT_VIEW,18,2026-08-03 08:04:15,29592.56
10397,sess_001759,ADD_TO_CART,18,2026-08-03 08:04:49,29592.56
10398,sess_001759,CHECKOUT_START,3,2026-08-03 08:05:40,45344.100000000006
10399,sess_001760,PRODUCT_VIEW,39,2026-07-21 12:36:06,33078.06
10400,sess_001760,ADD_TO_CART,39,2026-07-21 12:36:18,33078.06
10401,sess_001760,PRODUCT_VIEW,3,2026-07-21 12:37:53,15751.54
10402,sess_001760,ADD_TO_CART,3,2026-07-21 12:38:27,15751.54
10403,sess_001760,PRODUCT_VIEW,23,2026-07-21 12:39:29,1664.26
10404,sess_001760,ADD_TO_CART,23,2026-07-21 12:40:04,1664.26
10405,sess_001760,PRODUCT_VIEW,41,2026-07-21 12:41:35,30450.87
10406,sess_001760,ADD_TO_CART,41,2026-07-21 12:42:19,30450.87
10407,sess_001760,CHECKOUT_START,39,2026-07-21 12:42:59,80944.73
10408,sess_001761,PRODUCT_VIEW,44,2026-07-23 19:18:06,7783.14
10409,sess_001761,ADD_TO_CART,44,2026-07-23 19:18:58,7783.14
10410,sess_001761,CHECKOUT_START,44,2026-07-23 19:19:55,7783.14
10411,sess_001762,PRODUCT_VIEW,35,2026-07-25 14:58:06,33955.92
10412,sess_001762,ADD_TO_CART,35,2026-07-25 14:58:30,33955.92
10413,sess_001762,CHECKOUT_START,35,2026-07-25 14:58:56,33955.92
10414,sess_001763,PRODUCT_VIEW,30,2026-07-18 15:55:06,16078.93
10415,sess_001763,ADD_TO_CART,30,2026-07-18 15:55:46,16078.93
10416,sess_001763,PRODUCT_VIEW,6,2026-07-18 15:56:39,33938.58
10417,sess_001763,ADD_TO_CART,6,2026-07-18 15:57:25,33938.58
10418,sess_001763,PRODUCT_VIEW,17,2026-07-18 15:57:49,23333.68
10419,sess_001763,ADD_TO_CART,17,2026-07-18 15:58:26,23333.68
10420,sess_001763,PRODUCT_VIEW,25,2026-07-18 15:59:34,11269.93
10421,sess_001763,ADD_TO_CART,25,2026-07-18 16:00:17,11269.93
10422,sess_001763,CHECKOUT_START,30,2026-07-18 16:01:42,84621.12
10423,sess_001763,PAYMENT_FAILURE,30,2026-07-18 16:02:58,84621.12
10424,sess_001763,PAYMENT_FAILURE,30,2026-07-18 16:03:54,84621.12
10425,sess_001764,PRODUCT_VIEW,28,2026-07-23 21:11:06,470.42
10426,sess_001764,ADD_TO_CART,28,2026-07-23 21:11:58,470.42
10427,sess_001764,PRODUCT_VIEW,3,2026-07-23 21:13:35,15751.54
10428,sess_001764,ADD_TO_CART,3,2026-07-23 21:14:35,15751.54
10429,sess_001764,PRODUCT_VIEW,23,2026-07-23 21:15:41,1664.26
10430,sess_001764,ADD_TO_CART,23,2026-07-23 21:16:16,1664.26
10431,sess_001764,CHECKOUT_START,28,2026-07-23 21:17:02,17886.22
10432,sess_001765,PRODUCT_VIEW,47,2026-07-18 02:14:06,34979.66
10433,sess_001765,ADD_TO_CART,47,2026-07-18 02:14:18,34979.66
10434,sess_001765,CHECKOUT_START,47,2026-07-18 02:14:55,34979.66
10435,sess_001766,PRODUCT_VIEW,31,2026-07-13 17:19:06,17262.47
10436,sess_001766,ADD_TO_CART,31,2026-07-13 17:19:28,17262.47
10437,sess_001766,PRODUCT_VIEW,16,2026-07-13 17:20:00,1571.54
10438,sess_001766,ADD_TO_CART,16,2026-07-13 17:20:34,1571.54
10439,sess_001766,PRODUCT_VIEW,2,2026-07-13 17:21:57,8878.17
10440,sess_001766,ADD_TO_CART,2,2026-07-13 17:22:51,8878.17
10441,sess_001766,PRODUCT_VIEW,44,2026-07-13 17:24:22,7783.14
10442,sess_001766,ADD_TO_CART,44,2026-07-13 17:25:02,7783.14
10443,sess_001767,PRODUCT_VIEW,7,2026-07-21 08:13:06,23088.42
10444,sess_001767,ADD_TO_CART,7,2026-07-21 08:13:25,23088.42
10445,sess_001767,CHECKOUT_START,7,2026-07-21 08:14:18,23088.42
10446,sess_001768,PRODUCT_VIEW,43,2026-07-12 14:43:06,24226.27
10447,sess_001768,ADD_TO_CART,43,2026-07-12 14:43:19,24226.27
10448,sess_001768,CHECKOUT_START,43,2026-07-12 14:44:22,24226.27
10449,sess_001769,PRODUCT_VIEW,41,2026-07-20 04:37:06,30450.87
10450,sess_001769,ADD_TO_CART,41,2026-07-20 04:37:48,30450.87
10451,sess_001769,PRODUCT_VIEW,30,2026-07-20 04:39:09,16078.93
10452,sess_001769,ADD_TO_CART,30,2026-07-20 04:39:27,16078.93
10453,sess_001769,PRODUCT_VIEW,16,2026-07-20 04:40:26,1571.54
10454,sess_001769,ADD_TO_CART,16,2026-07-20 04:41:00,1571.54
10455,sess_001769,PRODUCT_VIEW,34,2026-07-20 04:41:32,7303.52
10456,sess_001769,ADD_TO_CART,34,2026-07-20 04:42:07,7303.52
10457,sess_001769,CHECKOUT_START,41,2026-07-20 04:42:54,55404.86
10458,sess_001769,PAYMENT_FAILURE,41,2026-07-20 04:43:24,55404.86
10459,sess_001770,PRODUCT_VIEW,15,2026-07-17 22:36:06,6095.52
10460,sess_001770,ADD_TO_CART,15,2026-07-17 22:36:55,6095.52
10461,sess_001770,PRODUCT_VIEW,21,2026-07-17 22:37:54,9659.58
10462,sess_001770,ADD_TO_CART,21,2026-07-17 22:38:43,9659.58
10463,sess_001770,PRODUCT_VIEW,11,2026-07-17 22:39:31,6189.77
10464,sess_001770,ADD_TO_CART,11,2026-07-17 22:39:42,6189.77
10465,sess_001770,CHECKOUT_START,15,2026-07-17 22:41:04,21944.870000000003
10466,sess_001770,PAYMENT_FAILURE,15,2026-07-17 22:42:18,21944.870000000003
10467,sess_001771,PRODUCT_VIEW,18,2026-07-20 05:18:06,29592.56
10468,sess_001771,ADD_TO_CART,18,2026-07-20 05:18:40,29592.56
10469,sess_001771,PRODUCT_VIEW,27,2026-07-20 05:19:19,34536.05
10470,sess_001771,ADD_TO_CART,27,2026-07-20 05:20:01,34536.05
10471,sess_001771,PRODUCT_VIEW,49,2026-07-20 05:21:40,30515.02
10472,sess_001771,ADD_TO_CART,49,2026-07-20 05:22:21,30515.02
10473,sess_001771,CHECKOUT_START,18,2026-07-20 05:23:05,94643.63
10474,sess_001772,PRODUCT_VIEW,4,2026-08-03 09:11:06,12764.76
10475,sess_001772,ADD_TO_CART,4,2026-08-03 09:11:31,12764.76
10476,sess_001772,PRODUCT_VIEW,1,2026-08-03 09:11:55,29947.02
10477,sess_001772,ADD_TO_CART,1,2026-08-03 09:12:13,29947.02
10478,sess_001772,PRODUCT_VIEW,11,2026-08-03 09:13:01,6189.77
10479,sess_001772,ADD_TO_CART,11,2026-08-03 09:13:29,6189.77
10480,sess_001772,PRODUCT_VIEW,9,2026-08-03 09:13:53,33952.76
10481,sess_001772,ADD_TO_CART,9,2026-08-03 09:14:26,33952.76
10482,sess_001772,CHECKOUT_START,4,2026-08-03 09:15:34,82854.31
10483,sess_001773,PRODUCT_VIEW,17,2026-07-27 21:56:06,23333.68
10484,sess_001773,ADD_TO_CART,17,2026-07-27 21:56:22,23333.68
10485,sess_001774,PRODUCT_VIEW,12,2026-08-05 10:32:06,11993.35
10486,sess_001774,ADD_TO_CART,12,2026-08-05 10:32:29,11993.35
10487,sess_001774,CHECKOUT_START,12,2026-08-05 10:34:03,11993.35
10488,sess_001775,PRODUCT_VIEW,27,2026-07-18 03:40:06,34536.05
10489,sess_001775,ADD_TO_CART,27,2026-07-18 03:40:36,34536.05
10490,sess_001775,PRODUCT_VIEW,6,2026-07-18 03:41:13,33938.58
10491,sess_001775,ADD_TO_CART,6,2026-07-18 03:41:53,33938.58
10492,sess_001775,CHECKOUT_START,27,2026-07-18 03:43:03,68474.63
10493,sess_001776,PRODUCT_VIEW,35,2026-08-07 19:41:06,33955.92
10494,sess_001776,ADD_TO_CART,35,2026-08-07 19:42:02,33955.92
10495,sess_001776,PRODUCT_VIEW,26,2026-08-07 19:42:31,1741.62
10496,sess_001776,ADD_TO_CART,26,2026-08-07 19:42:56,1741.62
10497,sess_001776,PRODUCT_VIEW,13,2026-08-07 19:44:15,15251.23
10498,sess_001776,ADD_TO_CART,13,2026-08-07 19:44:40,15251.23
10499,sess_001776,CHECKOUT_START,35,2026-08-07 19:45:59,50948.770000000004
10500,sess_001776,PAYMENT_FAILURE,35,2026-08-07 19:46:33,50948.770000000004
10501,sess_001776,PAYMENT_FAILURE,35,2026-08-07 19:47:22,50948.770000000004
10502,sess_001777,PRODUCT_VIEW,45,2026-07-12 20:52:06,13966.49
10503,sess_001777,ADD_TO_CART,45,2026-07-12 20:52:25,13966.49
10504,sess_001778,PRODUCT_VIEW,1,2026-08-04 04:00:06,29947.02
10505,sess_001778,ADD_TO_CART,1,2026-08-04 04:00:32,29947.02
10506,sess_001778,PRODUCT_VIEW,25,2026-08-04 04:01:50,11269.93
10507,sess_001778,ADD_TO_CART,25,2026-08-04 04:02:50,11269.93
10508,sess_001778,PRODUCT_VIEW,6,2026-08-04 04:03:21,33938.58
10509,sess_001778,ADD_TO_CART,6,2026-08-04 04:04:03,33938.58
10510,sess_001778,PRODUCT_VIEW,2,2026-08-04 04:05:35,8878.17
10511,sess_001778,ADD_TO_CART,2,2026-08-04 04:06:32,8878.17
10512,sess_001778,CHECKOUT_START,1,2026-08-04 04:07:07,84033.7
10513,sess_001779,PRODUCT_VIEW,47,2026-07-08 11:43:06,34979.66
10514,sess_001779,ADD_TO_CART,47,2026-07-08 11:43:51,34979.66
10515,sess_001779,PRODUCT_VIEW,32,2026-07-08 11:45:21,5145.04
10516,sess_001779,ADD_TO_CART,32,2026-07-08 11:46:13,5145.04
10517,sess_001779,PRODUCT_VIEW,27,2026-07-08 11:47:00,34536.05
10518,sess_001779,ADD_TO_CART,27,2026-07-08 11:47:28,34536.05
10519,sess_001779,CHECKOUT_START,47,2026-07-08 11:47:56,74660.75
10520,sess_001780,PRODUCT_VIEW,36,2026-08-05 17:52:06,23638.97
10521,sess_001780,ADD_TO_CART,36,2026-08-05 17:52:56,23638.97
10522,sess_001780,CHECKOUT_START,36,2026-08-05 17:53:29,23638.97
10523,sess_001781,PRODUCT_VIEW,29,2026-07-16 16:43:06,22477.1
10524,sess_001781,ADD_TO_CART,29,2026-07-16 16:43:53,22477.1
10525,sess_001781,CHECKOUT_START,29,2026-07-16 16:44:13,22477.1
10526,sess_001782,PRODUCT_VIEW,7,2026-08-07 05:05:06,23088.42
10527,sess_001782,ADD_TO_CART,7,2026-08-07 05:05:45,23088.42
10528,sess_001782,PRODUCT_VIEW,19,2026-08-07 05:07:12,20611.38
10529,sess_001782,ADD_TO_CART,19,2026-08-07 05:07:35,20611.38
10530,sess_001782,PRODUCT_VIEW,43,2026-08-07 05:08:03,24226.27
10531,sess_001782,ADD_TO_CART,43,2026-08-07 05:08:14,24226.27
10532,sess_001782,PRODUCT_VIEW,33,2026-08-07 05:08:59,10984.48
10533,sess_001782,ADD_TO_CART,33,2026-08-07 05:09:15,10984.48
10534,sess_001782,CHECKOUT_START,7,2026-08-07 05:10:08,78910.55
10535,sess_001783,PRODUCT_VIEW,4,2026-08-03 19:25:06,12764.76
10536,sess_001783,ADD_TO_CART,4,2026-08-03 19:25:33,12764.76
10537,sess_001783,PRODUCT_VIEW,30,2026-08-03 19:25:56,16078.93
10538,sess_001783,ADD_TO_CART,30,2026-08-03 19:26:20,16078.93
10539,sess_001783,PRODUCT_VIEW,47,2026-08-03 19:27:07,34979.66
10540,sess_001783,ADD_TO_CART,47,2026-08-03 19:27:45,34979.66
10541,sess_001783,CHECKOUT_START,4,2026-08-03 19:28:38,63823.350000000006
10542,sess_001784,PRODUCT_VIEW,12,2026-07-19 20:59:06,11993.35
10543,sess_001784,ADD_TO_CART,12,2026-07-19 20:59:56,11993.35
10544,sess_001784,CHECKOUT_START,12,2026-07-19 21:01:07,11993.35
10545,sess_001785,PRODUCT_VIEW,15,2026-07-31 18:54:06,6095.52
10546,sess_001785,ADD_TO_CART,15,2026-07-31 18:54:57,6095.52
10547,sess_001785,PRODUCT_VIEW,5,2026-07-31 18:56:28,5973.44
10548,sess_001785,ADD_TO_CART,5,2026-07-31 18:56:40,5973.44
10549,sess_001785,PRODUCT_VIEW,45,2026-07-31 18:57:44,13966.49
10550,sess_001785,ADD_TO_CART,45,2026-07-31 18:58:25,13966.49
10551,sess_001785,CHECKOUT_START,15,2026-07-31 18:59:35,26035.449999999997
10552,sess_001786,PRODUCT_VIEW,11,2026-07-19 10:46:06,6189.77
10553,sess_001786,ADD_TO_CART,11,2026-07-19 10:46:36,6189.77
10554,sess_001786,CHECKOUT_START,11,2026-07-19 10:47:24,6189.77
10555,sess_001787,PRODUCT_VIEW,39,2026-08-06 15:02:06,33078.06
10556,sess_001787,ADD_TO_CART,39,2026-08-06 15:03:05,33078.06
10557,sess_001787,PRODUCT_VIEW,20,2026-08-06 15:04:39,7441.9
10558,sess_001787,ADD_TO_CART,20,2026-08-06 15:05:22,7441.9
10559,sess_001787,PRODUCT_VIEW,36,2026-08-06 15:06:57,23638.97
10560,sess_001787,ADD_TO_CART,36,2026-08-06 15:07:24,23638.97
10561,sess_001787,PRODUCT_VIEW,25,2026-08-06 15:08:49,11269.93
10562,sess_001787,ADD_TO_CART,25,2026-08-06 15:09:15,11269.93
10563,sess_001787,CHECKOUT_START,39,2026-08-06 15:10:41,75428.86
10564,sess_001787,PAYMENT_FAILURE,39,2026-08-06 15:11:15,75428.86
10565,sess_001787,PAYMENT_FAILURE,39,2026-08-06 15:12:14,75428.86
10566,sess_001788,PRODUCT_VIEW,49,2026-08-06 09:04:06,30515.02
10567,sess_001788,ADD_TO_CART,49,2026-08-06 09:04:20,30515.02
10568,sess_001789,PRODUCT_VIEW,5,2026-08-01 17:44:06,5973.44
10569,sess_001789,ADD_TO_CART,5,2026-08-01 17:44:44,5973.44
10570,sess_001789,CHECKOUT_START,5,2026-08-01 17:45:17,5973.44
10571,sess_001790,PRODUCT_VIEW,18,2026-07-30 03:36:06,29592.56
10572,sess_001790,ADD_TO_CART,18,2026-07-30 03:36:34,29592.56
10573,sess_001790,CHECKOUT_START,18,2026-07-30 03:37:31,29592.56
10574,sess_001791,PRODUCT_VIEW,45,2026-07-30 16:52:06,13966.49
10575,sess_001791,ADD_TO_CART,45,2026-07-30 16:52:30,13966.49
10576,sess_001791,PRODUCT_VIEW,22,2026-07-30 16:54:02,18731.11
10577,sess_001791,ADD_TO_CART,22,2026-07-30 16:54:18,18731.11
10578,sess_001791,PRODUCT_VIEW,24,2026-07-30 16:55:39,15990.76
10579,sess_001791,ADD_TO_CART,24,2026-07-30 16:56:38,15990.76
10580,sess_001791,PRODUCT_VIEW,11,2026-07-30 16:57:01,6189.77
10581,sess_001791,ADD_TO_CART,11,2026-07-30 16:57:24,6189.77
10582,sess_001791,CHECKOUT_START,45,2026-07-30 16:58:13,54878.130000000005
10583,sess_001791,PAYMENT_FAILURE,45,2026-07-30 16:59:06,54878.130000000005
10584,sess_001792,PRODUCT_VIEW,48,2026-07-18 10:50:06,34207.92
10585,sess_001792,ADD_TO_CART,48,2026-07-18 10:50:55,34207.92
10586,sess_001792,CHECKOUT_START,48,2026-07-18 10:52:16,34207.92
10587,sess_001793,PRODUCT_VIEW,45,2026-07-08 05:14:06,13966.49
10588,sess_001793,ADD_TO_CART,45,2026-07-08 05:14:47,13966.49
10589,sess_001793,PRODUCT_VIEW,10,2026-07-08 05:15:26,8490.19
10590,sess_001793,ADD_TO_CART,10,2026-07-08 05:15:48,8490.19
10591,sess_001793,PRODUCT_VIEW,18,2026-07-08 05:17:19,29592.56
10592,sess_001793,ADD_TO_CART,18,2026-07-08 05:17:51,29592.56
10593,sess_001793,PRODUCT_VIEW,33,2026-07-08 05:19:18,10984.48
10594,sess_001793,ADD_TO_CART,33,2026-07-08 05:19:52,10984.48
10595,sess_001794,PRODUCT_VIEW,17,2026-07-23 02:08:06,23333.68
10596,sess_001794,ADD_TO_CART,17,2026-07-23 02:09:00,23333.68
10597,sess_001794,CHECKOUT_START,17,2026-07-23 02:09:30,23333.68
10598,sess_001795,PRODUCT_VIEW,1,2026-08-04 08:11:06,29947.02
10599,sess_001795,ADD_TO_CART,1,2026-08-04 08:11:22,29947.02
10600,sess_001795,PRODUCT_VIEW,24,2026-08-04 08:12:43,15990.76
10601,sess_001795,ADD_TO_CART,24,2026-08-04 08:13:07,15990.76
10602,sess_001795,PRODUCT_VIEW,36,2026-08-04 08:14:07,23638.97
10603,sess_001795,ADD_TO_CART,36,2026-08-04 08:14:46,23638.97
10604,sess_001795,PRODUCT_VIEW,42,2026-08-04 08:16:23,1353.46
10605,sess_001795,ADD_TO_CART,42,2026-08-04 08:16:41,1353.46
10606,sess_001795,CHECKOUT_START,1,2026-08-04 08:17:16,70930.21
10607,sess_001795,PAYMENT_FAILURE,1,2026-08-04 08:18:42,70930.21
10608,sess_001795,PAYMENT_FAILURE,1,2026-08-04 08:19:57,70930.21
10609,sess_001796,PRODUCT_VIEW,49,2026-07-16 04:34:06,30515.02
10610,sess_001796,ADD_TO_CART,49,2026-07-16 04:34:35,30515.02
10611,sess_001796,PRODUCT_VIEW,17,2026-07-16 04:35:46,23333.68
10612,sess_001796,ADD_TO_CART,17,2026-07-16 04:36:09,23333.68
10613,sess_001796,PRODUCT_VIEW,26,2026-07-16 04:37:44,1741.62
10614,sess_001796,ADD_TO_CART,26,2026-07-16 04:38:28,1741.62
10615,sess_001796,CHECKOUT_START,49,2026-07-16 04:40:04,55590.32
10616,sess_001797,PRODUCT_VIEW,1,2026-07-18 02:35:06,29947.02
10617,sess_001797,ADD_TO_CART,1,2026-07-18 02:35:31,29947.02
10618,sess_001797,PRODUCT_VIEW,15,2026-07-18 02:36:23,6095.52
10619,sess_001797,ADD_TO_CART,15,2026-07-18 02:37:15,6095.52
10620,sess_001797,PRODUCT_VIEW,39,2026-07-18 02:37:51,33078.06
10621,sess_001797,ADD_TO_CART,39,2026-07-18 02:38:31,33078.06
10622,sess_001797,PRODUCT_VIEW,46,2026-07-18 02:39:03,3997.88
10623,sess_001797,ADD_TO_CART,46,2026-07-18 02:39:59,3997.88
10624,sess_001797,CHECKOUT_START,1,2026-07-18 02:41:28,73118.48000000001
10625,sess_001798,PRODUCT_VIEW,40,2026-07-19 02:29:07,17551.46
10626,sess_001798,ADD_TO_CART,40,2026-07-19 02:29:28,17551.46
10627,sess_001798,CHECKOUT_START,40,2026-07-19 02:30:37,17551.46
10628,sess_001799,PRODUCT_VIEW,5,2026-07-08 20:50:07,5973.44
10629,sess_001799,ADD_TO_CART,5,2026-07-08 20:50:29,5973.44
10630,sess_001799,PRODUCT_VIEW,27,2026-07-08 20:52:00,34536.05
10631,sess_001799,ADD_TO_CART,27,2026-07-08 20:52:26,34536.05
10632,sess_001799,PRODUCT_VIEW,38,2026-07-08 20:53:18,24333.81
10633,sess_001799,ADD_TO_CART,38,2026-07-08 20:54:17,24333.81
10634,sess_001799,PRODUCT_VIEW,30,2026-07-08 20:55:56,16078.93
10635,sess_001799,ADD_TO_CART,30,2026-07-08 20:56:46,16078.93
10636,sess_001799,CHECKOUT_START,5,2026-07-08 20:58:11,80922.23000000001
10637,sess_001800,PRODUCT_VIEW,37,2026-08-06 01:40:07,30424.4
10638,sess_001800,ADD_TO_CART,37,2026-08-06 01:41:00,30424.4
10639,sess_001800,PRODUCT_VIEW,40,2026-08-06 01:42:31,17551.46
10640,sess_001800,ADD_TO_CART,40,2026-08-06 01:43:06,17551.46
10641,sess_001800,PRODUCT_VIEW,4,2026-08-06 01:44:27,12764.76
10642,sess_001800,ADD_TO_CART,4,2026-08-06 01:44:45,12764.76
10643,sess_001800,PRODUCT_VIEW,49,2026-08-06 01:45:30,30515.02
10644,sess_001800,ADD_TO_CART,49,2026-08-06 01:46:23,30515.02
10645,sess_001800,CHECKOUT_START,37,2026-08-06 01:47:10,91255.64
10646,sess_001801,PRODUCT_VIEW,41,2026-08-04 07:46:07,30450.87
10647,sess_001801,ADD_TO_CART,41,2026-08-04 07:46:40,30450.87
10648,sess_001801,PRODUCT_VIEW,27,2026-08-04 07:47:40,34536.05
10649,sess_001801,ADD_TO_CART,27,2026-08-04 07:48:36,34536.05
10650,sess_001802,PRODUCT_VIEW,27,2026-07-22 05:57:07,34536.05
10651,sess_001802,ADD_TO_CART,27,2026-07-22 05:57:30,34536.05
10652,sess_001802,CHECKOUT_START,27,2026-07-22 05:58:00,34536.05
10653,sess_001803,PRODUCT_VIEW,2,2026-07-23 11:30:07,8878.17
10654,sess_001803,ADD_TO_CART,2,2026-07-23 11:30:29,8878.17
10655,sess_001803,PRODUCT_VIEW,10,2026-07-23 11:31:41,8490.19
10656,sess_001803,ADD_TO_CART,10,2026-07-23 11:32:07,8490.19
10657,sess_001804,PRODUCT_VIEW,27,2026-07-22 18:10:07,34536.05
10658,sess_001804,ADD_TO_CART,27,2026-07-22 18:10:46,34536.05
10659,sess_001805,PRODUCT_VIEW,43,2026-07-20 01:53:07,24226.27
10660,sess_001805,ADD_TO_CART,43,2026-07-20 01:53:38,24226.27
10661,sess_001805,PRODUCT_VIEW,12,2026-07-20 01:54:15,11993.35
10662,sess_001805,ADD_TO_CART,12,2026-07-20 01:55:15,11993.35
10663,sess_001806,PRODUCT_VIEW,39,2026-08-04 18:39:07,33078.06
10664,sess_001806,ADD_TO_CART,39,2026-08-04 18:39:37,33078.06
10665,sess_001806,PRODUCT_VIEW,40,2026-08-04 18:40:18,17551.46
10666,sess_001806,ADD_TO_CART,40,2026-08-04 18:40:39,17551.46
10667,sess_001806,PRODUCT_VIEW,37,2026-08-04 18:41:39,30424.4
10668,sess_001806,ADD_TO_CART,37,2026-08-04 18:42:00,30424.4
10669,sess_001806,CHECKOUT_START,39,2026-08-04 18:43:38,81053.92
10670,sess_001806,PAYMENT_FAILURE,39,2026-08-04 18:44:34,81053.92
10671,sess_001806,PAYMENT_FAILURE,39,2026-08-04 18:45:52,81053.92
10672,sess_001806,PAYMENT_FAILURE,39,2026-08-04 18:46:38,81053.92
10673,sess_001807,PRODUCT_VIEW,8,2026-07-09 03:08:07,27139.29
10674,sess_001807,ADD_TO_CART,8,2026-07-09 03:08:21,27139.29
10675,sess_001807,CHECKOUT_START,8,2026-07-09 03:09:20,27139.29
10676,sess_001808,PRODUCT_VIEW,21,2026-08-07 03:58:07,9659.58
10677,sess_001808,ADD_TO_CART,21,2026-08-07 03:58:52,9659.58
10678,sess_001809,PRODUCT_VIEW,34,2026-07-17 02:06:07,7303.52
10679,sess_001809,ADD_TO_CART,34,2026-07-17 02:06:27,7303.52
10680,sess_001809,PRODUCT_VIEW,31,2026-07-17 02:07:32,17262.47
10681,sess_001809,ADD_TO_CART,31,2026-07-17 02:08:18,17262.47
10682,sess_001809,PRODUCT_VIEW,40,2026-07-17 02:08:50,17551.46
10683,sess_001809,ADD_TO_CART,40,2026-07-17 02:09:44,17551.46
10684,sess_001809,PRODUCT_VIEW,4,2026-07-17 02:10:23,12764.76
10685,sess_001809,ADD_TO_CART,4,2026-07-17 02:10:34,12764.76
10686,sess_001809,CHECKOUT_START,34,2026-07-17 02:11:28,54882.21
10687,sess_001809,PAYMENT_FAILURE,34,2026-07-17 02:12:22,54882.21
10688,sess_001810,PRODUCT_VIEW,13,2026-08-02 11:05:07,15251.23
10689,sess_001810,ADD_TO_CART,13,2026-08-02 11:05:49,15251.23
10690,sess_001810,PRODUCT_VIEW,21,2026-08-02 11:06:47,9659.58
10691,sess_001810,ADD_TO_CART,21,2026-08-02 11:07:01,9659.58
10692,sess_001810,CHECKOUT_START,13,2026-08-02 11:08:29,24910.809999999998
10693,sess_001811,PRODUCT_VIEW,30,2026-07-17 03:29:07,16078.93
10694,sess_001811,ADD_TO_CART,30,2026-07-17 03:29:46,16078.93
10695,sess_001811,PRODUCT_VIEW,50,2026-07-17 03:31:19,19975.03
10696,sess_001811,ADD_TO_CART,50,2026-07-17 03:31:41,19975.03
10697,sess_001811,PRODUCT_VIEW,15,2026-07-17 03:33:18,6095.52
10698,sess_001811,ADD_TO_CART,15,2026-07-17 03:33:50,6095.52
10699,sess_001811,PRODUCT_VIEW,47,2026-07-17 03:35:12,34979.66
10700,sess_001811,ADD_TO_CART,47,2026-07-17 03:35:59,34979.66
10701,sess_001812,PRODUCT_VIEW,5,2026-07-15 09:13:07,5973.44
10702,sess_001812,ADD_TO_CART,5,2026-07-15 09:13:21,5973.44
10703,sess_001813,PRODUCT_VIEW,28,2026-08-01 06:37:07,470.42
10704,sess_001813,ADD_TO_CART,28,2026-08-01 06:37:52,470.42
10705,sess_001813,PRODUCT_VIEW,7,2026-08-01 06:38:49,23088.42
10706,sess_001813,ADD_TO_CART,7,2026-08-01 06:39:45,23088.42
10707,sess_001813,PRODUCT_VIEW,11,2026-08-01 06:40:25,6189.77
10708,sess_001813,ADD_TO_CART,11,2026-08-01 06:40:48,6189.77
10709,sess_001813,PRODUCT_VIEW,24,2026-08-01 06:41:34,15990.76
10710,sess_001813,ADD_TO_CART,24,2026-08-01 06:41:45,15990.76
10711,sess_001813,CHECKOUT_START,28,2026-08-01 06:42:06,45739.369999999995
10712,sess_001813,PAYMENT_FAILURE,28,2026-08-01 06:43:10,45739.369999999995
10713,sess_001814,PRODUCT_VIEW,41,2026-07-15 07:17:07,30450.87
10714,sess_001814,ADD_TO_CART,41,2026-07-15 07:17:49,30450.87
10715,sess_001814,PRODUCT_VIEW,36,2026-07-15 07:19:08,23638.97
10716,sess_001814,ADD_TO_CART,36,2026-07-15 07:19:32,23638.97
10717,sess_001814,PRODUCT_VIEW,9,2026-07-15 07:20:13,33952.76
10718,sess_001814,ADD_TO_CART,9,2026-07-15 07:20:30,33952.76
10719,sess_001814,CHECKOUT_START,41,2026-07-15 07:20:55,88042.6
10720,sess_001815,PRODUCT_VIEW,10,2026-07-24 16:47:07,8490.19
10721,sess_001815,ADD_TO_CART,10,2026-07-24 16:47:47,8490.19
10722,sess_001815,PRODUCT_VIEW,12,2026-07-24 16:48:24,11993.35
10723,sess_001815,ADD_TO_CART,12,2026-07-24 16:48:34,11993.35
10724,sess_001815,PRODUCT_VIEW,1,2026-07-24 16:49:02,29947.02
10725,sess_001815,ADD_TO_CART,1,2026-07-24 16:49:51,29947.02
10726,sess_001815,CHECKOUT_START,10,2026-07-24 16:51:08,50430.56
10727,sess_001815,PAYMENT_FAILURE,10,2026-07-24 16:52:32,50430.56
10728,sess_001815,PAYMENT_FAILURE,10,2026-07-24 16:53:03,50430.56
10729,sess_001816,PRODUCT_VIEW,32,2026-07-12 01:38:07,5145.04
10730,sess_001816,ADD_TO_CART,32,2026-07-12 01:39:01,5145.04
10731,sess_001816,PRODUCT_VIEW,40,2026-07-12 01:40:16,17551.46
10732,sess_001816,ADD_TO_CART,40,2026-07-12 01:41:14,17551.46
10733,sess_001817,PRODUCT_VIEW,44,2026-07-15 13:27:07,7783.14
10734,sess_001817,ADD_TO_CART,44,2026-07-15 13:28:02,7783.14
10735,sess_001818,PRODUCT_VIEW,12,2026-07-29 01:07:07,11993.35
10736,sess_001818,ADD_TO_CART,12,2026-07-29 01:07:17,11993.35
10737,sess_001818,PRODUCT_VIEW,14,2026-07-29 01:08:03,21714.55
10738,sess_001818,ADD_TO_CART,14,2026-07-29 01:08:39,21714.55
10739,sess_001818,PRODUCT_VIEW,45,2026-07-29 01:09:00,13966.49
10740,sess_001818,ADD_TO_CART,45,2026-07-29 01:09:38,13966.49
10741,sess_001818,PRODUCT_VIEW,4,2026-07-29 01:10:15,12764.76
10742,sess_001818,ADD_TO_CART,4,2026-07-29 01:10:33,12764.76
10743,sess_001818,CHECKOUT_START,12,2026-07-29 01:11:23,60439.15
10744,sess_001819,PRODUCT_VIEW,30,2026-07-16 18:08:07,16078.93
10745,sess_001819,ADD_TO_CART,30,2026-07-16 18:08:30,16078.93
10746,sess_001819,PRODUCT_VIEW,22,2026-07-16 18:10:03,18731.11
10747,sess_001819,ADD_TO_CART,22,2026-07-16 18:10:20,18731.11
10748,sess_001819,CHECKOUT_START,30,2026-07-16 18:11:35,34810.04
10749,sess_001820,PRODUCT_VIEW,15,2026-07-19 20:48:07,6095.52
10750,sess_001820,ADD_TO_CART,15,2026-07-19 20:48:41,6095.52
10751,sess_001820,PRODUCT_VIEW,8,2026-07-19 20:50:12,27139.29
10752,sess_001820,ADD_TO_CART,8,2026-07-19 20:50:52,27139.29
10753,sess_001820,PRODUCT_VIEW,28,2026-07-19 20:51:51,470.42
10754,sess_001820,ADD_TO_CART,28,2026-07-19 20:52:01,470.42
10755,sess_001820,PRODUCT_VIEW,40,2026-07-19 20:52:52,17551.46
10756,sess_001820,ADD_TO_CART,40,2026-07-19 20:53:15,17551.46
10757,sess_001821,PRODUCT_VIEW,38,2026-07-08 23:59:07,24333.81
10758,sess_001821,ADD_TO_CART,38,2026-07-08 23:59:18,24333.81
10759,sess_001821,PRODUCT_VIEW,30,2026-07-09 00:00:47,16078.93
10760,sess_001821,ADD_TO_CART,30,2026-07-09 00:01:15,16078.93
10761,sess_001821,PRODUCT_VIEW,1,2026-07-09 00:02:12,29947.02
10762,sess_001821,ADD_TO_CART,1,2026-07-09 00:03:12,29947.02
10763,sess_001821,CHECKOUT_START,38,2026-07-09 00:04:14,70359.76000000001
10764,sess_001821,PAYMENT_FAILURE,38,2026-07-09 00:05:19,70359.76000000001
10765,sess_001822,PRODUCT_VIEW,34,2026-07-25 14:24:07,7303.52
10766,sess_001822,ADD_TO_CART,34,2026-07-25 14:24:54,7303.52
10767,sess_001822,PRODUCT_VIEW,1,2026-07-25 14:25:30,29947.02
10768,sess_001822,ADD_TO_CART,1,2026-07-25 14:25:58,29947.02
10769,sess_001822,CHECKOUT_START,34,2026-07-25 14:26:30,37250.54
10770,sess_001823,PRODUCT_VIEW,7,2026-07-19 10:42:07,23088.42
10771,sess_001823,ADD_TO_CART,7,2026-07-19 10:42:24,23088.42
10772,sess_001823,PRODUCT_VIEW,47,2026-07-19 10:43:26,34979.66
10773,sess_001823,ADD_TO_CART,47,2026-07-19 10:43:46,34979.66
10774,sess_001823,PRODUCT_VIEW,50,2026-07-19 10:44:48,19975.03
10775,sess_001823,ADD_TO_CART,50,2026-07-19 10:45:21,19975.03
10776,sess_001823,PRODUCT_VIEW,13,2026-07-19 10:46:01,15251.23
10777,sess_001823,ADD_TO_CART,13,2026-07-19 10:46:55,15251.23
10778,sess_001824,PRODUCT_VIEW,16,2026-07-22 05:55:07,1571.54
10779,sess_001824,ADD_TO_CART,16,2026-07-22 05:56:04,1571.54
10780,sess_001824,PRODUCT_VIEW,23,2026-07-22 05:56:31,1664.26
10781,sess_001824,ADD_TO_CART,23,2026-07-22 05:57:25,1664.26
10782,sess_001824,PRODUCT_VIEW,18,2026-07-22 05:58:24,29592.56
10783,sess_001824,ADD_TO_CART,18,2026-07-22 05:59:05,29592.56
10784,sess_001824,CHECKOUT_START,16,2026-07-22 06:00:16,32828.36
10785,sess_001825,PRODUCT_VIEW,50,2026-07-14 20:59:07,19975.03
10786,sess_001825,ADD_TO_CART,50,2026-07-14 20:59:37,19975.03
10787,sess_001825,PRODUCT_VIEW,11,2026-07-14 21:01:01,6189.77
10788,sess_001825,ADD_TO_CART,11,2026-07-14 21:01:54,6189.77
10789,sess_001825,PRODUCT_VIEW,21,2026-07-14 21:03:09,9659.58
10790,sess_001825,ADD_TO_CART,21,2026-07-14 21:03:30,9659.58
10791,sess_001825,CHECKOUT_START,50,2026-07-14 21:04:49,35824.38
10792,sess_001826,PRODUCT_VIEW,2,2026-08-05 09:26:07,8878.17
10793,sess_001826,ADD_TO_CART,2,2026-08-05 09:26:39,8878.17
10794,sess_001826,PRODUCT_VIEW,17,2026-08-05 09:28:07,23333.68
10795,sess_001826,ADD_TO_CART,17,2026-08-05 09:28:49,23333.68
10796,sess_001826,CHECKOUT_START,2,2026-08-05 09:29:09,32211.85
10797,sess_001827,PRODUCT_VIEW,45,2026-07-13 14:04:07,13966.49
10798,sess_001827,ADD_TO_CART,45,2026-07-13 14:04:59,13966.49
10799,sess_001827,PRODUCT_VIEW,50,2026-07-13 14:06:05,19975.03
10800,sess_001827,ADD_TO_CART,50,2026-07-13 14:06:53,19975.03
10801,sess_001827,PRODUCT_VIEW,19,2026-07-13 14:07:36,20611.38
10802,sess_001827,ADD_TO_CART,19,2026-07-13 14:07:48,20611.38
10803,sess_001827,CHECKOUT_START,45,2026-07-13 14:08:49,54552.899999999994
10804,sess_001827,PAYMENT_FAILURE,45,2026-07-13 14:10:06,54552.899999999994
10805,sess_001828,PRODUCT_VIEW,44,2026-07-23 04:10:07,7783.14
10806,sess_001828,ADD_TO_CART,44,2026-07-23 04:10:29,7783.14
10807,sess_001829,PRODUCT_VIEW,50,2026-07-28 08:40:07,19975.03
10808,sess_001829,ADD_TO_CART,50,2026-07-28 08:40:22,19975.03
10809,sess_001829,PRODUCT_VIEW,44,2026-07-28 08:41:31,7783.14
10810,sess_001829,ADD_TO_CART,44,2026-07-28 08:41:41,7783.14
10811,sess_001829,PRODUCT_VIEW,7,2026-07-28 08:43:11,23088.42
10812,sess_001829,ADD_TO_CART,7,2026-07-28 08:43:57,23088.42
10813,sess_001829,CHECKOUT_START,50,2026-07-28 08:45:02,50846.59
10814,sess_001829,PAYMENT_FAILURE,50,2026-07-28 08:46:05,50846.59
10815,sess_001830,PRODUCT_VIEW,8,2026-07-27 02:07:07,27139.29
10816,sess_001830,ADD_TO_CART,8,2026-07-27 02:07:30,27139.29
10817,sess_001830,PRODUCT_VIEW,50,2026-07-27 02:08:15,19975.03
10818,sess_001830,ADD_TO_CART,50,2026-07-27 02:08:49,19975.03
10819,sess_001831,PRODUCT_VIEW,43,2026-07-24 09:51:07,24226.27
10820,sess_001831,ADD_TO_CART,43,2026-07-24 09:51:57,24226.27
10821,sess_001831,PRODUCT_VIEW,33,2026-07-24 09:53:30,10984.48
10822,sess_001831,ADD_TO_CART,33,2026-07-24 09:54:13,10984.48
10823,sess_001831,CHECKOUT_START,43,2026-07-24 09:55:48,35210.75
10824,sess_001832,PRODUCT_VIEW,30,2026-07-26 21:01:07,16078.93
10825,sess_001832,ADD_TO_CART,30,2026-07-26 21:01:57,16078.93
10826,sess_001832,PRODUCT_VIEW,7,2026-07-26 21:02:59,23088.42
10827,sess_001832,ADD_TO_CART,7,2026-07-26 21:03:53,23088.42
10828,sess_001832,CHECKOUT_START,30,2026-07-26 21:05:03,39167.35
10829,sess_001833,PRODUCT_VIEW,33,2026-07-21 06:54:07,10984.48
10830,sess_001833,ADD_TO_CART,33,2026-07-21 06:55:06,10984.48
10831,sess_001833,PRODUCT_VIEW,42,2026-07-21 06:55:59,1353.46
10832,sess_001833,ADD_TO_CART,42,2026-07-21 06:56:58,1353.46
10833,sess_001833,PRODUCT_VIEW,7,2026-07-21 06:57:48,23088.42
10834,sess_001833,ADD_TO_CART,7,2026-07-21 06:58:34,23088.42
10835,sess_001833,PRODUCT_VIEW,35,2026-07-21 06:59:53,33955.92
10836,sess_001833,ADD_TO_CART,35,2026-07-21 07:00:28,33955.92
10837,sess_001833,CHECKOUT_START,33,2026-07-21 07:01:19,69382.28
10838,sess_001834,PRODUCT_VIEW,21,2026-07-31 07:41:07,9659.58
10839,sess_001834,ADD_TO_CART,21,2026-07-31 07:41:58,9659.58
10840,sess_001834,PRODUCT_VIEW,30,2026-07-31 07:42:50,16078.93
10841,sess_001834,ADD_TO_CART,30,2026-07-31 07:43:19,16078.93
10842,sess_001834,PRODUCT_VIEW,44,2026-07-31 07:44:14,7783.14
10843,sess_001834,ADD_TO_CART,44,2026-07-31 07:44:31,7783.14
10844,sess_001834,CHECKOUT_START,21,2026-07-31 07:44:56,33521.65
10845,sess_001834,PAYMENT_FAILURE,21,2026-07-31 07:45:54,33521.65
10846,sess_001834,PAYMENT_FAILURE,21,2026-07-31 07:46:49,33521.65
10847,sess_001835,PRODUCT_VIEW,23,2026-07-14 12:54:07,1664.26
10848,sess_001835,ADD_TO_CART,23,2026-07-14 12:54:42,1664.26
10849,sess_001835,PRODUCT_VIEW,37,2026-07-14 12:55:05,30424.4
10850,sess_001835,ADD_TO_CART,37,2026-07-14 12:56:01,30424.4
10851,sess_001835,PRODUCT_VIEW,7,2026-07-14 12:56:54,23088.42
10852,sess_001835,ADD_TO_CART,7,2026-07-14 12:57:19,23088.42
10853,sess_001835,PRODUCT_VIEW,45,2026-07-14 12:58:22,13966.49
10854,sess_001835,ADD_TO_CART,45,2026-07-14 12:59:09,13966.49
10855,sess_001835,CHECKOUT_START,23,2026-07-14 13:00:34,69143.57
10856,sess_001835,PAYMENT_FAILURE,23,2026-07-14 13:01:17,69143.57
10857,sess_001835,PAYMENT_FAILURE,23,2026-07-14 13:02:45,69143.57
10858,sess_001835,PAYMENT_FAILURE,23,2026-07-14 13:03:54,69143.57
10859,sess_001836,PRODUCT_VIEW,22,2026-07-22 13:54:07,18731.11
10860,sess_001836,ADD_TO_CART,22,2026-07-22 13:54:21,18731.11
10861,sess_001836,PRODUCT_VIEW,27,2026-07-22 13:55:29,34536.05
10862,sess_001836,ADD_TO_CART,27,2026-07-22 13:56:09,34536.05
10863,sess_001836,PRODUCT_VIEW,43,2026-07-22 13:57:36,24226.27
10864,sess_001836,ADD_TO_CART,43,2026-07-22 13:58:05,24226.27
10865,sess_001836,PRODUCT_VIEW,36,2026-07-22 13:58:52,23638.97
10866,sess_001836,ADD_TO_CART,36,2026-07-22 13:59:21,23638.97
10867,sess_001836,CHECKOUT_START,22,2026-07-22 13:59:45,101132.40000000001
10868,sess_001837,PRODUCT_VIEW,44,2026-07-17 21:17:07,7783.14
10869,sess_001837,ADD_TO_CART,44,2026-07-17 21:17:57,7783.14
10870,sess_001837,CHECKOUT_START,44,2026-07-17 21:18:41,7783.14
10871,sess_001837,PAYMENT_FAILURE,44,2026-07-17 21:19:31,7783.14
10872,sess_001837,PAYMENT_FAILURE,44,2026-07-17 21:20:43,7783.14
10873,sess_001838,PRODUCT_VIEW,1,2026-07-20 19:17:07,29947.02
10874,sess_001838,ADD_TO_CART,1,2026-07-20 19:17:43,29947.02
10875,sess_001838,PRODUCT_VIEW,16,2026-07-20 19:19:17,1571.54
10876,sess_001838,ADD_TO_CART,16,2026-07-20 19:20:04,1571.54
10877,sess_001838,PRODUCT_VIEW,13,2026-07-20 19:21:41,15251.23
10878,sess_001838,ADD_TO_CART,13,2026-07-20 19:22:12,15251.23
10879,sess_001838,CHECKOUT_START,1,2026-07-20 19:22:48,46769.79
10880,sess_001838,PAYMENT_FAILURE,1,2026-07-20 19:23:53,46769.79
10881,sess_001839,PRODUCT_VIEW,21,2026-08-05 19:54:07,9659.58
10882,sess_001839,ADD_TO_CART,21,2026-08-05 19:54:32,9659.58
10883,sess_001839,PRODUCT_VIEW,13,2026-08-05 19:55:32,15251.23
10884,sess_001839,ADD_TO_CART,13,2026-08-05 19:56:26,15251.23
10885,sess_001839,PRODUCT_VIEW,11,2026-08-05 19:57:28,6189.77
10886,sess_001839,ADD_TO_CART,11,2026-08-05 19:57:45,6189.77
10887,sess_001839,PRODUCT_VIEW,30,2026-08-05 19:58:41,16078.93
10888,sess_001839,ADD_TO_CART,30,2026-08-05 19:59:30,16078.93
10889,sess_001840,PRODUCT_VIEW,5,2026-08-03 16:14:07,5973.44
10890,sess_001840,ADD_TO_CART,5,2026-08-03 16:14:38,5973.44
10891,sess_001840,PRODUCT_VIEW,19,2026-08-03 16:15:02,20611.38
10892,sess_001840,ADD_TO_CART,19,2026-08-03 16:15:49,20611.38
10893,sess_001840,PRODUCT_VIEW,28,2026-08-03 16:16:40,470.42
10894,sess_001840,ADD_TO_CART,28,2026-08-03 16:17:35,470.42
10895,sess_001840,PRODUCT_VIEW,40,2026-08-03 16:18:40,17551.46
10896,sess_001840,ADD_TO_CART,40,2026-08-03 16:19:10,17551.46
10897,sess_001840,CHECKOUT_START,5,2026-08-03 16:20:17,44606.7
10898,sess_001841,PRODUCT_VIEW,5,2026-08-06 10:36:07,5973.44
10899,sess_001841,ADD_TO_CART,5,2026-08-06 10:36:36,5973.44
10900,sess_001841,PRODUCT_VIEW,13,2026-08-06 10:37:29,15251.23
10901,sess_001841,ADD_TO_CART,13,2026-08-06 10:38:29,15251.23
10902,sess_001841,PRODUCT_VIEW,27,2026-08-06 10:39:35,34536.05
10903,sess_001841,ADD_TO_CART,27,2026-08-06 10:40:21,34536.05
10904,sess_001842,PRODUCT_VIEW,44,2026-07-21 05:23:07,7783.14
10905,sess_001842,ADD_TO_CART,44,2026-07-21 05:23:43,7783.14
10906,sess_001842,PRODUCT_VIEW,47,2026-07-21 05:24:44,34979.66
10907,sess_001842,ADD_TO_CART,47,2026-07-21 05:24:55,34979.66
10908,sess_001842,PRODUCT_VIEW,49,2026-07-21 05:26:11,30515.02
10909,sess_001842,ADD_TO_CART,49,2026-07-21 05:27:08,30515.02
10910,sess_001842,PRODUCT_VIEW,1,2026-07-21 05:28:19,29947.02
10911,sess_001842,ADD_TO_CART,1,2026-07-21 05:28:35,29947.02
10912,sess_001842,CHECKOUT_START,44,2026-07-21 05:29:14,103224.84000000001
10913,sess_001843,PRODUCT_VIEW,43,2026-07-26 14:31:07,24226.27
10914,sess_001843,ADD_TO_CART,43,2026-07-26 14:31:33,24226.27
10915,sess_001843,PRODUCT_VIEW,1,2026-07-26 14:32:40,29947.02
10916,sess_001843,ADD_TO_CART,1,2026-07-26 14:33:13,29947.02
10917,sess_001843,CHECKOUT_START,43,2026-07-26 14:34:14,54173.29
10918,sess_001844,PRODUCT_VIEW,1,2026-07-25 17:23:07,29947.02
10919,sess_001844,ADD_TO_CART,1,2026-07-25 17:23:55,29947.02
10920,sess_001844,PRODUCT_VIEW,32,2026-07-25 17:24:54,5145.04
10921,sess_001844,ADD_TO_CART,32,2026-07-25 17:25:54,5145.04
10922,sess_001844,PRODUCT_VIEW,50,2026-07-25 17:26:41,19975.03
10923,sess_001844,ADD_TO_CART,50,2026-07-25 17:27:05,19975.03
10924,sess_001844,PRODUCT_VIEW,35,2026-07-25 17:27:42,33955.92
10925,sess_001844,ADD_TO_CART,35,2026-07-25 17:28:23,33955.92
10926,sess_001844,CHECKOUT_START,1,2026-07-25 17:29:35,89023.01
10927,sess_001845,PRODUCT_VIEW,47,2026-08-07 06:53:07,34979.66
10928,sess_001845,ADD_TO_CART,47,2026-08-07 06:53:53,34979.66
10929,sess_001845,PRODUCT_VIEW,43,2026-08-07 06:54:15,24226.27
10930,sess_001845,ADD_TO_CART,43,2026-08-07 06:54:36,24226.27
10931,sess_001845,PRODUCT_VIEW,10,2026-08-07 06:55:19,8490.19
10932,sess_001845,ADD_TO_CART,10,2026-08-07 06:55:38,8490.19
10933,sess_001845,PRODUCT_VIEW,28,2026-08-07 06:56:05,470.42
10934,sess_001845,ADD_TO_CART,28,2026-08-07 06:56:51,470.42
10935,sess_001845,CHECKOUT_START,47,2026-08-07 06:58:07,68166.54000000001
10936,sess_001845,PAYMENT_FAILURE,47,2026-08-07 06:59:00,68166.54000000001
10937,sess_001845,PAYMENT_FAILURE,47,2026-08-07 07:00:30,68166.54000000001
10938,sess_001845,PAYMENT_FAILURE,47,2026-08-07 07:01:21,68166.54000000001
10939,sess_001846,PRODUCT_VIEW,22,2026-07-19 23:21:07,18731.11
10940,sess_001846,ADD_TO_CART,22,2026-07-19 23:22:00,18731.11
10941,sess_001846,CHECKOUT_START,22,2026-07-19 23:22:33,18731.11
10942,sess_001847,PRODUCT_VIEW,39,2026-07-29 03:45:07,33078.06
10943,sess_001847,ADD_TO_CART,39,2026-07-29 03:45:41,33078.06
10944,sess_001847,PRODUCT_VIEW,31,2026-07-29 03:46:24,17262.47
10945,sess_001847,ADD_TO_CART,31,2026-07-29 03:47:20,17262.47
10946,sess_001847,PRODUCT_VIEW,11,2026-07-29 03:47:49,6189.77
10947,sess_001847,ADD_TO_CART,11,2026-07-29 03:48:34,6189.77
10948,sess_001847,PRODUCT_VIEW,8,2026-07-29 03:49:18,27139.29
10949,sess_001847,ADD_TO_CART,8,2026-07-29 03:50:11,27139.29
10950,sess_001848,PRODUCT_VIEW,8,2026-07-19 19:15:07,27139.29
10951,sess_001848,ADD_TO_CART,8,2026-07-19 19:15:38,27139.29
10952,sess_001848,PRODUCT_VIEW,1,2026-07-19 19:16:26,29947.02
10953,sess_001848,ADD_TO_CART,1,2026-07-19 19:16:37,29947.02
10954,sess_001849,PRODUCT_VIEW,33,2026-07-11 22:44:07,10984.48
10955,sess_001849,ADD_TO_CART,33,2026-07-11 22:44:58,10984.48
10956,sess_001849,PRODUCT_VIEW,15,2026-07-11 22:46:17,6095.52
10957,sess_001849,ADD_TO_CART,15,2026-07-11 22:46:55,6095.52
10958,sess_001849,CHECKOUT_START,33,2026-07-11 22:47:50,17080.0
10959,sess_001850,PRODUCT_VIEW,36,2026-07-21 13:34:07,23638.97
10960,sess_001850,ADD_TO_CART,36,2026-07-21 13:34:20,23638.97
10961,sess_001850,PRODUCT_VIEW,10,2026-07-21 13:35:31,8490.19
10962,sess_001850,ADD_TO_CART,10,2026-07-21 13:35:53,8490.19
10963,sess_001850,CHECKOUT_START,36,2026-07-21 13:36:32,32129.160000000003
10964,sess_001851,PRODUCT_VIEW,19,2026-08-02 10:14:07,20611.38
10965,sess_001851,ADD_TO_CART,19,2026-08-02 10:14:33,20611.38
10966,sess_001852,PRODUCT_VIEW,37,2026-07-15 15:23:07,30424.4
10967,sess_001852,ADD_TO_CART,37,2026-07-15 15:23:43,30424.4
10968,sess_001852,CHECKOUT_START,37,2026-07-15 15:24:05,30424.4
10969,sess_001853,PRODUCT_VIEW,24,2026-07-18 15:51:07,15990.76
10970,sess_001853,ADD_TO_CART,24,2026-07-18 15:51:30,15990.76
10971,sess_001853,PRODUCT_VIEW,30,2026-07-18 15:52:47,16078.93
10972,sess_001853,ADD_TO_CART,30,2026-07-18 15:53:32,16078.93
10973,sess_001854,PRODUCT_VIEW,27,2026-07-25 00:30:07,34536.05
10974,sess_001854,ADD_TO_CART,27,2026-07-25 00:30:46,34536.05
10975,sess_001854,PRODUCT_VIEW,21,2026-07-25 00:32:04,9659.58
10976,sess_001854,ADD_TO_CART,21,2026-07-25 00:33:03,9659.58
10977,sess_001854,PRODUCT_VIEW,31,2026-07-25 00:33:29,17262.47
10978,sess_001854,ADD_TO_CART,31,2026-07-25 00:34:06,17262.47
10979,sess_001855,PRODUCT_VIEW,39,2026-07-29 19:20:07,33078.06
10980,sess_001855,ADD_TO_CART,39,2026-07-29 19:20:25,33078.06
10981,sess_001856,PRODUCT_VIEW,2,2026-07-18 11:44:07,8878.17
10982,sess_001856,ADD_TO_CART,2,2026-07-18 11:44:48,8878.17
10983,sess_001856,PRODUCT_VIEW,1,2026-07-18 11:45:17,29947.02
10984,sess_001856,ADD_TO_CART,1,2026-07-18 11:46:08,29947.02
10985,sess_001856,PRODUCT_VIEW,22,2026-07-18 11:47:34,18731.11
10986,sess_001856,ADD_TO_CART,22,2026-07-18 11:48:11,18731.11
10987,sess_001856,PRODUCT_VIEW,13,2026-07-18 11:48:35,15251.23
10988,sess_001856,ADD_TO_CART,13,2026-07-18 11:49:06,15251.23
10989,sess_001856,CHECKOUT_START,2,2026-07-18 11:50:15,72807.53
10990,sess_001857,PRODUCT_VIEW,37,2026-08-01 22:05:07,30424.4
10991,sess_001857,ADD_TO_CART,37,2026-08-01 22:05:26,30424.4
10992,sess_001857,PRODUCT_VIEW,24,2026-08-01 22:06:45,15990.76
10993,sess_001857,ADD_TO_CART,24,2026-08-01 22:07:32,15990.76
10994,sess_001857,PRODUCT_VIEW,41,2026-08-01 22:08:59,30450.87
10995,sess_001857,ADD_TO_CART,41,2026-08-01 22:09:21,30450.87
10996,sess_001857,PRODUCT_VIEW,5,2026-08-01 22:09:56,5973.44
10997,sess_001857,ADD_TO_CART,5,2026-08-01 22:10:17,5973.44
10998,sess_001857,CHECKOUT_START,37,2026-08-01 22:11:10,82839.47
10999,sess_001858,PRODUCT_VIEW,6,2026-07-17 15:24:07,33938.58
11000,sess_001858,ADD_TO_CART,6,2026-07-17 15:24:53,33938.58
11001,sess_001858,CHECKOUT_START,6,2026-07-17 15:26:30,33938.58
11002,sess_001859,PRODUCT_VIEW,1,2026-07-25 00:32:07,29947.02
11003,sess_001859,ADD_TO_CART,1,2026-07-25 00:33:03,29947.02
11004,sess_001859,PRODUCT_VIEW,45,2026-07-25 00:34:14,13966.49
11005,sess_001859,ADD_TO_CART,45,2026-07-25 00:34:55,13966.49
11006,sess_001859,PRODUCT_VIEW,33,2026-07-25 00:35:28,10984.48
11007,sess_001859,ADD_TO_CART,33,2026-07-25 00:36:01,10984.48
11008,sess_001859,PRODUCT_VIEW,50,2026-07-25 00:36:42,19975.03
11009,sess_001859,ADD_TO_CART,50,2026-07-25 00:36:54,19975.03
11010,sess_001859,CHECKOUT_START,1,2026-07-25 00:38:15,74873.02
11011,sess_001860,PRODUCT_VIEW,15,2026-07-12 14:53:07,6095.52
11012,sess_001860,ADD_TO_CART,15,2026-07-12 14:53:52,6095.52
11013,sess_001860,PRODUCT_VIEW,28,2026-07-12 14:55:26,470.42
11014,sess_001860,ADD_TO_CART,28,2026-07-12 14:55:59,470.42
11015,sess_001861,PRODUCT_VIEW,5,2026-07-09 14:36:07,5973.44
11016,sess_001861,ADD_TO_CART,5,2026-07-09 14:36:53,5973.44
11017,sess_001861,PRODUCT_VIEW,6,2026-07-09 14:37:13,33938.58
11018,sess_001861,ADD_TO_CART,6,2026-07-09 14:37:26,33938.58
11019,sess_001861,PRODUCT_VIEW,3,2026-07-09 14:38:46,15751.54
11020,sess_001861,ADD_TO_CART,3,2026-07-09 14:38:59,15751.54
11021,sess_001861,CHECKOUT_START,5,2026-07-09 14:39:32,55663.560000000005
11022,sess_001862,PRODUCT_VIEW,11,2026-07-27 22:59:07,6189.77
11023,sess_001862,ADD_TO_CART,11,2026-07-27 22:59:31,6189.77
11024,sess_001862,PRODUCT_VIEW,44,2026-07-27 23:01:10,7783.14
11025,sess_001862,ADD_TO_CART,44,2026-07-27 23:01:31,7783.14
11026,sess_001862,PRODUCT_VIEW,49,2026-07-27 23:01:55,30515.02
11027,sess_001862,ADD_TO_CART,49,2026-07-27 23:02:10,30515.02
11028,sess_001862,PRODUCT_VIEW,41,2026-07-27 23:02:31,30450.87
11029,sess_001862,ADD_TO_CART,41,2026-07-27 23:03:24,30450.87
11030,sess_001862,CHECKOUT_START,11,2026-07-27 23:04:06,74938.8
11031,sess_001863,PRODUCT_VIEW,41,2026-07-18 08:54:07,30450.87
11032,sess_001863,ADD_TO_CART,41,2026-07-18 08:54:44,30450.87
11033,sess_001863,PRODUCT_VIEW,15,2026-07-18 08:55:45,6095.52
11034,sess_001863,ADD_TO_CART,15,2026-07-18 08:56:33,6095.52
11035,sess_001863,PRODUCT_VIEW,39,2026-07-18 08:57:50,33078.06
11036,sess_001863,ADD_TO_CART,39,2026-07-18 08:58:47,33078.06
11037,sess_001864,PRODUCT_VIEW,43,2026-07-17 01:24:07,24226.27
11038,sess_001864,ADD_TO_CART,43,2026-07-17 01:24:20,24226.27
11039,sess_001864,PRODUCT_VIEW,42,2026-07-17 01:25:16,1353.46
11040,sess_001864,ADD_TO_CART,42,2026-07-17 01:25:31,1353.46
11041,sess_001864,PRODUCT_VIEW,11,2026-07-17 01:26:42,6189.77
11042,sess_001864,ADD_TO_CART,11,2026-07-17 01:27:10,6189.77
11043,sess_001865,PRODUCT_VIEW,13,2026-07-08 01:25:07,15251.23
11044,sess_001865,ADD_TO_CART,13,2026-07-08 01:25:32,15251.23
11045,sess_001866,PRODUCT_VIEW,25,2026-07-25 11:08:07,11269.93
11046,sess_001866,ADD_TO_CART,25,2026-07-25 11:09:00,11269.93
11047,sess_001866,PRODUCT_VIEW,35,2026-07-25 11:10:08,33955.92
11048,sess_001866,ADD_TO_CART,35,2026-07-25 11:11:07,33955.92
11049,sess_001866,PRODUCT_VIEW,8,2026-07-25 11:11:27,27139.29
11050,sess_001866,ADD_TO_CART,8,2026-07-25 11:12:10,27139.29
11051,sess_001866,PRODUCT_VIEW,48,2026-07-25 11:13:10,34207.92
11052,sess_001866,ADD_TO_CART,48,2026-07-25 11:13:41,34207.92
11053,sess_001867,PRODUCT_VIEW,18,2026-07-27 06:51:07,29592.56
11054,sess_001867,ADD_TO_CART,18,2026-07-27 06:51:34,29592.56
11055,sess_001867,CHECKOUT_START,18,2026-07-27 06:53:09,29592.56
11056,sess_001868,PRODUCT_VIEW,29,2026-07-26 18:47:07,22477.1
11057,sess_001868,ADD_TO_CART,29,2026-07-26 18:47:18,22477.1
11058,sess_001868,PRODUCT_VIEW,17,2026-07-26 18:48:50,23333.68
11059,sess_001868,ADD_TO_CART,17,2026-07-26 18:49:39,23333.68
11060,sess_001868,PRODUCT_VIEW,22,2026-07-26 18:51:12,18731.11
11061,sess_001868,ADD_TO_CART,22,2026-07-26 18:51:57,18731.11
11062,sess_001868,CHECKOUT_START,29,2026-07-26 18:53:12,64541.89
11063,sess_001869,PRODUCT_VIEW,7,2026-08-03 09:34:07,23088.42
11064,sess_001869,ADD_TO_CART,7,2026-08-03 09:34:24,23088.42
11065,sess_001870,PRODUCT_VIEW,39,2026-07-21 16:05:07,33078.06
11066,sess_001870,ADD_TO_CART,39,2026-07-21 16:05:21,33078.06
11067,sess_001870,PRODUCT_VIEW,15,2026-07-21 16:06:12,6095.52
11068,sess_001870,ADD_TO_CART,15,2026-07-21 16:06:44,6095.52
11069,sess_001870,PRODUCT_VIEW,11,2026-07-21 16:08:17,6189.77
11070,sess_001870,ADD_TO_CART,11,2026-07-21 16:08:53,6189.77
11071,sess_001870,CHECKOUT_START,39,2026-07-21 16:09:28,45363.350000000006
11072,sess_001871,PRODUCT_VIEW,49,2026-07-16 17:51:07,30515.02
11073,sess_001871,ADD_TO_CART,49,2026-07-16 17:51:19,30515.02
11074,sess_001871,CHECKOUT_START,49,2026-07-16 17:51:58,30515.02
11075,sess_001872,PRODUCT_VIEW,19,2026-07-19 07:43:07,20611.38
11076,sess_001872,ADD_TO_CART,19,2026-07-19 07:43:53,20611.38
11077,sess_001872,PRODUCT_VIEW,35,2026-07-19 07:45:19,33955.92
11078,sess_001872,ADD_TO_CART,35,2026-07-19 07:45:59,33955.92
11079,sess_001872,PRODUCT_VIEW,11,2026-07-19 07:47:29,6189.77
11080,sess_001872,ADD_TO_CART,11,2026-07-19 07:47:45,6189.77
11081,sess_001872,CHECKOUT_START,19,2026-07-19 07:49:23,60757.07000000001
11082,sess_001873,PRODUCT_VIEW,19,2026-07-15 06:12:07,20611.38
11083,sess_001873,ADD_TO_CART,19,2026-07-15 06:12:28,20611.38
11084,sess_001873,CHECKOUT_START,19,2026-07-15 06:14:02,20611.38
11085,sess_001873,PAYMENT_FAILURE,19,2026-07-15 06:14:47,20611.38
11086,sess_001873,PAYMENT_FAILURE,19,2026-07-15 06:16:16,20611.38
11087,sess_001874,PRODUCT_VIEW,6,2026-07-23 18:28:07,33938.58
11088,sess_001874,ADD_TO_CART,6,2026-07-23 18:28:38,33938.58
11089,sess_001874,PRODUCT_VIEW,30,2026-07-23 18:30:06,16078.93
11090,sess_001874,ADD_TO_CART,30,2026-07-23 18:30:19,16078.93
11091,sess_001874,PRODUCT_VIEW,12,2026-07-23 18:31:13,11993.35
11092,sess_001874,ADD_TO_CART,12,2026-07-23 18:31:45,11993.35
11093,sess_001874,PRODUCT_VIEW,32,2026-07-23 18:32:23,5145.04
11094,sess_001874,ADD_TO_CART,32,2026-07-23 18:33:12,5145.04
11095,sess_001875,PRODUCT_VIEW,18,2026-07-21 06:43:07,29592.56
11096,sess_001875,ADD_TO_CART,18,2026-07-21 06:43:33,29592.56
11097,sess_001875,PRODUCT_VIEW,22,2026-07-21 06:44:50,18731.11
11098,sess_001875,ADD_TO_CART,22,2026-07-21 06:45:48,18731.11
11099,sess_001875,PRODUCT_VIEW,33,2026-07-21 06:46:45,10984.48
11100,sess_001875,ADD_TO_CART,33,2026-07-21 06:46:59,10984.48
11101,sess_001875,CHECKOUT_START,18,2026-07-21 06:47:49,59308.149999999994
11102,sess_001876,PRODUCT_VIEW,39,2026-07-09 04:47:07,33078.06
11103,sess_001876,ADD_TO_CART,39,2026-07-09 04:48:01,33078.06
11104,sess_001876,PRODUCT_VIEW,28,2026-07-09 04:49:19,470.42
11105,sess_001876,ADD_TO_CART,28,2026-07-09 04:49:50,470.42
11106,sess_001876,PRODUCT_VIEW,12,2026-07-09 04:50:18,11993.35
11107,sess_001876,ADD_TO_CART,12,2026-07-09 04:51:12,11993.35
11108,sess_001876,CHECKOUT_START,39,2026-07-09 04:52:46,45541.829999999994
11109,sess_001877,PRODUCT_VIEW,19,2026-07-19 23:42:07,20611.38
11110,sess_001877,ADD_TO_CART,19,2026-07-19 23:42:32,20611.38
11111,sess_001877,PRODUCT_VIEW,31,2026-07-19 23:43:46,17262.47
11112,sess_001877,ADD_TO_CART,31,2026-07-19 23:44:42,17262.47
11113,sess_001877,PRODUCT_VIEW,39,2026-07-19 23:45:46,33078.06
11114,sess_001877,ADD_TO_CART,39,2026-07-19 23:46:22,33078.06
11115,sess_001877,CHECKOUT_START,19,2026-07-19 23:46:57,70951.91
11116,sess_001878,PRODUCT_VIEW,43,2026-07-16 20:07:07,24226.27
11117,sess_001878,ADD_TO_CART,43,2026-07-16 20:07:43,24226.27
11118,sess_001878,CHECKOUT_START,43,2026-07-16 20:08:45,24226.27
11119,sess_001879,PRODUCT_VIEW,29,2026-07-31 21:08:07,22477.1
11120,sess_001879,ADD_TO_CART,29,2026-07-31 21:08:36,22477.1
11121,sess_001879,PRODUCT_VIEW,41,2026-07-31 21:09:26,30450.87
11122,sess_001879,ADD_TO_CART,41,2026-07-31 21:09:51,30450.87
11123,sess_001879,CHECKOUT_START,29,2026-07-31 21:10:17,52927.97
11124,sess_001880,PRODUCT_VIEW,30,2026-07-21 10:30:07,16078.93
11125,sess_001880,ADD_TO_CART,30,2026-07-21 10:30:29,16078.93
11126,sess_001880,PRODUCT_VIEW,23,2026-07-21 10:30:57,1664.26
11127,sess_001880,ADD_TO_CART,23,2026-07-21 10:31:13,1664.26
11128,sess_001880,PRODUCT_VIEW,27,2026-07-21 10:31:49,34536.05
11129,sess_001880,ADD_TO_CART,27,2026-07-21 10:32:39,34536.05
11130,sess_001880,CHECKOUT_START,30,2026-07-21 10:33:08,52279.240000000005
11131,sess_001880,PAYMENT_FAILURE,30,2026-07-21 10:33:51,52279.240000000005
11132,sess_001880,PAYMENT_FAILURE,30,2026-07-21 10:34:55,52279.240000000005
11133,sess_001880,PAYMENT_FAILURE,30,2026-07-21 10:36:09,52279.240000000005
11134,sess_001881,PRODUCT_VIEW,5,2026-07-14 23:00:07,5973.44
11135,sess_001881,ADD_TO_CART,5,2026-07-14 23:00:39,5973.44
11136,sess_001881,PRODUCT_VIEW,21,2026-07-14 23:02:18,9659.58
11137,sess_001881,ADD_TO_CART,21,2026-07-14 23:03:00,9659.58
11138,sess_001881,PRODUCT_VIEW,45,2026-07-14 23:04:02,13966.49
11139,sess_001881,ADD_TO_CART,45,2026-07-14 23:04:44,13966.49
11140,sess_001881,PRODUCT_VIEW,20,2026-07-14 23:05:55,7441.9
11141,sess_001881,ADD_TO_CART,20,2026-07-14 23:06:29,7441.9
11142,sess_001882,PRODUCT_VIEW,9,2026-07-22 23:39:07,33952.76
11143,sess_001882,ADD_TO_CART,9,2026-07-22 23:39:59,33952.76
11144,sess_001882,PRODUCT_VIEW,5,2026-07-22 23:41:25,5973.44
11145,sess_001882,ADD_TO_CART,5,2026-07-22 23:42:20,5973.44
11146,sess_001882,PRODUCT_VIEW,11,2026-07-22 23:43:49,6189.77
11147,sess_001882,ADD_TO_CART,11,2026-07-22 23:44:23,6189.77
11148,sess_001882,CHECKOUT_START,9,2026-07-22 23:45:38,46115.97
11149,sess_001883,PRODUCT_VIEW,29,2026-07-20 03:57:07,22477.1
11150,sess_001883,ADD_TO_CART,29,2026-07-20 03:57:26,22477.1
11151,sess_001883,PRODUCT_VIEW,3,2026-07-20 03:57:51,15751.54
11152,sess_001883,ADD_TO_CART,3,2026-07-20 03:58:16,15751.54
11153,sess_001883,PRODUCT_VIEW,22,2026-07-20 03:58:46,18731.11
11154,sess_001883,ADD_TO_CART,22,2026-07-20 03:59:38,18731.11
11155,sess_001883,CHECKOUT_START,29,2026-07-20 04:00:26,56959.75
11156,sess_001884,PRODUCT_VIEW,28,2026-07-13 18:54:07,470.42
11157,sess_001884,ADD_TO_CART,28,2026-07-13 18:54:50,470.42
11158,sess_001884,PRODUCT_VIEW,25,2026-07-13 18:56:05,11269.93
11159,sess_001884,ADD_TO_CART,25,2026-07-13 18:56:33,11269.93
11160,sess_001884,CHECKOUT_START,28,2026-07-13 18:57:09,11740.35
11161,sess_001885,PRODUCT_VIEW,31,2026-07-25 06:08:07,17262.47
11162,sess_001885,ADD_TO_CART,31,2026-07-25 06:08:50,17262.47
11163,sess_001885,PRODUCT_VIEW,10,2026-07-25 06:10:09,8490.19
11164,sess_001885,ADD_TO_CART,10,2026-07-25 06:11:06,8490.19
11165,sess_001885,CHECKOUT_START,31,2026-07-25 06:12:14,25752.660000000003
11166,sess_001886,PRODUCT_VIEW,6,2026-07-09 08:08:07,33938.58
11167,sess_001886,ADD_TO_CART,6,2026-07-09 08:08:28,33938.58
11168,sess_001886,PRODUCT_VIEW,48,2026-07-09 08:09:56,34207.92
11169,sess_001886,ADD_TO_CART,48,2026-07-09 08:10:20,34207.92
11170,sess_001886,PRODUCT_VIEW,1,2026-07-09 08:11:08,29947.02
11171,sess_001886,ADD_TO_CART,1,2026-07-09 08:11:35,29947.02
11172,sess_001886,PRODUCT_VIEW,27,2026-07-09 08:12:39,34536.05
11173,sess_001886,ADD_TO_CART,27,2026-07-09 08:13:37,34536.05
11174,sess_001886,CHECKOUT_START,6,2026-07-09 08:14:44,132629.57
11175,sess_001886,PAYMENT_FAILURE,6,2026-07-09 08:15:44,132629.57
11176,sess_001886,PAYMENT_FAILURE,6,2026-07-09 08:16:29,132629.57
11177,sess_001886,PAYMENT_FAILURE,6,2026-07-09 08:17:20,132629.57
11178,sess_001887,PRODUCT_VIEW,4,2026-07-13 09:10:07,12764.76
11179,sess_001887,ADD_TO_CART,4,2026-07-13 09:10:33,12764.76
11180,sess_001888,PRODUCT_VIEW,48,2026-08-06 20:20:07,34207.92
11181,sess_001888,ADD_TO_CART,48,2026-08-06 20:20:59,34207.92
11182,sess_001888,PRODUCT_VIEW,41,2026-08-06 20:21:35,30450.87
11183,sess_001888,ADD_TO_CART,41,2026-08-06 20:21:55,30450.87
11184,sess_001888,CHECKOUT_START,48,2026-08-06 20:23:25,64658.78999999999
11185,sess_001889,PRODUCT_VIEW,22,2026-07-30 23:12:07,18731.11
11186,sess_001889,ADD_TO_CART,22,2026-07-30 23:12:43,18731.11
11187,sess_001889,PRODUCT_VIEW,19,2026-07-30 23:14:09,20611.38
11188,sess_001889,ADD_TO_CART,19,2026-07-30 23:14:57,20611.38
11189,sess_001890,PRODUCT_VIEW,38,2026-08-04 21:05:07,24333.81
11190,sess_001890,ADD_TO_CART,38,2026-08-04 21:06:07,24333.81
11191,sess_001890,PRODUCT_VIEW,27,2026-08-04 21:07:03,34536.05
11192,sess_001890,ADD_TO_CART,27,2026-08-04 21:07:38,34536.05
11193,sess_001890,PRODUCT_VIEW,41,2026-08-04 21:08:56,30450.87
11194,sess_001890,ADD_TO_CART,41,2026-08-04 21:09:20,30450.87
11195,sess_001890,CHECKOUT_START,38,2026-08-04 21:10:47,89320.73
11196,sess_001891,PRODUCT_VIEW,32,2026-07-08 15:07:07,5145.04
11197,sess_001891,ADD_TO_CART,32,2026-07-08 15:07:28,5145.04
11198,sess_001891,PRODUCT_VIEW,48,2026-07-08 15:08:10,34207.92
11199,sess_001891,ADD_TO_CART,48,2026-07-08 15:08:59,34207.92
11200,sess_001891,PRODUCT_VIEW,15,2026-07-08 15:09:28,6095.52
11201,sess_001891,ADD_TO_CART,15,2026-07-08 15:10:22,6095.52
11202,sess_001891,PRODUCT_VIEW,14,2026-07-08 15:11:02,21714.55
11203,sess_001891,ADD_TO_CART,14,2026-07-08 15:11:30,21714.55
11204,sess_001891,CHECKOUT_START,32,2026-07-08 15:12:59,67163.03
11205,sess_001892,PRODUCT_VIEW,16,2026-07-16 09:41:07,1571.54
11206,sess_001892,ADD_TO_CART,16,2026-07-16 09:41:56,1571.54
11207,sess_001892,PRODUCT_VIEW,44,2026-07-16 09:42:49,7783.14
11208,sess_001892,ADD_TO_CART,44,2026-07-16 09:43:19,7783.14
11209,sess_001892,CHECKOUT_START,16,2026-07-16 09:44:53,9354.68
11210,sess_001893,PRODUCT_VIEW,41,2026-07-30 23:32:07,30450.87
11211,sess_001893,ADD_TO_CART,41,2026-07-30 23:32:52,30450.87
11212,sess_001894,PRODUCT_VIEW,45,2026-07-16 23:01:07,13966.49
11213,sess_001894,ADD_TO_CART,45,2026-07-16 23:01:24,13966.49
11214,sess_001894,CHECKOUT_START,45,2026-07-16 23:02:14,13966.49
11215,sess_001895,PRODUCT_VIEW,21,2026-07-21 16:59:07,9659.58
11216,sess_001895,ADD_TO_CART,21,2026-07-21 16:59:52,9659.58
11217,sess_001895,CHECKOUT_START,21,2026-07-21 17:00:21,9659.58
11218,sess_001896,PRODUCT_VIEW,21,2026-07-12 17:10:07,9659.58
11219,sess_001896,ADD_TO_CART,21,2026-07-12 17:10:46,9659.58
11220,sess_001896,PRODUCT_VIEW,26,2026-07-12 17:11:08,1741.62
11221,sess_001896,ADD_TO_CART,26,2026-07-12 17:11:26,1741.62
11222,sess_001896,CHECKOUT_START,21,2026-07-12 17:12:43,11401.2
11223,sess_001897,PRODUCT_VIEW,23,2026-07-26 12:08:07,1664.26
11224,sess_001897,ADD_TO_CART,23,2026-07-26 12:08:53,1664.26
11225,sess_001897,PRODUCT_VIEW,32,2026-07-26 12:09:56,5145.04
11226,sess_001897,ADD_TO_CART,32,2026-07-26 12:10:45,5145.04
11227,sess_001897,PRODUCT_VIEW,22,2026-07-26 12:12:17,18731.11
11228,sess_001897,ADD_TO_CART,22,2026-07-26 12:12:50,18731.11
11229,sess_001897,CHECKOUT_START,23,2026-07-26 12:13:57,25540.41
11230,sess_001898,PRODUCT_VIEW,8,2026-07-18 11:25:07,27139.29
11231,sess_001898,ADD_TO_CART,8,2026-07-18 11:25:35,27139.29
11232,sess_001898,PRODUCT_VIEW,20,2026-07-18 11:26:04,7441.9
11233,sess_001898,ADD_TO_CART,20,2026-07-18 11:26:49,7441.9
11234,sess_001898,PRODUCT_VIEW,33,2026-07-18 11:27:37,10984.48
11235,sess_001898,ADD_TO_CART,33,2026-07-18 11:28:26,10984.48
11236,sess_001898,PRODUCT_VIEW,24,2026-07-18 11:29:30,15990.76
11237,sess_001898,ADD_TO_CART,24,2026-07-18 11:29:50,15990.76
11238,sess_001898,CHECKOUT_START,8,2026-07-18 11:30:50,61556.43
11239,sess_001899,PRODUCT_VIEW,7,2026-07-24 01:48:07,23088.42
11240,sess_001899,ADD_TO_CART,7,2026-07-24 01:48:57,23088.42
11241,sess_001899,PRODUCT_VIEW,5,2026-07-24 01:49:40,5973.44
11242,sess_001899,ADD_TO_CART,5,2026-07-24 01:49:55,5973.44
11243,sess_001899,PRODUCT_VIEW,40,2026-07-24 01:50:53,17551.46
11244,sess_001899,ADD_TO_CART,40,2026-07-24 01:51:26,17551.46
11245,sess_001899,CHECKOUT_START,7,2026-07-24 01:52:48,46613.31999999999
11246,sess_001900,PRODUCT_VIEW,41,2026-07-13 17:39:07,30450.87
11247,sess_001900,ADD_TO_CART,41,2026-07-13 17:39:33,30450.87
11248,sess_001900,PRODUCT_VIEW,25,2026-07-13 17:40:52,11269.93
11249,sess_001900,ADD_TO_CART,25,2026-07-13 17:41:14,11269.93
11250,sess_001900,PRODUCT_VIEW,49,2026-07-13 17:41:37,30515.02
11251,sess_001900,ADD_TO_CART,49,2026-07-13 17:42:19,30515.02
11252,sess_001900,PRODUCT_VIEW,40,2026-07-13 17:43:49,17551.46
11253,sess_001900,ADD_TO_CART,40,2026-07-13 17:44:08,17551.46
11254,sess_001900,CHECKOUT_START,41,2026-07-13 17:45:06,89787.28
11255,sess_001901,PRODUCT_VIEW,19,2026-07-11 16:22:07,20611.38
11256,sess_001901,ADD_TO_CART,19,2026-07-11 16:23:01,20611.38
11257,sess_001901,PRODUCT_VIEW,1,2026-07-11 16:23:43,29947.02
11258,sess_001901,ADD_TO_CART,1,2026-07-11 16:24:30,29947.02
11259,sess_001901,PRODUCT_VIEW,48,2026-07-11 16:25:15,34207.92
11260,sess_001901,ADD_TO_CART,48,2026-07-11 16:26:14,34207.92
11261,sess_001901,CHECKOUT_START,19,2026-07-11 16:27:29,84766.32
11262,sess_001902,PRODUCT_VIEW,46,2026-08-02 21:36:07,3997.88
11263,sess_001902,ADD_TO_CART,46,2026-08-02 21:36:39,3997.88
11264,sess_001902,PRODUCT_VIEW,43,2026-08-02 21:38:00,24226.27
11265,sess_001902,ADD_TO_CART,43,2026-08-02 21:38:46,24226.27
11266,sess_001902,PRODUCT_VIEW,11,2026-08-02 21:39:46,6189.77
11267,sess_001902,ADD_TO_CART,11,2026-08-02 21:40:33,6189.77
11268,sess_001902,CHECKOUT_START,46,2026-08-02 21:42:05,34413.92
11269,sess_001903,PRODUCT_VIEW,10,2026-07-09 16:00:07,8490.19
11270,sess_001903,ADD_TO_CART,10,2026-07-09 16:00:36,8490.19
11271,sess_001903,PRODUCT_VIEW,21,2026-07-09 16:01:48,9659.58
11272,sess_001903,ADD_TO_CART,21,2026-07-09 16:01:58,9659.58
11273,sess_001904,PRODUCT_VIEW,17,2026-07-13 14:18:07,23333.68
11274,sess_001904,ADD_TO_CART,17,2026-07-13 14:19:02,23333.68
11275,sess_001904,PRODUCT_VIEW,33,2026-07-13 14:20:08,10984.48
11276,sess_001904,ADD_TO_CART,33,2026-07-13 14:20:48,10984.48
11277,sess_001905,PRODUCT_VIEW,12,2026-07-24 10:02:07,11993.35
11278,sess_001905,ADD_TO_CART,12,2026-07-24 10:02:48,11993.35
11279,sess_001906,PRODUCT_VIEW,3,2026-08-07 18:59:07,15751.54
11280,sess_001906,ADD_TO_CART,3,2026-08-07 18:59:35,15751.54
11281,sess_001906,PRODUCT_VIEW,6,2026-08-07 19:01:10,33938.58
11282,sess_001906,ADD_TO_CART,6,2026-08-07 19:01:39,33938.58
11283,sess_001906,CHECKOUT_START,3,2026-08-07 19:03:10,49690.12
11284,sess_001907,PRODUCT_VIEW,13,2026-07-26 01:30:07,15251.23
11285,sess_001907,ADD_TO_CART,13,2026-07-26 01:30:53,15251.23
11286,sess_001907,PRODUCT_VIEW,8,2026-07-26 01:31:26,27139.29
11287,sess_001907,ADD_TO_CART,8,2026-07-26 01:32:19,27139.29
11288,sess_001907,CHECKOUT_START,13,2026-07-26 01:33:52,42390.520000000004
11289,sess_001908,PRODUCT_VIEW,36,2026-07-17 17:13:07,23638.97
11290,sess_001908,ADD_TO_CART,36,2026-07-17 17:13:23,23638.97
11291,sess_001908,PRODUCT_VIEW,47,2026-07-17 17:14:39,34979.66
11292,sess_001908,ADD_TO_CART,47,2026-07-17 17:14:58,34979.66
11293,sess_001908,PRODUCT_VIEW,45,2026-07-17 17:15:47,13966.49
11294,sess_001908,ADD_TO_CART,45,2026-07-17 17:16:45,13966.49
11295,sess_001908,PRODUCT_VIEW,14,2026-07-17 17:18:00,21714.55
11296,sess_001908,ADD_TO_CART,14,2026-07-17 17:18:50,21714.55
11297,sess_001908,CHECKOUT_START,36,2026-07-17 17:20:01,94299.67000000001
11298,sess_001909,PRODUCT_VIEW,33,2026-07-23 21:43:07,10984.48
11299,sess_001909,ADD_TO_CART,33,2026-07-23 21:44:07,10984.48
11300,sess_001909,CHECKOUT_START,33,2026-07-23 21:45:28,10984.48
11301,sess_001909,PAYMENT_FAILURE,33,2026-07-23 21:46:16,10984.48
11302,sess_001909,PAYMENT_FAILURE,33,2026-07-23 21:46:48,10984.48
11303,sess_001909,PAYMENT_FAILURE,33,2026-07-23 21:47:38,10984.48
11304,sess_001910,PRODUCT_VIEW,2,2026-08-02 23:51:07,8878.17
11305,sess_001910,ADD_TO_CART,2,2026-08-02 23:51:50,8878.17
11306,sess_001910,PRODUCT_VIEW,32,2026-08-02 23:53:10,5145.04
11307,sess_001910,ADD_TO_CART,32,2026-08-02 23:54:09,5145.04
11308,sess_001910,PRODUCT_VIEW,5,2026-08-02 23:55:19,5973.44
11309,sess_001910,ADD_TO_CART,5,2026-08-02 23:55:51,5973.44
11310,sess_001910,PRODUCT_VIEW,17,2026-08-02 23:56:18,23333.68
11311,sess_001910,ADD_TO_CART,17,2026-08-02 23:57:13,23333.68
11312,sess_001910,CHECKOUT_START,2,2026-08-02 23:58:36,43330.33
11313,sess_001910,PAYMENT_FAILURE,2,2026-08-02 23:59:35,43330.33
11314,sess_001910,PAYMENT_FAILURE,2,2026-08-03 00:00:27,43330.33
11315,sess_001911,PRODUCT_VIEW,2,2026-07-31 22:03:07,8878.17
11316,sess_001911,ADD_TO_CART,2,2026-07-31 22:03:58,8878.17
11317,sess_001911,PRODUCT_VIEW,13,2026-07-31 22:05:22,15251.23
11318,sess_001911,ADD_TO_CART,13,2026-07-31 22:06:18,15251.23
11319,sess_001911,PRODUCT_VIEW,43,2026-07-31 22:06:47,24226.27
11320,sess_001911,ADD_TO_CART,43,2026-07-31 22:07:02,24226.27
11321,sess_001911,PRODUCT_VIEW,32,2026-07-31 22:07:29,5145.04
11322,sess_001911,ADD_TO_CART,32,2026-07-31 22:07:59,5145.04
11323,sess_001911,CHECKOUT_START,2,2026-07-31 22:09:15,53500.71
11324,sess_001912,PRODUCT_VIEW,2,2026-07-14 17:36:07,8878.17
11325,sess_001912,ADD_TO_CART,2,2026-07-14 17:36:55,8878.17
11326,sess_001912,PRODUCT_VIEW,1,2026-07-14 17:37:50,29947.02
11327,sess_001912,ADD_TO_CART,1,2026-07-14 17:38:25,29947.02
11328,sess_001912,PRODUCT_VIEW,23,2026-07-14 17:40:01,1664.26
11329,sess_001912,ADD_TO_CART,23,2026-07-14 17:40:36,1664.26
11330,sess_001912,PRODUCT_VIEW,39,2026-07-14 17:41:46,33078.06
11331,sess_001912,ADD_TO_CART,39,2026-07-14 17:42:39,33078.06
11332,sess_001912,CHECKOUT_START,2,2026-07-14 17:44:16,73567.51000000001
11333,sess_001913,PRODUCT_VIEW,48,2026-07-16 08:53:07,34207.92
11334,sess_001913,ADD_TO_CART,48,2026-07-16 08:54:00,34207.92
11335,sess_001913,CHECKOUT_START,48,2026-07-16 08:55:00,34207.92
11336,sess_001914,PRODUCT_VIEW,36,2026-07-09 22:23:07,23638.97
11337,sess_001914,ADD_TO_CART,36,2026-07-09 22:23:43,23638.97
11338,sess_001915,PRODUCT_VIEW,19,2026-08-07 10:46:07,20611.38
11339,sess_001915,ADD_TO_CART,19,2026-08-07 10:47:01,20611.38
11340,sess_001915,PRODUCT_VIEW,45,2026-08-07 10:48:28,13966.49
11341,sess_001915,ADD_TO_CART,45,2026-08-07 10:49:13,13966.49
11342,sess_001915,PRODUCT_VIEW,35,2026-08-07 10:49:57,33955.92
11343,sess_001915,ADD_TO_CART,35,2026-08-07 10:50:46,33955.92
11344,sess_001915,CHECKOUT_START,19,2026-08-07 10:51:27,68533.79000000001
11345,sess_001916,PRODUCT_VIEW,35,2026-07-20 07:48:07,33955.92
11346,sess_001916,ADD_TO_CART,35,2026-07-20 07:49:00,33955.92
11347,sess_001916,PRODUCT_VIEW,45,2026-07-20 07:50:07,13966.49
11348,sess_001916,ADD_TO_CART,45,2026-07-20 07:50:52,13966.49
11349,sess_001916,PRODUCT_VIEW,10,2026-07-20 07:51:55,8490.19
11350,sess_001916,ADD_TO_CART,10,2026-07-20 07:52:52,8490.19
11351,sess_001916,CHECKOUT_START,35,2026-07-20 07:53:47,56412.6
11352,sess_001917,PRODUCT_VIEW,50,2026-07-20 10:16:07,19975.03
11353,sess_001917,ADD_TO_CART,50,2026-07-20 10:16:32,19975.03
11354,sess_001917,PRODUCT_VIEW,49,2026-07-20 10:17:46,30515.02
11355,sess_001917,ADD_TO_CART,49,2026-07-20 10:18:27,30515.02
11356,sess_001917,CHECKOUT_START,50,2026-07-20 10:19:56,50490.05
11357,sess_001918,PRODUCT_VIEW,35,2026-07-20 02:57:07,33955.92
11358,sess_001918,ADD_TO_CART,35,2026-07-20 02:57:19,33955.92
11359,sess_001918,PRODUCT_VIEW,2,2026-07-20 02:58:12,8878.17
11360,sess_001918,ADD_TO_CART,2,2026-07-20 02:59:06,8878.17
11361,sess_001918,CHECKOUT_START,35,2026-07-20 02:59:56,42834.09
11362,sess_001919,PRODUCT_VIEW,26,2026-07-25 15:17:07,1741.62
11363,sess_001919,ADD_TO_CART,26,2026-07-25 15:17:31,1741.62
11364,sess_001919,CHECKOUT_START,26,2026-07-25 15:18:53,1741.62
11365,sess_001920,PRODUCT_VIEW,37,2026-08-04 09:01:07,30424.4
11366,sess_001920,ADD_TO_CART,37,2026-08-04 09:01:47,30424.4
11367,sess_001920,PRODUCT_VIEW,29,2026-08-04 09:02:58,22477.1
11368,sess_001920,ADD_TO_CART,29,2026-08-04 09:03:10,22477.1
11369,sess_001921,PRODUCT_VIEW,29,2026-07-15 15:26:07,22477.1
11370,sess_001921,ADD_TO_CART,29,2026-07-15 15:26:24,22477.1
11371,sess_001921,PRODUCT_VIEW,12,2026-07-15 15:27:23,11993.35
11372,sess_001921,ADD_TO_CART,12,2026-07-15 15:28:18,11993.35
11373,sess_001921,PRODUCT_VIEW,35,2026-07-15 15:29:05,33955.92
11374,sess_001921,ADD_TO_CART,35,2026-07-15 15:29:59,33955.92
11375,sess_001922,PRODUCT_VIEW,5,2026-08-04 14:09:07,5973.44
11376,sess_001922,ADD_TO_CART,5,2026-08-04 14:09:27,5973.44
11377,sess_001922,PRODUCT_VIEW,6,2026-08-04 14:10:38,33938.58
11378,sess_001922,ADD_TO_CART,6,2026-08-04 14:11:35,33938.58
11379,sess_001922,PRODUCT_VIEW,34,2026-08-04 14:11:57,7303.52
11380,sess_001922,ADD_TO_CART,34,2026-08-04 14:12:57,7303.52
11381,sess_001922,PRODUCT_VIEW,39,2026-08-04 14:13:59,33078.06
11382,sess_001922,ADD_TO_CART,39,2026-08-04 14:14:30,33078.06
11383,sess_001922,CHECKOUT_START,5,2026-08-04 14:15:33,80293.6
11384,sess_001923,PRODUCT_VIEW,25,2026-07-30 18:38:07,11269.93
11385,sess_001923,ADD_TO_CART,25,2026-07-30 18:39:05,11269.93
11386,sess_001923,PRODUCT_VIEW,33,2026-07-30 18:39:57,10984.48
11387,sess_001923,ADD_TO_CART,33,2026-07-30 18:40:56,10984.48
11388,sess_001924,PRODUCT_VIEW,18,2026-07-29 01:32:07,29592.56
11389,sess_001924,ADD_TO_CART,18,2026-07-29 01:32:39,29592.56
11390,sess_001924,PRODUCT_VIEW,22,2026-07-29 01:33:51,18731.11
11391,sess_001924,ADD_TO_CART,22,2026-07-29 01:34:51,18731.11
11392,sess_001924,PRODUCT_VIEW,37,2026-07-29 01:36:05,30424.4
11393,sess_001924,ADD_TO_CART,37,2026-07-29 01:36:16,30424.4
11394,sess_001925,PRODUCT_VIEW,34,2026-08-03 19:26:07,7303.52
11395,sess_001925,ADD_TO_CART,34,2026-08-03 19:26:54,7303.52
11396,sess_001925,PRODUCT_VIEW,25,2026-08-03 19:28:14,11269.93
11397,sess_001925,ADD_TO_CART,25,2026-08-03 19:28:41,11269.93
11398,sess_001926,PRODUCT_VIEW,43,2026-07-13 06:31:07,24226.27
11399,sess_001926,ADD_TO_CART,43,2026-07-13 06:31:37,24226.27
11400,sess_001926,PRODUCT_VIEW,4,2026-07-13 06:33:17,12764.76
11401,sess_001926,ADD_TO_CART,4,2026-07-13 06:33:55,12764.76
11402,sess_001926,PRODUCT_VIEW,38,2026-07-13 06:34:17,24333.81
11403,sess_001926,ADD_TO_CART,38,2026-07-13 06:35:17,24333.81
11404,sess_001927,PRODUCT_VIEW,13,2026-07-17 12:19:07,15251.23
11405,sess_001927,ADD_TO_CART,13,2026-07-17 12:19:43,15251.23
11406,sess_001927,CHECKOUT_START,13,2026-07-17 12:20:36,15251.23
11407,sess_001928,PRODUCT_VIEW,3,2026-07-30 18:11:07,15751.54
11408,sess_001928,ADD_TO_CART,3,2026-07-30 18:11:28,15751.54
11409,sess_001928,PRODUCT_VIEW,1,2026-07-30 18:12:50,29947.02
11410,sess_001928,ADD_TO_CART,1,2026-07-30 18:13:36,29947.02
11411,sess_001928,PRODUCT_VIEW,45,2026-07-30 18:14:38,13966.49
11412,sess_001928,ADD_TO_CART,45,2026-07-30 18:15:33,13966.49
11413,sess_001928,PRODUCT_VIEW,27,2026-07-30 18:17:06,34536.05
11414,sess_001928,ADD_TO_CART,27,2026-07-30 18:17:37,34536.05
11415,sess_001928,CHECKOUT_START,3,2026-07-30 18:18:12,94201.1
11416,sess_001929,PRODUCT_VIEW,9,2026-07-15 11:25:07,33952.76
11417,sess_001929,ADD_TO_CART,9,2026-07-15 11:26:05,33952.76
11418,sess_001929,PRODUCT_VIEW,6,2026-07-15 11:27:25,33938.58
11419,sess_001929,ADD_TO_CART,6,2026-07-15 11:28:19,33938.58
11420,sess_001929,PRODUCT_VIEW,48,2026-07-15 11:29:24,34207.92
11421,sess_001929,ADD_TO_CART,48,2026-07-15 11:30:01,34207.92
11422,sess_001929,CHECKOUT_START,9,2026-07-15 11:30:37,102099.26
11423,sess_001930,PRODUCT_VIEW,18,2026-08-07 20:48:07,29592.56
11424,sess_001930,ADD_TO_CART,18,2026-08-07 20:48:46,29592.56
11425,sess_001930,PRODUCT_VIEW,20,2026-08-07 20:50:20,7441.9
11426,sess_001930,ADD_TO_CART,20,2026-08-07 20:51:12,7441.9
11427,sess_001930,CHECKOUT_START,18,2026-08-07 20:52:08,37034.46
11428,sess_001931,PRODUCT_VIEW,11,2026-08-04 10:39:07,6189.77
11429,sess_001931,ADD_TO_CART,11,2026-08-04 10:39:34,6189.77
11430,sess_001931,PRODUCT_VIEW,28,2026-08-04 10:40:59,470.42
11431,sess_001931,ADD_TO_CART,28,2026-08-04 10:41:47,470.42
11432,sess_001932,PRODUCT_VIEW,29,2026-08-07 08:45:07,22477.1
11433,sess_001932,ADD_TO_CART,29,2026-08-07 08:46:04,22477.1
11434,sess_001932,PRODUCT_VIEW,26,2026-08-07 08:46:54,1741.62
11435,sess_001932,ADD_TO_CART,26,2026-08-07 08:47:06,1741.62
11436,sess_001932,PRODUCT_VIEW,5,2026-08-07 08:48:00,5973.44
11437,sess_001932,ADD_TO_CART,5,2026-08-07 08:48:59,5973.44
11438,sess_001932,CHECKOUT_START,29,2026-08-07 08:50:31,30192.159999999996
11439,sess_001933,PRODUCT_VIEW,46,2026-07-18 02:53:07,3997.88
11440,sess_001933,ADD_TO_CART,46,2026-07-18 02:53:26,3997.88
11441,sess_001933,PRODUCT_VIEW,23,2026-07-18 02:54:55,1664.26
11442,sess_001933,ADD_TO_CART,23,2026-07-18 02:55:17,1664.26
11443,sess_001933,PRODUCT_VIEW,50,2026-07-18 02:56:04,19975.03
11444,sess_001933,ADD_TO_CART,50,2026-07-18 02:56:44,19975.03
11445,sess_001934,PRODUCT_VIEW,43,2026-07-26 02:09:07,24226.27
11446,sess_001934,ADD_TO_CART,43,2026-07-26 02:09:30,24226.27
11447,sess_001935,PRODUCT_VIEW,7,2026-07-30 02:52:07,23088.42
11448,sess_001935,ADD_TO_CART,7,2026-07-30 02:52:52,23088.42
11449,sess_001935,PRODUCT_VIEW,6,2026-07-30 02:53:28,33938.58
11450,sess_001935,ADD_TO_CART,6,2026-07-30 02:54:24,33938.58
11451,sess_001935,PRODUCT_VIEW,22,2026-07-30 02:54:52,18731.11
11452,sess_001935,ADD_TO_CART,22,2026-07-30 02:55:35,18731.11
11453,sess_001935,PRODUCT_VIEW,34,2026-07-30 02:56:54,7303.52
11454,sess_001935,ADD_TO_CART,34,2026-07-30 02:57:06,7303.52
11455,sess_001936,PRODUCT_VIEW,8,2026-07-15 04:56:07,27139.29
11456,sess_001936,ADD_TO_CART,8,2026-07-15 04:56:33,27139.29
11457,sess_001936,PRODUCT_VIEW,5,2026-07-15 04:57:25,5973.44
11458,sess_001936,ADD_TO_CART,5,2026-07-15 04:57:59,5973.44
11459,sess_001936,PRODUCT_VIEW,20,2026-07-15 04:58:29,7441.9
11460,sess_001936,ADD_TO_CART,20,2026-07-15 04:58:45,7441.9
11461,sess_001936,PRODUCT_VIEW,26,2026-07-15 05:00:19,1741.62
11462,sess_001936,ADD_TO_CART,26,2026-07-15 05:01:01,1741.62
11463,sess_001937,PRODUCT_VIEW,16,2026-07-15 14:19:07,1571.54
11464,sess_001937,ADD_TO_CART,16,2026-07-15 14:20:03,1571.54
11465,sess_001937,PRODUCT_VIEW,32,2026-07-15 14:21:24,5145.04
11466,sess_001937,ADD_TO_CART,32,2026-07-15 14:21:52,5145.04
11467,sess_001937,CHECKOUT_START,16,2026-07-15 14:23:23,6716.58
11468,sess_001938,PRODUCT_VIEW,12,2026-07-23 05:30:07,11993.35
11469,sess_001938,ADD_TO_CART,12,2026-07-23 05:30:23,11993.35
11470,sess_001938,PRODUCT_VIEW,22,2026-07-23 05:31:03,18731.11
11471,sess_001938,ADD_TO_CART,22,2026-07-23 05:31:18,18731.11
11472,sess_001938,CHECKOUT_START,12,2026-07-23 05:32:49,30724.46
11473,sess_001939,PRODUCT_VIEW,47,2026-07-23 05:07:07,34979.66
11474,sess_001939,ADD_TO_CART,47,2026-07-23 05:07:44,34979.66
11475,sess_001939,PRODUCT_VIEW,2,2026-07-23 05:08:50,8878.17
11476,sess_001939,ADD_TO_CART,2,2026-07-23 05:09:46,8878.17
11477,sess_001939,PRODUCT_VIEW,10,2026-07-23 05:10:32,8490.19
11478,sess_001939,ADD_TO_CART,10,2026-07-23 05:11:17,8490.19
11479,sess_001939,PRODUCT_VIEW,35,2026-07-23 05:12:04,33955.92
11480,sess_001939,ADD_TO_CART,35,2026-07-23 05:12:50,33955.92
11481,sess_001939,CHECKOUT_START,47,2026-07-23 05:13:56,86303.94
11482,sess_001939,PAYMENT_FAILURE,47,2026-07-23 05:14:55,86303.94
11483,sess_001940,PRODUCT_VIEW,49,2026-08-05 00:35:07,30515.02
11484,sess_001940,ADD_TO_CART,49,2026-08-05 00:36:04,30515.02
11485,sess_001940,CHECKOUT_START,49,2026-08-05 00:37:39,30515.02
11486,sess_001941,PRODUCT_VIEW,3,2026-07-22 22:33:07,15751.54
11487,sess_001941,ADD_TO_CART,3,2026-07-22 22:34:07,15751.54
11488,sess_001941,PRODUCT_VIEW,32,2026-07-22 22:34:31,5145.04
11489,sess_001941,ADD_TO_CART,32,2026-07-22 22:35:17,5145.04
11490,sess_001941,CHECKOUT_START,3,2026-07-22 22:36:42,20896.58
11491,sess_001942,PRODUCT_VIEW,44,2026-07-16 01:01:07,7783.14
11492,sess_001942,ADD_TO_CART,44,2026-07-16 01:01:39,7783.14
11493,sess_001942,PRODUCT_VIEW,12,2026-07-16 01:02:06,11993.35
11494,sess_001942,ADD_TO_CART,12,2026-07-16 01:02:46,11993.35
11495,sess_001942,PRODUCT_VIEW,40,2026-07-16 01:03:42,17551.46
11496,sess_001942,ADD_TO_CART,40,2026-07-16 01:04:35,17551.46
11497,sess_001942,PRODUCT_VIEW,27,2026-07-16 01:05:29,34536.05
11498,sess_001942,ADD_TO_CART,27,2026-07-16 01:06:00,34536.05
11499,sess_001942,CHECKOUT_START,44,2026-07-16 01:07:10,71864.0
11500,sess_001942,PAYMENT_FAILURE,44,2026-07-16 01:08:00,71864.0
11501,sess_001942,PAYMENT_FAILURE,44,2026-07-16 01:08:58,71864.0
11502,sess_001943,PRODUCT_VIEW,33,2026-07-30 21:34:07,10984.48
11503,sess_001943,ADD_TO_CART,33,2026-07-30 21:34:45,10984.48
11504,sess_001943,PRODUCT_VIEW,7,2026-07-30 21:36:20,23088.42
11505,sess_001943,ADD_TO_CART,7,2026-07-30 21:36:47,23088.42
11506,sess_001944,PRODUCT_VIEW,4,2026-07-29 13:14:07,12764.76
11507,sess_001944,ADD_TO_CART,4,2026-07-29 13:14:44,12764.76
11508,sess_001944,PRODUCT_VIEW,12,2026-07-29 13:15:26,11993.35
11509,sess_001944,ADD_TO_CART,12,2026-07-29 13:16:01,11993.35
11510,sess_001944,CHECKOUT_START,4,2026-07-29 13:17:39,24758.11
11511,sess_001945,PRODUCT_VIEW,15,2026-07-08 15:54:07,6095.52
11512,sess_001945,ADD_TO_CART,15,2026-07-08 15:55:02,6095.52
11513,sess_001945,PRODUCT_VIEW,16,2026-07-08 15:55:26,1571.54
11514,sess_001945,ADD_TO_CART,16,2026-07-08 15:56:05,1571.54
11515,sess_001945,PRODUCT_VIEW,1,2026-07-08 15:56:58,29947.02
11516,sess_001945,ADD_TO_CART,1,2026-07-08 15:57:57,29947.02
11517,sess_001945,PRODUCT_VIEW,40,2026-07-08 15:58:22,17551.46
11518,sess_001945,ADD_TO_CART,40,2026-07-08 15:59:18,17551.46
11519,sess_001945,CHECKOUT_START,15,2026-07-08 16:00:26,55165.54
11520,sess_001946,PRODUCT_VIEW,48,2026-07-18 19:33:07,34207.92
11521,sess_001946,ADD_TO_CART,48,2026-07-18 19:33:25,34207.92
11522,sess_001946,PRODUCT_VIEW,31,2026-07-18 19:34:28,17262.47
11523,sess_001946,ADD_TO_CART,31,2026-07-18 19:35:23,17262.47
11524,sess_001946,PRODUCT_VIEW,24,2026-07-18 19:36:54,15990.76
11525,sess_001946,ADD_TO_CART,24,2026-07-18 19:37:16,15990.76
11526,sess_001946,PRODUCT_VIEW,8,2026-07-18 19:38:37,27139.29
11527,sess_001946,ADD_TO_CART,8,2026-07-18 19:39:35,27139.29
11528,sess_001946,CHECKOUT_START,48,2026-07-18 19:41:08,94600.44
11529,sess_001947,PRODUCT_VIEW,9,2026-07-12 17:28:07,33952.76
11530,sess_001947,ADD_TO_CART,9,2026-07-12 17:28:44,33952.76
11531,sess_001947,PRODUCT_VIEW,32,2026-07-12 17:29:33,5145.04
11532,sess_001947,ADD_TO_CART,32,2026-07-12 17:29:56,5145.04
11533,sess_001947,CHECKOUT_START,9,2026-07-12 17:30:49,39097.8
11534,sess_001948,PRODUCT_VIEW,32,2026-07-14 06:53:07,5145.04
11535,sess_001948,ADD_TO_CART,32,2026-07-14 06:53:28,5145.04
11536,sess_001948,PRODUCT_VIEW,44,2026-07-14 06:54:11,7783.14
11537,sess_001948,ADD_TO_CART,44,2026-07-14 06:54:42,7783.14
11538,sess_001948,CHECKOUT_START,32,2026-07-14 06:56:16,12928.18
11539,sess_001949,PRODUCT_VIEW,35,2026-07-23 00:46:07,33955.92
11540,sess_001949,ADD_TO_CART,35,2026-07-23 00:47:01,33955.92
11541,sess_001950,PRODUCT_VIEW,13,2026-07-15 09:25:07,15251.23
11542,sess_001950,ADD_TO_CART,13,2026-07-15 09:26:05,15251.23
11543,sess_001950,PRODUCT_VIEW,15,2026-07-15 09:26:50,6095.52
11544,sess_001950,ADD_TO_CART,15,2026-07-15 09:27:43,6095.52
11545,sess_001950,CHECKOUT_START,13,2026-07-15 09:28:18,21346.75
11546,sess_001951,PRODUCT_VIEW,24,2026-07-26 02:58:07,15990.76
11547,sess_001951,ADD_TO_CART,24,2026-07-26 02:58:48,15990.76
11548,sess_001951,PRODUCT_VIEW,42,2026-07-26 03:00:18,1353.46
11549,sess_001951,ADD_TO_CART,42,2026-07-26 03:01:08,1353.46
11550,sess_001952,PRODUCT_VIEW,37,2026-07-22 02:43:07,30424.4
11551,sess_001952,ADD_TO_CART,37,2026-07-22 02:43:18,30424.4
11552,sess_001952,PRODUCT_VIEW,43,2026-07-22 02:44:58,24226.27
11553,sess_001952,ADD_TO_CART,43,2026-07-22 02:45:32,24226.27
11554,sess_001952,PRODUCT_VIEW,25,2026-07-22 02:46:29,11269.93
11555,sess_001952,ADD_TO_CART,25,2026-07-22 02:47:02,11269.93
11556,sess_001952,PRODUCT_VIEW,35,2026-07-22 02:48:07,33955.92
11557,sess_001952,ADD_TO_CART,35,2026-07-22 02:48:36,33955.92
11558,sess_001952,CHECKOUT_START,37,2026-07-22 02:49:34,99876.52
11559,sess_001953,PRODUCT_VIEW,40,2026-07-17 00:51:07,17551.46
11560,sess_001953,ADD_TO_CART,40,2026-07-17 00:51:35,17551.46
11561,sess_001953,PRODUCT_VIEW,43,2026-07-17 00:51:58,24226.27
11562,sess_001953,ADD_TO_CART,43,2026-07-17 00:52:28,24226.27
11563,sess_001953,PRODUCT_VIEW,11,2026-07-17 00:53:14,6189.77
11564,sess_001953,ADD_TO_CART,11,2026-07-17 00:54:09,6189.77
11565,sess_001953,PRODUCT_VIEW,28,2026-07-17 00:54:47,470.42
11566,sess_001953,ADD_TO_CART,28,2026-07-17 00:55:37,470.42
11567,sess_001954,PRODUCT_VIEW,41,2026-08-01 15:39:07,30450.87
11568,sess_001954,ADD_TO_CART,41,2026-08-01 15:39:19,30450.87
11569,sess_001954,PRODUCT_VIEW,37,2026-08-01 15:40:07,30424.4
11570,sess_001954,ADD_TO_CART,37,2026-08-01 15:40:55,30424.4
11571,sess_001954,CHECKOUT_START,41,2026-08-01 15:42:13,60875.270000000004
11572,sess_001955,PRODUCT_VIEW,16,2026-08-01 21:53:07,1571.54
11573,sess_001955,ADD_TO_CART,16,2026-08-01 21:53:27,1571.54
11574,sess_001955,CHECKOUT_START,16,2026-08-01 21:53:59,1571.54
11575,sess_001956,PRODUCT_VIEW,9,2026-07-27 12:14:07,33952.76
11576,sess_001956,ADD_TO_CART,9,2026-07-27 12:14:38,33952.76
11577,sess_001956,CHECKOUT_START,9,2026-07-27 12:14:59,33952.76
11578,sess_001957,PRODUCT_VIEW,15,2026-07-17 23:22:07,6095.52
11579,sess_001957,ADD_TO_CART,15,2026-07-17 23:22:47,6095.52
11580,sess_001957,PRODUCT_VIEW,20,2026-07-17 23:23:18,7441.9
11581,sess_001957,ADD_TO_CART,20,2026-07-17 23:23:47,7441.9
11582,sess_001957,PRODUCT_VIEW,32,2026-07-17 23:25:19,5145.04
11583,sess_001957,ADD_TO_CART,32,2026-07-17 23:26:05,5145.04
11584,sess_001957,PRODUCT_VIEW,27,2026-07-17 23:27:33,34536.05
11585,sess_001957,ADD_TO_CART,27,2026-07-17 23:28:10,34536.05
11586,sess_001958,PRODUCT_VIEW,20,2026-07-16 00:36:07,7441.9
11587,sess_001958,ADD_TO_CART,20,2026-07-16 00:36:47,7441.9
11588,sess_001958,PRODUCT_VIEW,10,2026-07-16 00:37:55,8490.19
11589,sess_001958,ADD_TO_CART,10,2026-07-16 00:38:15,8490.19
11590,sess_001958,CHECKOUT_START,20,2026-07-16 00:38:54,15932.09
11591,sess_001959,PRODUCT_VIEW,37,2026-07-09 01:31:07,30424.4
11592,sess_001959,ADD_TO_CART,37,2026-07-09 01:31:43,30424.4
11593,sess_001959,PRODUCT_VIEW,44,2026-07-09 01:32:32,7783.14
11594,sess_001959,ADD_TO_CART,44,2026-07-09 01:33:20,7783.14
11595,sess_001959,CHECKOUT_START,37,2026-07-09 01:34:57,38207.54
11596,sess_001960,PRODUCT_VIEW,48,2026-08-01 05:38:07,34207.92
11597,sess_001960,ADD_TO_CART,48,2026-08-01 05:38:40,34207.92
11598,sess_001960,PRODUCT_VIEW,19,2026-08-01 05:39:55,20611.38
11599,sess_001960,ADD_TO_CART,19,2026-08-01 05:40:54,20611.38
11600,sess_001960,PRODUCT_VIEW,27,2026-08-01 05:42:01,34536.05
11601,sess_001960,ADD_TO_CART,27,2026-08-01 05:42:23,34536.05
11602,sess_001961,PRODUCT_VIEW,48,2026-08-03 21:31:07,34207.92
11603,sess_001961,ADD_TO_CART,48,2026-08-03 21:31:30,34207.92
11604,sess_001961,PRODUCT_VIEW,30,2026-08-03 21:32:38,16078.93
11605,sess_001961,ADD_TO_CART,30,2026-08-03 21:33:30,16078.93
11606,sess_001962,PRODUCT_VIEW,19,2026-07-13 08:53:07,20611.38
11607,sess_001962,ADD_TO_CART,19,2026-07-13 08:53:45,20611.38
11608,sess_001962,PRODUCT_VIEW,33,2026-07-13 08:54:39,10984.48
11609,sess_001962,ADD_TO_CART,33,2026-07-13 08:55:25,10984.48
11610,sess_001962,CHECKOUT_START,19,2026-07-13 08:56:12,31595.86
11611,sess_001962,PAYMENT_FAILURE,19,2026-07-13 08:57:20,31595.86
11612,sess_001962,PAYMENT_FAILURE,19,2026-07-13 08:57:54,31595.86
11613,sess_001962,PAYMENT_FAILURE,19,2026-07-13 08:58:51,31595.86
11614,sess_001963,PRODUCT_VIEW,36,2026-08-04 23:29:07,23638.97
11615,sess_001963,ADD_TO_CART,36,2026-08-04 23:29:42,23638.97
11616,sess_001963,PRODUCT_VIEW,34,2026-08-04 23:30:04,7303.52
11617,sess_001963,ADD_TO_CART,34,2026-08-04 23:31:01,7303.52
11618,sess_001963,PRODUCT_VIEW,28,2026-08-04 23:32:17,470.42
11619,sess_001963,ADD_TO_CART,28,2026-08-04 23:32:40,470.42
11620,sess_001964,PRODUCT_VIEW,40,2026-07-14 05:35:07,17551.46
11621,sess_001964,ADD_TO_CART,40,2026-07-14 05:35:34,17551.46
11622,sess_001964,PRODUCT_VIEW,24,2026-07-14 05:36:05,15990.76
11623,sess_001964,ADD_TO_CART,24,2026-07-14 05:36:45,15990.76
11624,sess_001964,PRODUCT_VIEW,41,2026-07-14 05:38:00,30450.87
11625,sess_001964,ADD_TO_CART,41,2026-07-14 05:39:00,30450.87
11626,sess_001964,CHECKOUT_START,40,2026-07-14 05:39:27,63993.09
11627,sess_001964,PAYMENT_FAILURE,40,2026-07-14 05:40:47,63993.09
11628,sess_001964,PAYMENT_FAILURE,40,2026-07-14 05:42:09,63993.09
11629,sess_001964,PAYMENT_FAILURE,40,2026-07-14 05:43:18,63993.09
11630,sess_001965,PRODUCT_VIEW,19,2026-07-25 14:38:07,20611.38
11631,sess_001965,ADD_TO_CART,19,2026-07-25 14:38:39,20611.38
11632,sess_001965,CHECKOUT_START,19,2026-07-25 14:40:01,20611.38
11633,sess_001966,PRODUCT_VIEW,45,2026-07-20 14:23:07,13966.49
11634,sess_001966,ADD_TO_CART,45,2026-07-20 14:23:51,13966.49
11635,sess_001966,PRODUCT_VIEW,15,2026-07-20 14:25:07,6095.52
11636,sess_001966,ADD_TO_CART,15,2026-07-20 14:26:06,6095.52
11637,sess_001966,CHECKOUT_START,45,2026-07-20 14:27:36,20062.010000000002
11638,sess_001967,PRODUCT_VIEW,36,2026-07-28 11:21:07,23638.97
11639,sess_001967,ADD_TO_CART,36,2026-07-28 11:21:29,23638.97
11640,sess_001968,PRODUCT_VIEW,18,2026-07-22 06:12:07,29592.56
11641,sess_001968,ADD_TO_CART,18,2026-07-22 06:12:19,29592.56
11642,sess_001968,PRODUCT_VIEW,16,2026-07-22 06:13:56,1571.54
11643,sess_001968,ADD_TO_CART,16,2026-07-22 06:14:31,1571.54
11644,sess_001968,PRODUCT_VIEW,17,2026-07-22 06:15:56,23333.68
11645,sess_001968,ADD_TO_CART,17,2026-07-22 06:16:26,23333.68
11646,sess_001968,PRODUCT_VIEW,23,2026-07-22 06:18:05,1664.26
11647,sess_001968,ADD_TO_CART,23,2026-07-22 06:18:28,1664.26
11648,sess_001969,PRODUCT_VIEW,26,2026-08-03 16:27:07,1741.62
11649,sess_001969,ADD_TO_CART,26,2026-08-03 16:27:27,1741.62
11650,sess_001969,PRODUCT_VIEW,39,2026-08-03 16:28:20,33078.06
11651,sess_001969,ADD_TO_CART,39,2026-08-03 16:28:44,33078.06
11652,sess_001969,PRODUCT_VIEW,41,2026-08-03 16:29:42,30450.87
11653,sess_001969,ADD_TO_CART,41,2026-08-03 16:30:41,30450.87
11654,sess_001969,CHECKOUT_START,26,2026-08-03 16:31:30,65270.55
11655,sess_001970,PRODUCT_VIEW,3,2026-08-04 18:15:07,15751.54
11656,sess_001970,ADD_TO_CART,3,2026-08-04 18:15:21,15751.54
11657,sess_001970,PRODUCT_VIEW,16,2026-08-04 18:15:41,1571.54
11658,sess_001970,ADD_TO_CART,16,2026-08-04 18:16:24,1571.54
11659,sess_001970,PRODUCT_VIEW,33,2026-08-04 18:17:53,10984.48
11660,sess_001970,ADD_TO_CART,33,2026-08-04 18:18:05,10984.48
11661,sess_001970,PRODUCT_VIEW,29,2026-08-04 18:18:51,22477.1
11662,sess_001970,ADD_TO_CART,29,2026-08-04 18:19:22,22477.1
11663,sess_001970,CHECKOUT_START,3,2026-08-04 18:20:21,50784.66
11664,sess_001971,PRODUCT_VIEW,17,2026-07-10 14:24:07,23333.68
11665,sess_001971,ADD_TO_CART,17,2026-07-10 14:24:44,23333.68
11666,sess_001971,PRODUCT_VIEW,29,2026-07-10 14:26:18,22477.1
11667,sess_001971,ADD_TO_CART,29,2026-07-10 14:26:35,22477.1
11668,sess_001971,PRODUCT_VIEW,18,2026-07-10 14:27:05,29592.56
11669,sess_001971,ADD_TO_CART,18,2026-07-10 14:27:42,29592.56
11670,sess_001971,PRODUCT_VIEW,30,2026-07-10 14:28:12,16078.93
11671,sess_001971,ADD_TO_CART,30,2026-07-10 14:28:33,16078.93
11672,sess_001971,CHECKOUT_START,17,2026-07-10 14:29:15,91482.26999999999
11673,sess_001972,PRODUCT_VIEW,23,2026-07-20 01:24:07,1664.26
11674,sess_001972,ADD_TO_CART,23,2026-07-20 01:25:02,1664.26
11675,sess_001972,PRODUCT_VIEW,36,2026-07-20 01:26:26,23638.97
11676,sess_001972,ADD_TO_CART,36,2026-07-20 01:27:21,23638.97
11677,sess_001972,PRODUCT_VIEW,27,2026-07-20 01:27:49,34536.05
11678,sess_001972,ADD_TO_CART,27,2026-07-20 01:28:39,34536.05
11679,sess_001973,PRODUCT_VIEW,14,2026-07-28 06:50:07,21714.55
11680,sess_001973,ADD_TO_CART,14,2026-07-28 06:50:25,21714.55
11681,sess_001973,PRODUCT_VIEW,24,2026-07-28 06:51:54,15990.76
11682,sess_001973,ADD_TO_CART,24,2026-07-28 06:52:30,15990.76
11683,sess_001974,PRODUCT_VIEW,38,2026-07-16 00:37:07,24333.81
11684,sess_001974,ADD_TO_CART,38,2026-07-16 00:38:07,24333.81
11685,sess_001974,PRODUCT_VIEW,22,2026-07-16 00:39:28,18731.11
11686,sess_001974,ADD_TO_CART,22,2026-07-16 00:39:50,18731.11
11687,sess_001974,CHECKOUT_START,38,2026-07-16 00:41:16,43064.92
11688,sess_001975,PRODUCT_VIEW,35,2026-07-29 12:33:07,33955.92
11689,sess_001975,ADD_TO_CART,35,2026-07-29 12:33:22,33955.92
11690,sess_001976,PRODUCT_VIEW,13,2026-07-29 03:53:07,15251.23
11691,sess_001976,ADD_TO_CART,13,2026-07-29 03:53:42,15251.23
11692,sess_001977,PRODUCT_VIEW,35,2026-08-04 04:59:07,33955.92
11693,sess_001977,ADD_TO_CART,35,2026-08-04 04:59:44,33955.92
11694,sess_001977,PRODUCT_VIEW,29,2026-08-04 05:01:07,22477.1
11695,sess_001977,ADD_TO_CART,29,2026-08-04 05:01:21,22477.1
11696,sess_001977,PRODUCT_VIEW,6,2026-08-04 05:02:42,33938.58
11697,sess_001977,ADD_TO_CART,6,2026-08-04 05:02:52,33938.58
11698,sess_001977,PRODUCT_VIEW,33,2026-08-04 05:04:20,10984.48
11699,sess_001977,ADD_TO_CART,33,2026-08-04 05:04:30,10984.48
11700,sess_001977,CHECKOUT_START,35,2026-08-04 05:05:29,101356.08
11701,sess_001978,PRODUCT_VIEW,39,2026-07-12 05:34:07,33078.06
11702,sess_001978,ADD_TO_CART,39,2026-07-12 05:34:44,33078.06
11703,sess_001978,CHECKOUT_START,39,2026-07-12 05:35:14,33078.06
11704,sess_001979,PRODUCT_VIEW,3,2026-07-14 17:59:07,15751.54
11705,sess_001979,ADD_TO_CART,3,2026-07-14 18:00:06,15751.54
11706,sess_001979,PRODUCT_VIEW,37,2026-07-14 18:00:59,30424.4
11707,sess_001979,ADD_TO_CART,37,2026-07-14 18:01:11,30424.4
11708,sess_001979,CHECKOUT_START,3,2026-07-14 18:01:37,46175.94
11709,sess_001979,PAYMENT_FAILURE,3,2026-07-14 18:03:07,46175.94
11710,sess_001979,PAYMENT_FAILURE,3,2026-07-14 18:04:29,46175.94
11711,sess_001979,PAYMENT_FAILURE,3,2026-07-14 18:05:12,46175.94
11712,sess_001980,PRODUCT_VIEW,10,2026-07-27 06:48:07,8490.19
11713,sess_001980,ADD_TO_CART,10,2026-07-27 06:48:51,8490.19
11714,sess_001980,PRODUCT_VIEW,46,2026-07-27 06:49:11,3997.88
11715,sess_001980,ADD_TO_CART,46,2026-07-27 06:49:45,3997.88
11716,sess_001980,PRODUCT_VIEW,29,2026-07-27 06:50:56,22477.1
11717,sess_001980,ADD_TO_CART,29,2026-07-27 06:51:12,22477.1
11718,sess_001980,PRODUCT_VIEW,17,2026-07-27 06:51:40,23333.68
11719,sess_001980,ADD_TO_CART,17,2026-07-27 06:52:34,23333.68
11720,sess_001980,CHECKOUT_START,10,2026-07-27 06:53:17,58298.85
11721,sess_001981,PRODUCT_VIEW,28,2026-07-31 22:36:07,470.42
11722,sess_001981,ADD_TO_CART,28,2026-07-31 22:36:37,470.42
11723,sess_001981,CHECKOUT_START,28,2026-07-31 22:37:59,470.42
11724,sess_001982,PRODUCT_VIEW,43,2026-07-25 22:59:07,24226.27
11725,sess_001982,ADD_TO_CART,43,2026-07-25 23:00:03,24226.27
11726,sess_001982,CHECKOUT_START,43,2026-07-25 23:00:39,24226.27
11727,sess_001982,PAYMENT_FAILURE,43,2026-07-25 23:02:04,24226.27
11728,sess_001983,PRODUCT_VIEW,38,2026-08-06 18:25:07,24333.81
11729,sess_001983,ADD_TO_CART,38,2026-08-06 18:25:44,24333.81
11730,sess_001983,PRODUCT_VIEW,47,2026-08-06 18:26:23,34979.66
11731,sess_001983,ADD_TO_CART,47,2026-08-06 18:26:47,34979.66
11732,sess_001983,PRODUCT_VIEW,9,2026-08-06 18:27:21,33952.76
11733,sess_001983,ADD_TO_CART,9,2026-08-06 18:28:21,33952.76
11734,sess_001983,PRODUCT_VIEW,4,2026-08-06 18:29:17,12764.76
11735,sess_001983,ADD_TO_CART,4,2026-08-06 18:30:09,12764.76
11736,sess_001984,PRODUCT_VIEW,19,2026-07-20 11:25:07,20611.38
11737,sess_001984,ADD_TO_CART,19,2026-07-20 11:25:39,20611.38
11738,sess_001984,CHECKOUT_START,19,2026-07-20 11:26:02,20611.38
11739,sess_001985,PRODUCT_VIEW,26,2026-08-06 17:13:07,1741.62
11740,sess_001985,ADD_TO_CART,26,2026-08-06 17:14:07,1741.62
11741,sess_001985,CHECKOUT_START,26,2026-08-06 17:15:02,1741.62
11742,sess_001986,PRODUCT_VIEW,7,2026-07-13 10:44:07,23088.42
11743,sess_001986,ADD_TO_CART,7,2026-07-13 10:44:52,23088.42
11744,sess_001986,PRODUCT_VIEW,17,2026-07-13 10:45:42,23333.68
11745,sess_001986,ADD_TO_CART,17,2026-07-13 10:46:09,23333.68
11746,sess_001986,PRODUCT_VIEW,3,2026-07-13 10:47:23,15751.54
11747,sess_001986,ADD_TO_CART,3,2026-07-13 10:48:09,15751.54
11748,sess_001986,PRODUCT_VIEW,50,2026-07-13 10:49:10,19975.03
11749,sess_001986,ADD_TO_CART,50,2026-07-13 10:49:36,19975.03
11750,sess_001986,CHECKOUT_START,7,2026-07-13 10:50:31,82148.67
11751,sess_001987,PRODUCT_VIEW,27,2026-07-20 01:25:07,34536.05
11752,sess_001987,ADD_TO_CART,27,2026-07-20 01:25:25,34536.05
11753,sess_001987,CHECKOUT_START,27,2026-07-20 01:26:43,34536.05
11754,sess_001988,PRODUCT_VIEW,32,2026-07-19 02:52:07,5145.04
11755,sess_001988,ADD_TO_CART,32,2026-07-19 02:52:33,5145.04
11756,sess_001988,CHECKOUT_START,32,2026-07-19 02:53:11,5145.04
11757,sess_001989,PRODUCT_VIEW,42,2026-07-19 02:10:07,1353.46
11758,sess_001989,ADD_TO_CART,42,2026-07-19 02:10:37,1353.46
11759,sess_001989,PRODUCT_VIEW,29,2026-07-19 02:11:21,22477.1
11760,sess_001989,ADD_TO_CART,29,2026-07-19 02:12:14,22477.1
11761,sess_001989,PRODUCT_VIEW,28,2026-07-19 02:13:54,470.42
11762,sess_001989,ADD_TO_CART,28,2026-07-19 02:14:38,470.42
11763,sess_001989,PRODUCT_VIEW,12,2026-07-19 02:15:34,11993.35
11764,sess_001989,ADD_TO_CART,12,2026-07-19 02:16:13,11993.35
11765,sess_001989,CHECKOUT_START,42,2026-07-19 02:17:24,36294.329999999994
11766,sess_001990,PRODUCT_VIEW,34,2026-08-06 21:21:07,7303.52
11767,sess_001990,ADD_TO_CART,34,2026-08-06 21:21:42,7303.52
11768,sess_001990,PRODUCT_VIEW,41,2026-08-06 21:22:17,30450.87
11769,sess_001990,ADD_TO_CART,41,2026-08-06 21:22:57,30450.87
11770,sess_001990,CHECKOUT_START,34,2026-08-06 21:23:54,37754.39
11771,sess_001991,PRODUCT_VIEW,39,2026-07-10 00:08:07,33078.06
11772,sess_001991,ADD_TO_CART,39,2026-07-10 00:08:41,33078.06
11773,sess_001991,PRODUCT_VIEW,29,2026-07-10 00:09:11,22477.1
11774,sess_001991,ADD_TO_CART,29,2026-07-10 00:09:28,22477.1
11775,sess_001991,CHECKOUT_START,39,2026-07-10 00:10:37,55555.159999999996
11776,sess_001992,PRODUCT_VIEW,26,2026-08-01 14:06:07,1741.62
11777,sess_001992,ADD_TO_CART,26,2026-08-01 14:06:57,1741.62
11778,sess_001992,PRODUCT_VIEW,36,2026-08-01 14:08:09,23638.97
11779,sess_001992,ADD_TO_CART,36,2026-08-01 14:08:49,23638.97
11780,sess_001992,PRODUCT_VIEW,39,2026-08-01 14:09:14,33078.06
11781,sess_001992,ADD_TO_CART,39,2026-08-01 14:09:31,33078.06
11782,sess_001992,CHECKOUT_START,26,2026-08-01 14:10:41,58458.649999999994
11783,sess_001993,PRODUCT_VIEW,24,2026-07-23 01:17:07,15990.76
11784,sess_001993,ADD_TO_CART,24,2026-07-23 01:17:48,15990.76
11785,sess_001993,CHECKOUT_START,24,2026-07-23 01:18:24,15990.76
11786,sess_001994,PRODUCT_VIEW,48,2026-08-02 17:42:07,34207.92
11787,sess_001994,ADD_TO_CART,48,2026-08-02 17:42:17,34207.92
11788,sess_001994,PRODUCT_VIEW,25,2026-08-02 17:43:43,11269.93
11789,sess_001994,ADD_TO_CART,25,2026-08-02 17:44:13,11269.93
11790,sess_001994,PRODUCT_VIEW,3,2026-08-02 17:45:39,15751.54
11791,sess_001994,ADD_TO_CART,3,2026-08-02 17:46:28,15751.54
11792,sess_001995,PRODUCT_VIEW,22,2026-07-27 22:42:07,18731.11
11793,sess_001995,ADD_TO_CART,22,2026-07-27 22:43:06,18731.11
11794,sess_001995,PRODUCT_VIEW,13,2026-07-27 22:43:37,15251.23
11795,sess_001995,ADD_TO_CART,13,2026-07-27 22:43:59,15251.23
11796,sess_001995,CHECKOUT_START,22,2026-07-27 22:44:34,33982.34
11797,sess_001995,PAYMENT_FAILURE,22,2026-07-27 22:45:36,33982.34
11798,sess_001996,PRODUCT_VIEW,16,2026-07-08 03:20:07,1571.54
11799,sess_001996,ADD_TO_CART,16,2026-07-08 03:20:25,1571.54
11800,sess_001996,PRODUCT_VIEW,10,2026-07-08 03:21:00,8490.19
11801,sess_001996,ADD_TO_CART,10,2026-07-08 03:21:10,8490.19
11802,sess_001996,CHECKOUT_START,16,2026-07-08 03:22:47,10061.73
11803,sess_001997,PRODUCT_VIEW,45,2026-07-15 16:54:07,13966.49
11804,sess_001997,ADD_TO_CART,45,2026-07-15 16:54:34,13966.49
11805,sess_001997,PRODUCT_VIEW,42,2026-07-15 16:54:57,1353.46
11806,sess_001997,ADD_TO_CART,42,2026-07-15 16:55:41,1353.46
11807,sess_001997,PRODUCT_VIEW,5,2026-07-15 16:57:03,5973.44
11808,sess_001997,ADD_TO_CART,5,2026-07-15 16:57:45,5973.44
11809,sess_001998,PRODUCT_VIEW,7,2026-07-12 08:11:07,23088.42
11810,sess_001998,ADD_TO_CART,7,2026-07-12 08:11:44,23088.42
11811,sess_001998,PRODUCT_VIEW,8,2026-07-12 08:13:11,27139.29
11812,sess_001998,ADD_TO_CART,8,2026-07-12 08:13:30,27139.29
11813,sess_001998,CHECKOUT_START,7,2026-07-12 08:14:19,50227.71
11814,sess_001999,PRODUCT_VIEW,20,2026-08-04 02:20:07,7441.9
11815,sess_001999,ADD_TO_CART,20,2026-08-04 02:20:43,7441.9
11816,sess_001999,PRODUCT_VIEW,11,2026-08-04 02:21:47,6189.77
11817,sess_001999,ADD_TO_CART,11,2026-08-04 02:22:26,6189.77
11818,sess_001999,CHECKOUT_START,20,2026-08-04 02:23:52,13631.67
11819,sess_002000,PRODUCT_VIEW,19,2026-07-28 12:17:07,20611.38
11820,sess_002000,ADD_TO_CART,19,2026-07-28 12:17:43,20611.38
11821,sess_002000,PRODUCT_VIEW,50,2026-07-28 12:18:30,19975.03
11822,sess_002000,ADD_TO_CART,50,2026-07-28 12:19:29,19975.03
11823,sess_002000,PRODUCT_VIEW,23,2026-07-28 12:20:27,1664.26
11824,sess_002000,ADD_TO_CART,23,2026-07-28 12:21:09,1664.26
11825,sess_002000,PRODUCT_VIEW,9,2026-07-28 12:22:35,33952.76
11826,sess_002000,ADD_TO_CART,9,2026-07-28 12:23:19,33952.76
